bf_id,uap_id,city,state_code,geohash_6,geohash_7_bf,geohash_7_uap,latitude_bf,longitude_bf,latitude_uap,longitude_uap,full_date_bf,full_date_uap,date_diff_days,year_bf,year_uap,distance_meters,proximity_score,proximity_rank
35596,57055,bailey,CO,9xhbpv,9xhbpve,9xhbpvt,39.40589,-105.475,39.4055556,-105.4727778,2012-05-29,2012-05-29,0,2012,2012,195.0,96.25,1.0
1036,6299,kernville,CA,9q7g3h,9q7g3hv,9q7g3hv,35.75472,-118.4244,35.7547222,-118.4244444,1994-08-01,1994-07-15,17,1994,1994,4.0,95.47,2.0
35596,57212,bailey,CO,9xhbpv,9xhbpve,9xhbpvt,39.40589,-105.475,39.4055556,-105.4727778,2012-05-29,2012-06-09,11,2012,2012,195.0,93.43,3.0
16823,33880,lake wales (?),FL,dhvyxr,dhvyxrr,dhvyxrn,27.9013,-81.58581,27.9011111,-81.5861111,2006-12-01,2006-11-05,26,2006,2006,36.0,92.68,4.0
8226,22463,arnold,CA,9qf3tk,9qf3tk1,9qf3tk5,38.25472,-120.3536,38.2555556,-120.35,2003-08-07,2003-07-20,18,2003,2003,328.0,89.43,5.0
3585,16869,monroe,WA,c2920x,c2920xb,c2920xb,47.85556,-121.9697,47.8555556,-121.9697222,2001-08-01,2001-06-15,47,2001,2001,2.0,88.56,6.0
6868,23580,pollock pines,CA,9qfk80,9qfk802,9qfk802,38.76139,-120.5856,38.7613889,-120.5855556,2003-08-17,2003-10-20,64,2003,2003,4.0,85.01,7.0
2779,3800,san diego,CA,9mudn5,9mudn59,9mudn59,32.71528,-117.1564,32.7152778,-117.1563889,1981-02-15,1981-05-01,75,1981,1981,1.0,82.94,8.0
7815,23666,russellville,AR,9ymb8w,9ymb8wn,9ymb8wn,35.27833,-93.13361,35.2783333,-93.1336111,2003-08-12,2003-10-29,78,2003,2003,0.0,82.39,9.0
1586,11649,gig harbor,WA,c22v68,c22v68h,c22v68h,47.32944,-122.5789,47.3294444,-122.5788889,1999-08-18,1999-06-01,78,1999,1999,1.0,82.38,10.0
4737,17329,chehalis,WA,c2293y,c2293yt,c2293yt,46.6622,-122.9627,46.6622222,-122.9627778,2001-05-13,2001-08-03,82,2001,2001,6.0,81.56,11.0
57013,65008,loveland,OH,dnup6s,dnup6se,dnup6s8,39.26903,-84.25986,39.2688889,-84.2638889,2013-10-12,2013-08-11,62,2013,2013,347.0,79.93,12.0
12587,4941,venice beach,FL,dhv65t,dhv65tn,dhv65tk,27.099,-82.454,27.0997222,-82.4577778,1988-08-01,1988-06-01,61,1988,1988,382.0,79.6,13.0
16823,35337,lake wales,FL,dhvyxr,dhvyxrr,dhvyxrn,27.9013,-81.58581,27.9011111,-81.5861111,2006-12-01,2007-04-02,122,2006,2007,36.0,74.41,14.0
17168,36064,grand bay,AL,dj3jms,dj3jmsp,dj3jmsp,30.47612,-88.34223,30.4761111,-88.3422222,2007-02-04,2007-06-23,139,2007,2007,1.0,72.41,15.0
10091,28424,joyce,WA,c281b7,c281b74,c281b7h,48.1368,-123.7349,48.1366667,-123.7327778,2004-10-11,2005-03-12,152,2004,2005,158.0,68.44,16.0
16823,32230,lake wales,FL,dhvyxr,dhvyxrr,dhvyxrn,27.9013,-81.58581,27.9011111,-81.5861111,2006-12-01,2006-05-06,209,2006,2006,36.0,63.13,17.0
28382,43627,lavalette,WV,dnv65b,dnv65by,dnv65b7,38.3248,-82.4438,38.3227778,-82.4469444,2008-10-15,2009-04-17,184,2008,2009,355.0,62.08,18.0
1586,13977,gig harbor,WA,c22v68,c22v68h,c22v68h,47.32944,-122.5789,47.3294444,-122.5788889,1999-08-18,2000-04-15,241,1999,2000,1.0,60.22,19.0
7815,25239,russellville,AR,9ymb8w,9ymb8wn,9ymb8wn,35.27833,-93.13361,35.2783333,-93.1336111,2003-08-12,2004-04-15,247,2003,2004,0.0,59.64,20.0
1586,14091,gig harbor,WA,c22v68,c22v68h,c22v68h,47.32944,-122.5789,47.3294444,-122.5788889,1999-08-18,2000-05-04,260,1999,2000,1.0,58.39,21.0
7804,27506,nevada city,CA,9qczq5,9qczq5w,9qczq5r,39.26361,-121.0161,39.2616667,-121.015,2004-01-04,2004-11-09,310,2004,2004,236.0,51.64,22.0
13345,32935,manchester,VT,drsj91,drsj91w,drsj91w,43.1635,-73.0723,43.1636111,-73.0727778,2005-08-25,2006-07-29,338,2005,2006,41.0,51.5,23.0
16823,37821,lake wales (area),FL,dhvyxr,dhvyxrr,dhvyxrn,27.9013,-81.58581,27.9011111,-81.5861111,2006-12-01,2007-11-17,351,2006,2007,36.0,50.61,24.0
16823,37830,lake wales,FL,dhvyxr,dhvyxrr,dhvyxrn,27.9013,-81.58581,27.9011111,-81.5861111,2006-12-01,2007-11-18,352,2006,2007,36.0,50.54,25.0
57013,61086,loveland,OH,dnup6s,dnup6se,dnup6s8,39.26903,-84.25986,39.2688889,-84.2638889,2013-10-12,2012-11-28,318,2013,2012,347.0,49.97,26.0
3585,20054,monroe,WA,c2920x,c2920xb,c2920xb,47.85556,-121.9697,47.8555556,-121.9697222,2001-08-01,2002-08-15,379,2001,2002,2.0,49.04,27.0
16823,38089,lake wales,FL,dhvyxr,dhvyxrr,dhvyxrn,27.9013,-81.58581,27.9011111,-81.5861111,2006-12-01,2007-12-15,379,2006,2007,36.0,48.71,28.0
3585,20147,monroe,WA,c2920x,c2920xb,c2920xb,47.85556,-121.9697,47.8555556,-121.9697222,2001-08-01,2002-08-23,387,2001,2002,2.0,48.52,29.0
57013,60535,loveland,OH,dnup6s,dnup6se,dnup6s8,39.26903,-84.25986,39.2688889,-84.2638889,2013-10-12,2012-11-04,342,2013,2012,347.0,48.28,30.0
57013,60470,loveland,OH,dnup6s,dnup6se,dnup6s8,39.26903,-84.25986,39.2688889,-84.2638889,2013-10-12,2012-11-02,344,2013,2012,347.0,48.14,31.0
4403,2242,maple valley,WA,c23jwy,c23jwyp,c23jwyp,47.40667,-122.0375,47.4066667,-122.0375,1975-07-31,1974-07-01,395,1975,1974,0.0,48.03,32.0
5742,31333,mounds,IL,dn8e4k,dn8e4k2,dn8e4k2,37.1142,-89.1979,37.1141667,-89.1977778,2004-11-27,2005-12-29,397,2004,2005,11.0,47.8,33.0
7815,27072,russellville,AR,9ymb8w,9ymb8wn,9ymb8wn,35.27833,-93.13361,35.2783333,-93.1336111,2003-08-12,2004-10-04,419,2003,2004,0.0,46.56,34.0
28382,45919,lavalette,WV,dnv65b,dnv65by,dnv65b7,38.3248,-82.4438,38.3227778,-82.4469444,2008-10-15,2009-10-25,375,2008,2009,355.0,46.05,35.0
12655,34773,ashford,WA,c234p0,c234p0h,c234p0h,46.75861,-122.0297,46.7586111,-122.0297222,2005-11-02,2007-01-25,449,2005,2007,2.0,44.82,36.0
7815,27454,russellville,AR,9ymb8w,9ymb8wn,9ymb8wn,35.27833,-93.13361,35.2783333,-93.1336111,2003-08-12,2004-11-05,451,2003,2004,0.0,44.73,37.0
51044,69842,panama city beach,FL,dj6gxm,dj6gxmq,dj6gxmq,30.1766,-85.8055,30.1763889,-85.8055556,2015-07-14,2014-04-12,458,2015,2014,24.0,44.14,38.0
51044,69778,panama city beach,FL,dj6gxm,dj6gxmq,dj6gxmq,30.1766,-85.8055,30.1763889,-85.8055556,2015-07-14,2014-04-09,461,2015,2014,24.0,43.98,39.0
2779,3533,san diego,CA,9mudn5,9mudn59,9mudn59,32.71528,-117.1564,32.7152778,-117.1563889,1981-02-15,1979-10-10,494,1981,1979,1.0,42.48,40.0
3683,5437,redding,CA,9r0yyu,9r0yyut,9r0yyut,40.58667,-122.3906,40.5866667,-122.3905556,1992-01-01,1990-08-23,496,1992,1990,4.0,42.36,41.0
147,18147,south lake tahoe,CA,9qftmx,9qftmxw,9qftmxw,38.93333,-119.9833,38.9333333,-119.9833333,2000-06-15,2001-11-12,515,2000,2001,3.0,41.45,42.0
14154,36769,hartsville,SC,dnp59c,dnp59ce,dnp59cs,34.374,-80.074,34.3738889,-80.0736111,2006-03-13,2007-08-20,525,2006,2007,38.0,40.7,43.0
57013,57397,loveland,OH,dnup6s,dnup6se,dnup6s8,39.26903,-84.25986,39.2688889,-84.2638889,2013-10-12,2012-06-18,481,2013,2012,347.0,40.34,44.0
1975,19848,loudon,NH,drtnjx,drtnjxy,drtnjxy,43.28556,-71.46778,43.2855556,-71.4677778,2001-01-10,2002-07-30,566,2001,2002,1.0,39.2,45.0
16823,28891,lake wales,FL,dhvyxr,dhvyxrr,dhvyxrn,27.9013,-81.58581,27.9011111,-81.5861111,2006-12-01,2005-05-12,568,2006,2005,36.0,38.84,46.0
2255,12333,alturas,CA,9r6k10,9r6k108,9r6k108,41.48722,-120.5414,41.4872222,-120.5413889,2001-03-30,1999-09-01,576,2001,1999,1.0,38.78,47.0
2255,12334,alturas,CA,9r6k10,9r6k108,9r6k108,41.48722,-120.5414,41.4872222,-120.5413889,2001-03-30,1999-09-01,576,2001,1999,1.0,38.78,47.0
147,10777,south lake tahoe (meyers),CA,9qftmx,9qftmxw,9qftmxw,38.93333,-119.9833,38.9333333,-119.9833333,2000-06-15,1998-11-17,576,2000,1998,3.0,38.77,48.0
14154,37332,hartsville,SC,dnp59c,dnp59ce,dnp59cs,34.374,-80.074,34.3738889,-80.0736111,2006-03-13,2007-10-08,574,2006,2007,38.0,38.58,49.0
51044,67594,panama city beach,FL,dj6gxm,dj6gxmq,dj6gxmq,30.1766,-85.8055,30.1763889,-85.8055556,2015-07-14,2013-12-06,585,2015,2013,24.0,38.24,50.0
35596,49977,bailey,CO,9xhbpv,9xhbpve,9xhbpvt,39.40589,-105.475,39.4055556,-105.4727778,2012-05-29,2010-11-21,555,2012,2010,195.0,38.18,51.0
51044,66942,panama city beach,FL,dj6gxm,dj6gxmq,dj6gxmq,30.1766,-85.8055,30.1763889,-85.8055556,2015-07-14,2013-11-05,616,2015,2013,24.0,37.03,52.0
16823,40794,lake wales,FL,dhvyxr,dhvyxrr,dhvyxrn,27.9013,-81.58581,27.9011111,-81.5861111,2006-12-01,2008-08-07,615,2006,2008,36.0,36.98,53.0
21714,43439,montevallo,AL,djfhr3,djfhr3w,djfhr3g,33.1,-86.86,33.1005556,-86.8641667,2007-09-12,2009-03-24,559,2007,2009,393.0,36.62,54.0
4808,25420,concrete,WA,c29kjs,c29kjs7,c29kjs7,48.53944,-121.745,48.5394444,-121.745,2002-08-04,2004-05-05,640,2002,2004,0.0,36.32,55.0
1586,9364,gig harbor,WA,c22v68,c22v68h,c22v68h,47.32944,-122.5789,47.3294444,-122.5788889,1999-08-18,1997-11-14,642,1999,1997,1.0,36.24,56.0
1586,9301,gig harbor,WA,c22v68,c22v68h,c22v68h,47.32944,-122.5789,47.3294444,-122.5788889,1999-08-18,1997-10-20,667,1999,1997,1.0,35.36,57.0
3585,22059,monroe,WA,c2920x,c2920xb,c2920xb,47.85556,-121.9697,47.8555556,-121.9697222,2001-08-01,2003-06-06,674,2001,2003,2.0,35.12,58.0
16823,28045,lake wales (east of),FL,dhvyxr,dhvyxrr,dhvyxrn,27.9013,-81.58581,27.9011111,-81.5861111,2006-12-01,2005-01-25,675,2006,2005,36.0,34.85,59.0
16823,28040,lake wales (east of),FL,dhvyxr,dhvyxrr,dhvyxrn,27.9013,-81.58581,27.9011111,-81.5861111,2006-12-01,2005-01-24,676,2006,2005,36.0,34.81,60.0
16823,28041,lake wales (east of ),FL,dhvyxr,dhvyxrr,dhvyxrn,27.9013,-81.58581,27.9011111,-81.5861111,2006-12-01,2005-01-24,676,2006,2005,36.0,34.81,60.0
4808,26195,concrete,WA,c29kjs,c29kjs7,c29kjs7,48.53944,-121.745,48.5394444,-121.745,2002-08-04,2004-07-19,715,2002,2004,0.0,33.8,61.0
4885,14801,nevada city,CA,9qczq5,9qczq5r,9qczq5r,39.26167,-121.015,39.2616667,-121.015,2002-08-01,2000-08-14,717,2002,2000,0.0,33.73,62.0
4885,14800,nevada city,CA,9qczq5,9qczq5r,9qczq5r,39.26167,-121.015,39.2616667,-121.015,2002-08-01,2000-08-13,718,2002,2000,0.0,33.7,63.0
57013,54967,loveland,OH,dnup6s,dnup6se,dnup6s8,39.26903,-84.25986,39.2688889,-84.2638889,2013-10-12,2012-01-01,650,2013,2012,347.0,33.63,64.0
51044,64506,panama city beach,FL,dj6gxm,dj6gxmq,dj6gxmq,30.1766,-85.8055,30.1763889,-85.8055556,2015-07-14,2013-07-18,726,2015,2013,24.0,33.3,65.0
3683,6143,redding,CA,9r0yyu,9r0yyut,9r0yyut,40.58667,-122.3906,40.5866667,-122.3905556,1992-01-01,1994-01-01,731,1992,1994,4.0,33.28,66.0
6724,2783,cave junction,OR,9r2pf7,9r2pf7d,9r2pf7e,42.16298,-123.6481,42.1630556,-123.6469444,1978-07-01,1976-07-16,715,1978,1976,96.0,33.16,67.0
1586,17600,gig harbor,WA,c22v68,c22v68h,c22v68h,47.32944,-122.5789,47.3294444,-122.5788889,1999-08-18,2001-09-01,745,1999,2001,1.0,32.88,68.0
6724,3652,cave junction (outside of),OR,9r2pf7,9r2pf7d,9r2pf7e,42.16298,-123.6481,42.1630556,-123.6469444,1978-07-01,1980-06-25,725,1978,1980,96.0,32.86,69.0
3585,22789,monroe,WA,c2920x,c2920xb,c2920xb,47.85556,-121.9697,47.8555556,-121.9697222,2001-08-01,2003-08-24,753,2001,2003,2.0,32.63,70.0
3585,22787,monroe,WA,c2920x,c2920xb,c2920xb,47.85556,-121.9697,47.8555556,-121.9697222,2001-08-01,2003-08-24,753,2001,2003,2.0,32.63,70.0
3766,22694,seaside,OR,c0pvsh,c0pvshg,c0pvshg,45.99378,-123.9211,45.9933333,-123.9213889,2001-08-03,2003-08-16,743,2001,2003,54.0,32.59,71.0
57013,54428,loveland,OH,dnup6s,dnup6se,dnup6s8,39.26903,-84.25986,39.2688889,-84.2638889,2013-10-12,2011-11-25,687,2013,2011,347.0,32.44,72.0
9842,18020,amherst,VA,dnxvc4,dnxvc4h,dnxvc4h,37.585,-79.052,37.585,-79.0516667,2003-12-07,2001-10-25,773,2003,2001,29.0,31.89,73.0
51044,63308,panama city beach,FL,dj6gxm,dj6gxmq,dj6gxmq,30.1766,-85.8055,30.1763889,-85.8055556,2015-07-14,2013-05-26,779,2015,2013,24.0,31.75,74.0
10919,2901,jacksonville,AR,9ynqrg,9ynqrgb,9ynqrgp,34.87,-92.12,34.8661111,-92.11,1975-09-15,1977-05-01,594,1975,1977,1010.0,31.66,75.0
7303,31458,dickens,TX,9vbr32,9vbr32t,9vbr32t,33.62167,-100.8361,33.6216667,-100.8361111,2003-11-06,2006-01-21,807,2003,2006,1.0,31.14,76.0
12655,22667,ashford,WA,c234p0,c234p0h,c234p0h,46.75861,-122.0297,46.7586111,-122.0297222,2005-11-02,2003-08-15,810,2005,2003,2.0,31.05,77.0
4885,27506,nevada city,CA,9qczq5,9qczq5r,9qczq5r,39.26167,-121.015,39.2616667,-121.015,2002-08-01,2004-11-09,831,2002,2004,0.0,30.52,78.0
51044,62644,panama city beach,FL,dj6gxm,dj6gxmq,dj6gxmq,30.1766,-85.8055,30.1763889,-85.8055556,2015-07-14,2013-04-06,829,2015,2013,24.0,30.42,79.0
2779,4110,san diego,CA,9mudn5,9mudn59,9mudn59,32.71528,-117.1564,32.7152778,-117.1563889,1981-02-15,1983-06-01,836,1981,1983,1.0,30.39,80.0
4094,5754,benton,AR,9ynhth,9ynhthk,9ynhthk,34.56444,-92.58667,34.5644444,-92.5866667,1994-10-15,1992-06-02,865,1994,1992,1.0,29.67,81.0
2779,4137,san diego,CA,9mudn5,9mudn59,9mudn59,32.71528,-117.1564,32.7152778,-117.1563889,1981-02-15,1983-06-30,865,1981,1983,1.0,29.67,81.0
7804,31995,nevada city,CA,9qczq5,9qczq5w,9qczq5r,39.26361,-121.0161,39.2616667,-121.015,2004-01-04,2006-04-07,824,2004,2006,236.0,29.31,82.0
3585,24339,monroe,WA,c2920x,c2920xb,c2920xb,47.85556,-121.9697,47.8555556,-121.9697222,2001-08-01,2003-12-29,880,2001,2003,2.0,29.31,82.0
6746,3657,south lake tahoe,CA,9qftmx,9qftmxw,9qftmxw,38.93333,-119.9833,38.9333333,-119.9833333,1983-01-01,1980-06-30,915,1983,1980,3.0,28.5,83.0
12655,39636,ashford,WA,c234p0,c234p0h,c234p0h,46.75861,-122.0297,46.7586111,-122.0297222,2005-11-02,2008-05-08,918,2005,2008,2.0,28.44,84.0
2779,3267,san diego,CA,9mudn5,9mudn59,9mudn59,32.71528,-117.1564,32.7152778,-117.1563889,1981-02-15,1978-08-10,920,1981,1978,1.0,28.4,85.0
57013,51715,loveland,OH,dnup6s,dnup6se,dnup6s8,39.26903,-84.25986,39.2688889,-84.2638889,2013-10-12,2011-06-15,850,2013,2011,347.0,28.09,86.0
1584,9147,roy,WA,c22g7s,c22g7sf,c22g7sf,47.00444,-122.5386,47.0044444,-122.5386111,2000-03-13,1997-08-15,941,2000,1997,1.0,27.94,87.0
919,10777,south lake tahoe (meyers),CA,9qftmx,9qftmxw,9qftmxw,38.93333,-119.9833,38.9333333,-119.9833333,1996-04-10,1998-11-17,951,1996,1998,3.0,27.72,88.0
2779,3215,san diego,CA,9mudn5,9mudn59,9mudn59,32.71528,-117.1564,32.7152778,-117.1563889,1981-02-15,1978-07-04,957,1981,1978,1.0,27.6,89.0
9842,16558,amherst,VA,dnxvc4,dnxvc4h,dnxvc4h,37.585,-79.052,37.585,-79.0516667,2003-12-07,2001-04-28,953,2003,2001,29.0,27.53,90.0
51044,61031,panama city beach,FL,dj6gxm,dj6gxmq,dj6gxmq,30.1766,-85.8055,30.1763889,-85.8055556,2015-07-14,2012-11-24,962,2015,2012,24.0,27.37,91.0
7815,15639,russellville,AR,9ymb8w,9ymb8wn,9ymb8wn,35.27833,-93.13361,35.2783333,-93.1336111,2003-08-12,2000-12-10,975,2003,2000,0.0,27.24,92.0
4737,24575,chehalis,WA,c2293y,c2293yt,c2293yt,46.6622,-122.9627,46.6622222,-122.9627778,2001-05-13,2004-01-30,992,2001,2004,6.0,26.87,93.0
1586,19183,gig harbor,WA,c22v68,c22v68h,c22v68h,47.32944,-122.5789,47.3294444,-122.5788889,1999-08-18,2002-05-08,994,1999,2002,1.0,26.85,94.0
3585,10712,monroe,WA,c2920x,c2920xb,c2920xb,47.85556,-121.9697,47.8555556,-121.9697222,2001-08-01,1998-11-06,999,2001,1998,2.0,26.75,95.0
24646,24275,hayneville,AL,djdrjf,djdrjfc,djdrjff,32.184,-86.581,32.1838889,-86.5802778,2001-04-13,2003-12-23,984,2001,2003,69.0,26.69,96.0
16823,24871,lake wales,FL,dhvyxr,dhvyxrr,dhvyxrn,27.9013,-81.58581,27.9011111,-81.5861111,2006-12-01,2004-03-07,999,2006,2004,36.0,26.57,97.0
6868,15464,pollock pines,CA,9qfk80,9qfk802,9qfk802,38.76139,-120.5856,38.7613889,-120.5855556,2003-08-17,2000-11-11,1009,2003,2000,4.0,26.54,98.0
2779,3135,san diego,CA,9mudn5,9mudn59,9mudn59,32.71528,-117.1564,32.7152778,-117.1563889,1981-02-15,1978-05-10,1012,1981,1978,1.0,26.5,99.0
5260,1939,crescent city,CA,9prtt9,9prtt9r,9prtt9r,41.75611,-124.2006,41.7561111,-124.2005556,1975-09-01,1972-11-01,1034,1975,1972,4.0,26.07,100.0
14154,42537,hartsville,SC,dnp59c,dnp59ce,dnp59cs,34.374,-80.074,34.3738889,-80.0736111,2006-03-13,2009-01-01,1025,2006,2009,38.0,26.06,101.0
14154,42578,hartsville,SC,dnp59c,dnp59ce,dnp59cs,34.374,-80.074,34.3738889,-80.0736111,2006-03-13,2009-01-05,1029,2006,2009,38.0,25.99,102.0
3585,10484,monroe,WA,c2920x,c2920xb,c2920xb,47.85556,-121.9697,47.8555556,-121.9697222,2001-08-01,1998-09-25,1041,2001,1998,2.0,25.95,103.0
25625,53765,cibecue (west of),AZ,9w13tv,9w13tvh,9w13tve,34.0425,-110.4829,34.0447222,-110.4847222,2009-02-20,2011-10-15,967,2009,2011,299.0,25.86,104.0
4403,1923,maple valley,WA,c23jwy,c23jwyp,c23jwyp,47.40667,-122.0375,47.4066667,-122.0375,1975-07-31,1972-09-15,1049,1975,1972,0.0,25.81,105.0
10653,1777,puyallup,WA,c23h3j,c23h3jv,c23h3jv,47.18556,-122.2917,47.1855556,-122.2916667,1974-06-27,1971-07-25,1068,1974,1971,3.0,25.46,106.0
1777,21682,morton,WA,c230ce,c230ced,c230ced,46.55861,-122.2739,46.5586111,-122.2738889,2000-04-15,2003-03-23,1072,2000,2003,1.0,25.4,107.0
1777,21683,morton,WA,c230ce,c230ced,c230ced,46.55861,-122.2739,46.5586111,-122.2738889,2000-04-15,2003-03-23,1072,2000,2003,1.0,25.4,107.0
3766,10329,seaside,OR,c0pvsh,c0pvshg,c0pvshg,45.99378,-123.9211,45.9933333,-123.9213889,2001-08-03,1998-09-01,1067,2001,1998,54.0,25.22,108.0
7815,14864,russellville,AR,9ymb8w,9ymb8wn,9ymb8wn,35.27833,-93.13361,35.2783333,-93.1336111,2003-08-12,2000-08-20,1087,2003,2000,0.0,25.14,109.0
31488,7555,pilot rock,OR,c256xz,c256xzy,c256xzz,45.48318,-118.83,45.4833333,-118.8288889,1998-10-15,1995-11-08,1072,1998,1995,88.0,24.96,110.0
337,9147,roy,WA,c22g7s,c22g7sf,c22g7sf,47.0044,-122.5386,47.0044444,-122.5386111,2000-08-16,1997-08-15,1097,2000,1997,5.0,24.94,111.0
7815,33107,russellville,AR,9ymb8w,9ymb8wn,9ymb8wn,35.27833,-93.13361,35.2783333,-93.1336111,2003-08-12,2006-08-15,1099,2003,2006,0.0,24.93,112.0
16823,46242,lake wales,FL,dhvyxr,dhvyxrr,dhvyxrn,27.9013,-81.58581,27.9011111,-81.5861111,2006-12-01,2009-12-01,1096,2006,2009,36.0,24.8,113.0
337,22901,roy,WA,c22g7s,c22g7sf,c22g7sf,47.0044,-122.5386,47.0044444,-122.5386111,2000-08-16,2003-08-31,1110,2000,2003,5.0,24.72,114.0
10776,17989,pilot mountain (near),NC,dnqybz,dnqybzk,dnqybzg,36.38287,-80.46865,36.3863889,-80.4697222,1999-01-16,2001-10-18,1006,1999,2001,403.0,24.64,115.0
3683,6643,redding,CA,9r0yyu,9r0yyut,9r0yyut,40.58667,-122.3906,40.5866667,-122.3905556,1992-01-01,1995-02-20,1146,1992,1995,4.0,24.14,116.0
3683,6658,redding,CA,9r0yyu,9r0yyut,9r0yyut,40.58667,-122.3906,40.5866667,-122.3905556,1992-01-01,1995-02-23,1149,1992,1995,4.0,24.09,117.0
1777,8375,morton,WA,c230ce,c230ced,c230ced,46.55861,-122.2739,46.5586111,-122.2738889,2000-04-15,1996-12-17,1215,2000,1996,1.0,23.1,118.0
51044,55850,panama city beach,FL,dj6gxm,dj6gxmq,dj6gxmq,30.1766,-85.8055,30.1763889,-85.8055556,2015-07-14,2012-03-08,1223,2015,2012,24.0,22.88,119.0
13345,42836,manchester,VT,drsj91,drsj91w,drsj91w,43.1635,-73.0723,43.1636111,-73.0727778,2005-08-25,2009-01-24,1248,2005,2009,41.0,22.44,120.0
1584,22901,roy,WA,c22g7s,c22g7sf,c22g7sf,47.00444,-122.5386,47.0044444,-122.5386111,2000-03-13,2003-08-31,1266,2000,2003,1.0,22.37,121.0
6868,13611,pollock pines,CA,9qfk80,9qfk802,9qfk802,38.76139,-120.5856,38.7613889,-120.5855556,2003-08-17,2000-02-05,1289,2003,2000,4.0,22.05,122.0
3683,7149,redding,CA,9r0yyu,9r0yyut,9r0yyut,40.58667,-122.3906,40.5866667,-122.3905556,1992-01-01,1995-07-22,1298,1992,1995,4.0,21.93,123.0
3585,28336,monroe,WA,c2920x,c2920xb,c2920xb,47.85556,-121.9697,47.8555556,-121.9697222,2001-08-01,2005-03-03,1310,2001,2005,2.0,21.78,124.0
7804,14801,nevada city,CA,9qczq5,9qczq5w,9qczq5r,39.26361,-121.0161,39.2616667,-121.015,2004-01-04,2000-08-14,1238,2004,2000,236.0,21.74,125.0
7804,14800,nevada city,CA,9qczq5,9qczq5w,9qczq5r,39.26361,-121.0161,39.2616667,-121.015,2004-01-04,2000-08-13,1239,2004,2000,236.0,21.73,126.0
2779,2958,san diego,CA,9mudn5,9mudn59,9mudn59,32.71528,-117.1564,32.7152778,-117.1563889,1981-02-15,1977-06-15,1341,1981,1977,1.0,21.39,127.0
4885,31995,nevada city,CA,9qczq5,9qczq5r,9qczq5r,39.26167,-121.015,39.2616667,-121.015,2002-08-01,2006-04-07,1345,2002,2006,0.0,21.35,128.0
4737,28140,chehalis,WA,c2293y,c2293yt,c2293yt,46.6622,-122.9627,46.6622222,-122.9627778,2001-05-13,2005-02-08,1367,2001,2005,6.0,21.05,129.0
14154,19445,hartsville,SC,dnp59c,dnp59ce,dnp59cs,34.374,-80.074,34.3738889,-80.0736111,2006-03-13,2002-06-15,1367,2006,2002,38.0,20.91,130.0
147,25217,south lake tahoe,CA,9qftmx,9qftmxw,9qftmxw,38.93333,-119.9833,38.9333333,-119.9833333,2000-06-15,2004-04-11,1396,2000,2004,3.0,20.71,131.0
3683,7598,redding,CA,9r0yyu,9r0yyut,9r0yyut,40.58667,-122.3906,40.5866667,-122.3905556,1992-01-01,1995-11-19,1418,1992,1995,4.0,20.45,132.0
3683,7601,redding,CA,9r0yyu,9r0yyut,9r0yyut,40.58667,-122.3906,40.5866667,-122.3905556,1992-01-01,1995-11-19,1418,1992,1995,4.0,20.45,132.0
3683,7625,redding,CA,9r0yyu,9r0yyut,9r0yyut,40.58667,-122.3906,40.5866667,-122.3905556,1992-01-01,1995-11-29,1428,1992,1995,4.0,20.34,133.0
1586,22481,gig harbor,WA,c22v68,c22v68h,c22v68h,47.32944,-122.5789,47.3294444,-122.5788889,1999-08-18,2003-07-23,1435,1999,2003,1.0,20.27,134.0
2255,28370,alturas,CA,9r6k10,9r6k108,9r6k108,41.48722,-120.5414,41.4872222,-120.5413889,2001-03-30,2005-03-07,1438,2001,2005,1.0,20.24,135.0
6868,12459,pollock pines,CA,9qfk80,9qfk802,9qfk802,38.76139,-120.5856,38.7613889,-120.5855556,2003-08-17,1999-09-10,1437,2003,1999,4.0,20.24,135.0
2255,28371,alturas,CA,9r6k10,9r6k108,9r6k108,41.48722,-120.5414,41.4872222,-120.5413889,2001-03-30,2005-03-07,1438,2001,2005,1.0,20.24,135.0
4760,10827,kenton,OH,dphx1r,dphx1r5,dphx1rt,40.6445,-83.6118,40.6469444,-83.6097222,2002-07-18,1998-11-24,1332,2002,1998,323.0,20.2,136.0
4760,10826,kenton,OH,dphx1r,dphx1r5,dphx1rt,40.6445,-83.6118,40.6469444,-83.6097222,2002-07-18,1998-11-24,1332,2002,1998,323.0,20.2,136.0
5260,1797,crescent city,CA,9prtt9,9prtt9r,9prtt9r,41.75611,-124.2006,41.7561111,-124.2005556,1975-09-01,1971-09-15,1447,1975,1971,4.0,20.13,137.0
5321,21480,kingston,MI,dpsygp,dpsygp3,dpsygp3,43.41444,-83.18583,43.4144444,-83.1858333,1999-02-15,2003-02-13,1459,1999,2003,1.0,20.01,138.0
1586,7241,gig harbor,WA,c22v68,c22v68h,c22v68h,47.32944,-122.5789,47.3294444,-122.5788889,1999-08-18,1995-08-13,1466,1999,1995,1.0,19.93,139.0
7815,36759,russellville,AR,9ymb8w,9ymb8wn,9ymb8wn,35.27833,-93.13361,35.2783333,-93.1336111,2003-08-12,2007-08-20,1469,2003,2007,0.0,19.9,140.0
3683,7708,redding,CA,9r0yyu,9r0yyut,9r0yyut,40.58667,-122.3906,40.5866667,-122.3905556,1992-01-01,1996-01-22,1482,1992,1996,4.0,19.75,141.0
3683,7712,redding,CA,9r0yyu,9r0yyut,9r0yyut,40.58667,-122.3906,40.5866667,-122.3905556,1992-01-01,1996-01-25,1485,1992,1996,4.0,19.71,142.0
13298,45831,quincy,FL,dj7y52,dj7y520,dj7y520,30.587,-84.583,30.5869444,-84.5833333,2005-09-18,2009-10-15,1488,2005,2009,32.0,19.57,143.0
3683,7729,redding,CA,9r0yyu,9r0yyut,9r0yyut,40.58667,-122.3906,40.5866667,-122.3905556,1992-01-01,1996-02-08,1499,1992,1996,4.0,19.57,143.0
2255,8434,alturas,CA,9r6k10,9r6k108,9r6k108,41.48722,-120.5414,41.4872222,-120.5413889,2001-03-30,1997-01-15,1535,2001,1997,1.0,19.21,144.0
3683,7837,redding,CA,9r0yyu,9r0yyut,9r0yyut,40.58667,-122.3906,40.5866667,-122.3905556,1992-01-01,1996-04-05,1556,1992,1996,4.0,18.99,145.0
3683,7880,redding,CA,9r0yyu,9r0yyut,9r0yyut,40.58667,-122.3906,40.5866667,-122.3905556,1992-01-01,1996-04-20,1571,1992,1996,4.0,18.84,146.0
57013,45744,loveland,OH,dnup6s,dnup6se,dnup6s8,39.26903,-84.25986,39.2688889,-84.2638889,2013-10-12,2009-10-05,1468,2013,2009,347.0,18.62,147.0
2779,4441,san diego,CA,9mudn5,9mudn59,9mudn59,32.71528,-117.1564,32.7152778,-117.1563889,1981-02-15,1985-06-30,1596,1981,1985,1.0,18.61,148.0
3585,31298,monroe,WA,c2920x,c2920xb,c2920xb,47.85556,-121.9697,47.8555556,-121.9697222,2001-08-01,2005-12-24,1606,2001,2005,2.0,18.51,149.0
6992,39006,north fort myers,FL,dhtz8y,dhtz8yg,dhtz8y8,26.6685,-81.8768,26.6669444,-81.8802778,2004-02-17,2008-03-11,1484,2004,2008,386.0,18.33,150.0
4737,31191,chehalis,WA,c2293y,c2293yt,c2293yt,46.6622,-122.9627,46.6622222,-122.9627778,2001-05-13,2005-12-08,1670,2001,2005,6.0,17.91,151.0
3683,4756,redding,CA,9r0yyu,9r0yyut,9r0yyut,40.58667,-122.3906,40.5866667,-122.3905556,1992-01-01,1987-06-01,1675,1992,1987,4.0,17.88,152.0
2779,2758,san diego,CA,9mudn5,9mudn59,9mudn59,32.71528,-117.1564,32.7152778,-117.1563889,1981-02-15,1976-07-02,1689,1981,1976,1.0,17.77,153.0
2779,2756,san diego,CA,9mudn5,9mudn59,9mudn59,32.71528,-117.1564,32.7152778,-117.1563889,1981-02-15,1976-07-01,1690,1981,1976,1.0,17.76,154.0
1586,6487,gig harbor,WA,c22v68,c22v68h,c22v68h,47.32944,-122.5789,47.3294444,-122.5788889,1999-08-18,1994-12-31,1691,1999,1994,1.0,17.75,155.0
2779,2705,san diego,CA,9mudn5,9mudn59,9mudn59,32.71528,-117.1564,32.7152778,-117.1563889,1981-02-15,1976-06-06,1715,1981,1976,1.0,17.54,156.0
1584,7025,roy (near),WA,c22g7s,c22g7sf,c22g7sf,47.00444,-122.5386,47.0044444,-122.5386111,2000-03-13,1995-06-15,1733,2000,1995,1.0,17.39,157.0
1637,13798,mountain home (3 miles so. of mo in center of ar),AR,9yqq9w,9yqq9wx,9yqq9wx,36.33528,-92.385,36.3352778,-92.385,1995-05-15,2000-03-09,1760,1995,2000,0.0,17.18,158.0
16823,18668,lake wales,FL,dhvyxr,dhvyxrr,dhvyxrn,27.9013,-81.58581,27.9011111,-81.5861111,2006-12-01,2002-02-02,1763,2006,2002,36.0,17.03,159.0
6868,40282,pollock pines,CA,9qfk80,9qfk802,9qfk802,38.76139,-120.5856,38.7613889,-120.5855556,2003-08-17,2008-07-04,1783,2003,2008,4.0,16.98,160.0
16823,18562,lake wales,FL,dhvyxr,dhvyxrr,dhvyxrn,27.9013,-81.58581,27.9011111,-81.5861111,2006-12-01,2002-01-15,1781,2006,2002,36.0,16.89,161.0
16823,18563,lake wales,FL,dhvyxr,dhvyxrr,dhvyxrn,27.9013,-81.58581,27.9011111,-81.5861111,2006-12-01,2002-01-15,1781,2006,2002,36.0,16.89,161.0
7815,40659,russellville,AR,9ymb8w,9ymb8wn,9ymb8wn,35.27833,-93.13361,35.2783333,-93.1336111,2003-08-12,2008-07-30,1814,2003,2008,0.0,16.75,162.0
6656,46293,cape fair,MO,9yt8bn,9yt8bnk,9yt8bnk,36.73,-93.51,36.73,-93.51,2004-11-21,2009-12-08,1843,2004,2009,0.0,16.53,163.0
3585,8074,monroe,WA,c2920x,c2920xb,c2920xb,47.85556,-121.9697,47.8555556,-121.9697222,2001-08-01,1996-07-01,1857,2001,1996,2.0,16.42,164.0
57013,42725,loveland,OH,dnup6s,dnup6se,dnup6s8,39.26903,-84.25986,39.2688889,-84.2638889,2013-10-12,2009-01-17,1729,2013,2009,347.0,16.3,165.0
337,7025,roy (near),WA,c22g7s,c22g7sf,c22g7sf,47.0044,-122.5386,47.0044444,-122.5386111,2000-08-16,1995-06-15,1889,2000,1995,5.0,16.18,166.0
17168,56470,grand bay,AL,dj3jms,dj3jmsp,dj3jmsp,30.47612,-88.34223,30.4761111,-88.3422222,2007-02-04,2012-04-18,1900,2007,2012,1.0,16.11,167.0
1584,6485,roy,WA,c22g7s,c22g7sf,c22g7sf,47.00444,-122.5386,47.0044444,-122.5386111,2000-03-13,1994-12-30,1900,2000,1994,1.0,16.11,167.0
1777,6536,morton,WA,c230ce,c230ced,c230ced,46.55861,-122.2739,46.5586111,-122.2738889,2000-04-15,1995-01-15,1917,2000,1995,1.0,15.99,168.0
4134,21587,perkins,OK,9y6uxu,9y6uxuy,9y6uxuy,35.97389,-97.03333,35.9738889,-97.0333333,1997-11-15,2003-03-01,1932,1997,2003,0.0,15.89,169.0
3683,4661,redding,CA,9r0yyu,9r0yyut,9r0yyut,40.58667,-122.3906,40.5866667,-122.3905556,1992-01-01,1986-09-15,1934,1992,1986,4.0,15.86,170.0
2255,33267,alturas,CA,9r6k10,9r6k108,9r6k108,41.48722,-120.5414,41.4872222,-120.5413889,2001-03-30,2006-08-29,1978,2001,2006,1.0,15.58,171.0
1637,15321,mountain home,AR,9yqq9w,9yqq9wx,9yqq9wx,36.33528,-92.385,36.3352778,-92.385,1995-05-15,2000-10-23,1988,1995,2000,0.0,15.51,172.0
17168,58399,grand bay,AL,dj3jms,dj3jmsp,dj3jmsp,30.47612,-88.34223,30.4761111,-88.3422222,2007-02-04,2012-07-26,1999,2007,2012,1.0,15.44,173.0
10620,48527,red lake,MN,cbs2mg,cbs2mgd,cbs2mgd,47.8764,-95.0168,47.8763889,-95.0166667,2005-02-06,2010-08-02,2003,2005,2010,10.0,15.38,174.0
7815,43058,russellville,AR,9ymb8w,9ymb8wn,9ymb8wn,35.27833,-93.13361,35.2783333,-93.1336111,2003-08-12,2009-02-12,2011,2003,2009,0.0,15.36,175.0
7815,43057,russellville,AR,9ymb8w,9ymb8wn,9ymb8wn,35.27833,-93.13361,35.2783333,-93.1336111,2003-08-12,2009-02-12,2011,2003,2009,0.0,15.36,175.0
3683,9006,redding,CA,9r0yyu,9r0yyut,9r0yyut,40.58667,-122.3906,40.5866667,-122.3905556,1992-01-01,1997-07-04,2011,1992,1997,4.0,15.35,176.0
3683,9009,redding (northeast of&#44 out over millville&#44 approximately),CA,9r0yyu,9r0yyut,9r0yyut,40.58667,-122.3906,40.5866667,-122.3905556,1992-01-01,1997-07-04,2011,1992,1997,4.0,15.35,176.0
2255,7396,alturas,CA,9r6k10,9r6k108,9r6k108,41.48722,-120.5414,41.4872222,-120.5413889,2001-03-30,1995-09-18,2020,2001,1995,1.0,15.3,177.0
919,18147,south lake tahoe,CA,9qftmx,9qftmxw,9qftmxw,38.93333,-119.9833,38.9333333,-119.9833333,1996-04-10,2001-11-12,2042,1996,2001,3.0,15.16,178.0
337,6485,roy,WA,c22g7s,c22g7sf,c22g7sf,47.0044,-122.5386,47.0044444,-122.5386111,2000-08-16,1994-12-30,2056,2000,1994,5.0,15.06,179.0
9842,9591,amherst (near high peak),VA,dnxvc4,dnxvc4h,dnxvc4h,37.585,-79.052,37.585,-79.0516667,2003-12-07,1998-02-19,2117,2003,1998,29.0,14.62,180.0
35596,33576,bailey,CO,9xhbpv,9xhbpve,9xhbpvt,39.40589,-105.475,39.4055556,-105.4727778,2012-05-29,2006-10-03,2065,2012,2006,195.0,14.46,181.0
10037,49920,rock falls,IL,dp2jxj,dp2jxjf,dp2jxjf,41.7798,-89.689,41.7797222,-89.6888889,2004-12-22,2010-11-15,2154,2004,2010,13.0,14.45,182.0
16823,60134,lake wales,FL,dhvyxr,dhvyxrr,dhvyxrn,27.9013,-81.58581,27.9011111,-81.5861111,2006-12-01,2012-10-14,2144,2006,2012,36.0,14.44,183.0
16823,60133,lake wales,FL,dhvyxr,dhvyxrr,dhvyxrn,27.9013,-81.58581,27.9011111,-81.5861111,2006-12-01,2012-10-14,2144,2006,2012,36.0,14.44,183.0
5137,40427,ontonagon,MI,f026xs,f026xse,f026xse,46.87111,-89.31389,46.8711111,-89.3138889,2002-07-20,2008-07-12,2184,2002,2008,0.0,14.32,184.0
147,32516,south lake tahoe,CA,9qftmx,9qftmxw,9qftmxw,38.93333,-119.9833,38.9333333,-119.9833333,2000-06-15,2006-06-14,2190,2000,2006,3.0,14.28,185.0
7815,45081,russellville,AR,9ymb8w,9ymb8wn,9ymb8wn,35.27833,-93.13361,35.2783333,-93.1336111,2003-08-12,2009-08-22,2202,2003,2009,0.0,14.22,186.0
4737,35764,chehalis,WA,c2293y,c2293yt,c2293yt,46.6622,-122.9627,46.6622222,-122.9627778,2001-05-13,2007-05-25,2203,2001,2007,6.0,14.2,187.0
147,32681,south lake tahoe,CA,9qftmx,9qftmxw,9qftmxw,38.93333,-119.9833,38.9333333,-119.9833333,2000-06-15,2006-07-04,2210,2000,2006,3.0,14.17,188.0
7815,9074,russellville,AR,9ymb8w,9ymb8wn,9ymb8wn,35.27833,-93.13361,35.2783333,-93.1336111,2003-08-12,1997-07-20,2214,2003,1997,0.0,14.15,189.0
1586,30045,gig harbor,WA,c22v68,c22v68h,c22v68h,47.32944,-122.5789,47.3294444,-122.5788889,1999-08-18,2005-09-10,2215,1999,2005,1.0,14.14,190.0
3585,7045,monroe,WA,c2920x,c2920xb,c2920xb,47.85556,-121.9697,47.8555556,-121.9697222,2001-08-01,1995-06-23,2231,2001,1995,2.0,14.05,191.0
9842,46610,amherst,VA,dnxvc4,dnxvc4h,dnxvc4h,37.585,-79.052,37.585,-79.0516667,2003-12-07,2010-01-19,2235,2003,2010,29.0,13.96,192.0
19170,19065,byram,NJ,dr4tgy,dr4tgyd,dr4tgyy,40.4225,-75.06665,40.4236111,-75.06,2007-09-17,2002-04-16,1980,2007,2002,576.0,13.96,192.0
1586,5964,gig harbor,WA,c22v68,c22v68h,c22v68h,47.32944,-122.5789,47.3294444,-122.5788889,1999-08-18,1993-06-01,2269,1999,1993,1.0,13.85,193.0
4737,36827,chehalis,WA,c2293y,c2293yt,c2293yt,46.6622,-122.9627,46.6622222,-122.9627778,2001-05-13,2007-08-27,2297,2001,2007,6.0,13.7,194.0
3585,37914,monroe,WA,c2920x,c2920xb,c2920xb,47.85556,-121.9697,47.8555556,-121.9697222,2001-08-01,2007-11-30,2312,2001,2007,2.0,13.63,195.0
10357,10367,lolo,MT,c2qfh0,c2qfh01,c2qfh01,46.75889,-114.08,46.7588889,-114.08,2005-01-23,1998-09-12,2325,2005,1998,0.0,13.57,196.0
16823,62914,lake wales,FL,dhvyxr,dhvyxrr,dhvyxrn,27.9013,-81.58581,27.9011111,-81.5861111,2006-12-01,2013-04-28,2340,2006,2013,36.0,13.4,197.0
16823,62895,lake wales,FL,dhvyxr,dhvyxrr,dhvyxrn,27.9013,-81.58581,27.9011111,-81.5861111,2006-12-01,2013-04-27,2339,2006,2013,36.0,13.4,197.0
1586,31515,gig harbor (olalla),WA,c22v68,c22v68h,c22v68h,47.32944,-122.5789,47.3294444,-122.5788889,1999-08-18,2006-02-01,2359,1999,2006,1.0,13.4,197.0
9842,47365,amherst,VA,dnxvc4,dnxvc4h,dnxvc4h,37.585,-79.052,37.585,-79.0516667,2003-12-07,2010-05-12,2348,2003,2010,29.0,13.38,198.0
2779,4831,san diego (north),CA,9mudn5,9mudn59,9mudn59,32.71528,-117.1564,32.7152778,-117.1563889,1981-02-15,1987-08-17,2374,1981,1987,1.0,13.32,199.0
57013,37031,loveland,OH,dnup6s,dnup6se,dnup6s8,39.26903,-84.25986,39.2688889,-84.2638889,2013-10-12,2007-09-13,2221,2013,2007,347.0,13.2,200.0
6746,2668,south lake tahoe,CA,9qftmx,9qftmxw,9qftmxw,38.93333,-119.9833,38.9333333,-119.9833333,1983-01-01,1976-05-29,2408,1983,1976,3.0,13.15,201.0
16823,63894,lake wales,FL,dhvyxr,dhvyxrr,dhvyxrn,27.9013,-81.58581,27.9011111,-81.5861111,2006-12-01,2013-06-29,2402,2006,2013,36.0,13.1,202.0
9842,48363,amherst,VA,dnxvc4,dnxvc4h,dnxvc4h,37.585,-79.052,37.585,-79.0516667,2003-12-07,2010-07-19,2416,2003,2010,29.0,13.05,203.0
2779,2223,san diego (mission bay walk/santa clara ct. m.b.),CA,9mudn5,9mudn59,9mudn59,32.71528,-117.1564,32.7152778,-117.1563889,1981-02-15,1974-06-15,2437,1981,1974,1.0,13.02,204.0
3585,39237,monroe,WA,c2920x,c2920xb,c2920xb,47.85556,-121.9697,47.8555556,-121.9697222,2001-08-01,2008-04-06,2440,2001,2008,2.0,13.01,205.0
6868,47295,pollock pines,CA,9qfk80,9qfk802,9qfk802,38.76139,-120.5856,38.7613889,-120.5855556,2003-08-17,2010-05-04,2452,2003,2010,4.0,12.95,206.0
3683,10419,redding,CA,9r0yyu,9r0yyut,9r0yyut,40.58667,-122.3906,40.5866667,-122.3905556,1992-01-01,1998-09-21,2455,1992,1998,4.0,12.93,207.0
16823,64888,lake wales,FL,dhvyxr,dhvyxrr,dhvyxrn,27.9013,-81.58581,27.9011111,-81.5861111,2006-12-01,2013-08-07,2441,2006,2013,36.0,12.91,208.0
2779,4875,san diego,CA,9mudn5,9mudn59,9mudn59,32.71528,-117.1564,32.7152778,-117.1563889,1981-02-15,1987-11-15,2464,1981,1987,1.0,12.9,209.0
16823,65121,lake wales,FL,dhvyxr,dhvyxrr,dhvyxrn,27.9013,-81.58581,27.9011111,-81.5861111,2006-12-01,2013-08-15,2449,2006,2013,36.0,12.88,210.0
16823,65336,lake wales,FL,dhvyxr,dhvyxrr,dhvyxrn,27.9013,-81.58581,27.9011111,-81.5861111,2006-12-01,2013-08-24,2458,2006,2013,36.0,12.84,211.0
3683,10658,redding (a couple miles south of),CA,9r0yyu,9r0yyut,9r0yyut,40.58667,-122.3906,40.5866667,-122.3905556,1992-01-01,1998-10-26,2490,1992,1998,4.0,12.77,212.0
3683,10659,redding,CA,9r0yyu,9r0yyut,9r0yyut,40.58667,-122.3906,40.5866667,-122.3905556,1992-01-01,1998-10-26,2490,1992,1998,4.0,12.77,212.0
7804,48361,nevada city,CA,9qczq5,9qczq5w,9qczq5r,39.26361,-121.0161,39.2616667,-121.015,2004-01-04,2010-07-19,2388,2004,2010,236.0,12.66,213.0
7815,47903,russellville,AR,9ymb8w,9ymb8wn,9ymb8wn,35.27833,-93.13361,35.2783333,-93.1336111,2003-08-12,2010-07-04,2518,2003,2010,0.0,12.66,213.0
7815,48117,russellville,AR,9ymb8w,9ymb8wn,9ymb8wn,35.27833,-93.13361,35.2783333,-93.1336111,2003-08-12,2010-07-07,2521,2003,2010,0.0,12.65,214.0
1586,32819,gig harbor,WA,c22v68,c22v68h,c22v68h,47.32944,-122.5789,47.3294444,-122.5788889,1999-08-18,2006-07-17,2525,1999,2006,1.0,12.63,215.0
9842,49605,amherst,VA,dnxvc4,dnxvc4h,dnxvc4h,37.585,-79.052,37.585,-79.0516667,2003-12-07,2010-10-22,2511,2003,2010,29.0,12.62,216.0
9842,49640,amherst,VA,dnxvc4,dnxvc4h,dnxvc4h,37.585,-79.052,37.585,-79.0516667,2003-12-07,2010-10-25,2514,2003,2010,29.0,12.6,217.0
12732,52850,mulberry,FL,dhvwww,dhvwwwh,dhvwwwh,27.89469,-81.9742,27.895,-81.9736111,2004-10-12,2011-08-19,2502,2004,2011,67.0,12.56,218.0
3683,10918,redding,CA,9r0yyu,9r0yyut,9r0yyut,40.58667,-122.3906,40.5866667,-122.3905556,1992-01-01,1998-12-14,2539,1992,1998,4.0,12.56,218.0
7548,8384,woodville (outside),TX,9vkz5d,9vkz5d2,9vkz5d2,30.775,-94.41528,30.775,-94.4152778,2003-12-12,1996-12-17,2551,2003,1996,0.0,12.52,219.0
57013,35522,loveland,OH,dnup6s,dnup6se,dnup6s8,39.26903,-84.25986,39.2688889,-84.2638889,2013-10-12,2007-04-24,2363,2013,2007,347.0,12.51,220.0
3683,11010,redding,CA,9r0yyu,9r0yyut,9r0yyut,40.58667,-122.3906,40.5866667,-122.3905556,1992-01-01,1999-01-04,2560,1992,1999,4.0,12.47,221.0
3683,11027,redding,CA,9r0yyu,9r0yyut,9r0yyut,40.58667,-122.3906,40.5866667,-122.3905556,1992-01-01,1999-01-08,2564,1992,1999,4.0,12.45,222.0
3585,40849,monroe,WA,c2920x,c2920xb,c2920xb,47.85556,-121.9697,47.8555556,-121.9697222,2001-08-01,2008-08-10,2566,2001,2008,2.0,12.45,222.0
2779,2150,san diego,CA,9mudn5,9mudn59,9mudn59,32.71528,-117.1564,32.7152778,-117.1563889,1981-02-15,1974-01-30,2573,1981,1974,1.0,12.42,223.0
13345,59091,manchester (near),VT,drsj91,drsj91w,drsj91w,43.1635,-73.0723,43.1636111,-73.0727778,2005-08-25,2012-08-24,2556,2005,2012,41.0,12.39,224.0
21714,69341,montevallo,AL,djfhr3,djfhr3w,djfhr3g,33.1,-86.86,33.1005556,-86.8641667,2007-09-12,2014-03-10,2371,2007,2014,393.0,12.37,225.0
3683,11119,redding,CA,9r0yyu,9r0yyut,9r0yyut,40.58667,-122.3906,40.5866667,-122.3905556,1992-01-01,1999-02-02,2589,1992,1999,4.0,12.35,226.0
147,36716,south lake tahoe,CA,9qftmx,9qftmxw,9qftmxw,38.93333,-119.9833,38.9333333,-119.9833333,2000-06-15,2007-08-17,2619,2000,2007,3.0,12.22,227.0
4737,40720,chehalis,WA,c2293y,c2293yt,c2293yt,46.6622,-122.9627,46.6622222,-122.9627778,2001-05-13,2008-08-02,2638,2001,2008,6.0,12.14,228.0
17168,70253,grand bay,AL,dj3jms,dj3jmsp,dj3jmsp,30.47612,-88.34223,30.4761111,-88.3422222,2007-02-04,2014-05-06,2648,2007,2014,1.0,12.11,229.0
51044,39407,panama city beach,FL,dj6gxm,dj6gxmq,dj6gxmq,30.1766,-85.8055,30.1763889,-85.8055556,2015-07-14,2008-04-19,2642,2015,2008,24.0,12.08,230.0
1341,4046,pearlington,MS,dj2k0f,dj2k0f5,dj2k0f5,30.2464,-89.6111,30.2463889,-89.6111111,1975-07-01,1982-10-12,2660,1975,1982,2.0,12.06,231.0
1341,4047,pearlington,MS,dj2k0f,dj2k0f5,dj2k0f5,30.2464,-89.6111,30.2463889,-89.6111111,1975-07-01,1982-10-12,2660,1975,1982,2.0,12.06,231.0
7731,1035,corning,CA,9r155u,9r155u8,9r155u8,39.92778,-122.1781,39.9277778,-122.1780556,1973-10-15,1966-06-30,2664,1973,1966,4.0,12.04,232.0
13345,61012,manchester,VT,drsj91,drsj91w,drsj91w,43.1635,-73.0723,43.1636111,-73.0727778,2005-08-25,2012-11-23,2647,2005,2012,41.0,12.02,233.0
13345,60994,manchester,VT,drsj91,drsj91w,drsj91w,43.1635,-73.0723,43.1636111,-73.0727778,2005-08-25,2012-11-22,2646,2005,2012,41.0,12.02,233.0
2779,2069,san diego,CA,9mudn5,9mudn59,9mudn59,32.71528,-117.1564,32.7152778,-117.1563889,1981-02-15,1973-08-15,2741,1981,1973,1.0,11.75,234.0
4808,6560,concrete,WA,c29kjs,c29kjs7,c29kjs7,48.53944,-121.745,48.5394444,-121.745,2002-08-04,1995-01-26,2747,2002,1995,0.0,11.73,235.0
3585,43020,monroe,WA,c2920x,c2920xb,c2920xb,47.85556,-121.9697,47.8555556,-121.9697222,2001-08-01,2009-02-09,2749,2001,2009,2.0,11.72,236.0
1586,35178,gig harbor,WA,c22v68,c22v68h,c22v68h,47.32944,-122.5789,47.3294444,-122.5788889,1999-08-18,2007-03-14,2765,1999,2007,1.0,11.66,237.0
1586,35177,gig harbor,WA,c22v68,c22v68h,c22v68h,47.32944,-122.5789,47.3294444,-122.5788889,1999-08-18,2007-03-14,2765,1999,2007,1.0,11.66,237.0
3683,12084,redding,CA,9r0yyu,9r0yyut,9r0yyut,40.58667,-122.3906,40.5866667,-122.3905556,1992-01-01,1999-08-01,2769,1992,1999,4.0,11.64,238.0
65975,59640,whitehall,NY,drezc9,drezc9y,drezc9h,43.56058,-73.40212,43.5555556,-73.4041667,2019-06-12,2012-09-20,2456,2019,2012,583.0,11.59,239.0
7815,51045,russellville,AR,9ymb8w,9ymb8wn,9ymb8wn,35.27833,-93.13361,35.2783333,-93.1336111,2003-08-12,2011-03-31,2788,2003,2011,0.0,11.58,240.0
14154,67153,hartsville,SC,dnp59c,dnp59ce,dnp59cs,34.374,-80.074,34.3738889,-80.0736111,2006-03-13,2013-11-16,2805,2006,2013,38.0,11.43,241.0
9842,53015,amherst,VA,dnxvc4,dnxvc4h,dnxvc4h,37.585,-79.052,37.585,-79.0516667,2003-12-07,2011-08-28,2821,2003,2011,29.0,11.39,242.0
3585,44019,monroe,WA,c2920x,c2920xb,c2920xb,47.85556,-121.9697,47.8555556,-121.9697222,2001-08-01,2009-05-31,2860,2001,2009,2.0,11.31,243.0
147,39567,south lake tahoe,CA,9qftmx,9qftmxw,9qftmxw,38.93333,-119.9833,38.9333333,-119.9833333,2000-06-15,2008-04-30,2876,2000,2008,3.0,11.26,244.0
3683,13160,redding,CA,9r0yyu,9r0yyut,9r0yyut,40.58667,-122.3906,40.5866667,-122.3905556,1992-01-01,1999-11-18,2878,1992,1999,4.0,11.25,245.0
2779,5093,san diego,CA,9mudn5,9mudn59,9mudn59,32.71528,-117.1564,32.7152778,-117.1563889,1981-02-15,1989-01-10,2886,1981,1989,1.0,11.23,246.0
12587,7948,venice,FL,dhv65t,dhv65tn,dhv65tq,27.099,-82.454,27.0994444,-82.4544444,1988-08-01,1996-05-22,2851,1988,1996,66.0,11.2,247.0
502,34467,foresthill,CA,9qfjfx,9qfjfx0,9qfjfxr,39.01917,-120.8275,39.0202778,-120.8169444,2000-06-17,2006-12-31,2388,2000,2006,920.0,11.2,247.0
2558,11840,shingletown,CA,9r1q67,9r1q677,9r1q677,40.4925,-121.8881,40.4925,-121.8880556,1991-08-01,1999-06-30,2890,1991,1999,4.0,11.2,247.0
3585,44430,monroe,WA,c2920x,c2920xb,c2920xb,47.85556,-121.9697,47.8555556,-121.9697222,2001-08-01,2009-07-04,2894,2001,2009,2.0,11.2,247.0
3585,44431,monroe,WA,c2920x,c2920xb,c2920xb,47.85556,-121.9697,47.8555556,-121.9697222,2001-08-01,2009-07-04,2894,2001,2009,2.0,11.2,247.0
16823,11057,lake wales,FL,dhvyxr,dhvyxrr,dhvyxrn,27.9013,-81.58581,27.9011111,-81.5861111,2006-12-01,1999-01-14,2878,2006,1999,36.0,11.17,248.0
4885,48361,nevada city,CA,9qczq5,9qczq5r,9qczq5r,39.26167,-121.015,39.2616667,-121.015,2002-08-01,2010-07-19,2909,2002,2010,0.0,11.15,249.0
1036,19768,kernville,CA,9q7g3h,9q7g3hv,9q7g3hv,35.75472,-118.4244,35.7547222,-118.4244444,1994-08-01,2002-07-23,2913,1994,2002,4.0,11.13,250.0
919,25217,south lake tahoe,CA,9qftmx,9qftmxw,9qftmxw,38.93333,-119.9833,38.9333333,-119.9833333,1996-04-10,2004-04-11,2923,1996,2004,3.0,11.09,251.0
1586,36800,gig harbor,WA,c22v68,c22v68h,c22v68h,47.32944,-122.5789,47.3294444,-122.5788889,1999-08-18,2007-08-23,2927,1999,2007,1.0,11.09,251.0
1586,37637,gig harbor,WA,c22v68,c22v68h,c22v68h,47.32944,-122.5789,47.3294444,-122.5788889,1999-08-18,2007-11-02,2998,1999,2007,1.0,10.85,252.0
3766,45433,seaside,OR,c0pvsh,c0pvshg,c0pvshg,45.99378,-123.9211,45.9933333,-123.9213889,2001-08-03,2009-09-15,2965,2001,2009,54.0,10.84,253.0
13345,66851,manchester,VT,drsj91,drsj91w,drsj91w,43.1635,-73.0723,43.1636111,-73.0727778,2005-08-25,2013-11-02,2991,2005,2013,41.0,10.79,254.0
2779,5138,san diego,CA,9mudn5,9mudn59,9mudn59,32.71528,-117.1564,32.7152778,-117.1563889,1981-02-15,1989-06-01,3028,1981,1989,1.0,10.76,255.0
2779,5136,san diego,CA,9mudn5,9mudn59,9mudn59,32.71528,-117.1564,32.7152778,-117.1563889,1981-02-15,1989-05-30,3026,1981,1989,1.0,10.76,255.0
2326,34467,foresthill,CA,9qfjfx,9qfjfxr,9qfjfxr,39.02028,-120.8169,39.0202778,-120.8169444,1998-09-07,2006-12-31,3037,1998,2006,4.0,10.72,256.0
1637,23081,mountain home,AR,9yqq9w,9yqq9wx,9yqq9wx,36.33528,-92.385,36.3352778,-92.385,1995-05-15,2003-09-13,3043,1995,2003,0.0,10.71,257.0
1586,38336,gig harbor,WA,c22v68,c22v68h,c22v68h,47.32944,-122.5789,47.3294444,-122.5788889,1999-08-18,2008-01-11,3068,1999,2008,1.0,10.63,258.0
7815,55115,russellville,AR,9ymb8w,9ymb8wn,9ymb8wn,35.27833,-93.13361,35.2783333,-93.1336111,2003-08-12,2012-01-08,3071,2003,2012,0.0,10.62,259.0
2779,5206,san diego,CA,9mudn5,9mudn59,9mudn59,32.71528,-117.1564,32.7152778,-117.1563889,1981-02-15,1989-08-01,3089,1981,1989,1.0,10.57,260.0
10357,64630,lolo,MT,c2qfh0,c2qfh01,c2qfh01,46.75889,-114.08,46.7588889,-114.08,2005-01-23,2013-07-26,3106,2005,2013,0.0,10.52,261.0
6868,55785,pollock pines,CA,9qfk80,9qfk802,9qfk802,38.76139,-120.5856,38.7613889,-120.5855556,2003-08-17,2012-03-03,3121,2003,2012,4.0,10.46,262.0
1586,38957,gig harbor,WA,c22v68,c22v68h,c22v68h,47.32944,-122.5789,47.3294444,-122.5788889,1999-08-18,2008-03-06,3123,1999,2008,1.0,10.46,262.0
1586,38956,gig harbor,WA,c22v68,c22v68h,c22v68h,47.32944,-122.5789,47.3294444,-122.5788889,1999-08-18,2008-03-06,3123,1999,2008,1.0,10.46,262.0
16823,9934,lake wales,FL,dhvyxr,dhvyxrr,dhvyxrn,27.9013,-81.58581,27.9011111,-81.5861111,2006-12-01,1998-06-01,3105,2006,1998,36.0,10.44,263.0
51044,34444,panama city beach,FL,dj6gxm,dj6gxmq,dj6gxmq,30.1766,-85.8055,30.1763889,-85.8055556,2015-07-14,2006-12-28,3120,2015,2006,24.0,10.42,264.0
3683,14837,redding,CA,9r0yyu,9r0yyut,9r0yyut,40.58667,-122.3906,40.5866667,-122.3905556,1992-01-01,2000-08-17,3151,1992,2000,4.0,10.37,265.0
7804,56231,nevada city,CA,9qczq5,9qczq5w,9qczq5r,39.26361,-121.0161,39.2616667,-121.015,2004-01-04,2012-04-01,3010,2004,2012,236.0,10.33,266.0
3683,14945,redding,CA,9r0yyu,9r0yyut,9r0yyut,40.58667,-122.3906,40.5866667,-122.3905556,1992-01-01,2000-09-05,3170,1992,2000,4.0,10.32,267.0
3683,15054,redding,CA,9r0yyu,9r0yyut,9r0yyut,40.58667,-122.3906,40.5866667,-122.3905556,1992-01-01,2000-09-18,3183,1992,2000,4.0,10.28,268.0
16823,9751,lake wales,FL,dhvyxr,dhvyxrr,dhvyxrn,27.9013,-81.58581,27.9011111,-81.5861111,2006-12-01,1998-04-07,3160,2006,1998,36.0,10.28,268.0
16823,9716,lake wales,FL,dhvyxr,dhvyxrr,dhvyxrn,27.9013,-81.58581,27.9011111,-81.5861111,2006-12-01,1998-03-26,3172,2006,1998,36.0,10.25,269.0
1586,5486,gig harbor,WA,c22v68,c22v68h,c22v68h,47.32944,-122.5789,47.3294444,-122.5788889,1999-08-18,1990-11-15,3198,1999,1990,1.0,10.24,270.0
1036,21992,kernville,CA,9q7g3h,9q7g3hv,9q7g3hv,35.75472,-118.4244,35.7547222,-118.4244444,1994-08-01,2003-05-25,3219,1994,2003,4.0,10.18,271.0
12732,64172,mulberry,FL,dhvwww,dhvwwwh,dhvwwwh,27.89469,-81.9742,27.895,-81.9736111,2004-10-12,2013-07-05,3188,2004,2013,67.0,10.14,272.0
7815,58764,russellville,AR,9ymb8w,9ymb8wn,9ymb8wn,35.27833,-93.13361,35.2783333,-93.1336111,2003-08-12,2012-08-11,3287,2003,2012,0.0,9.99,273.0
3585,48752,monroe,WA,c2920x,c2920xb,c2920xb,47.85556,-121.9697,47.8555556,-121.9697222,2001-08-01,2010-08-17,3303,2001,2010,2.0,9.95,274.0
12587,8931,venice,FL,dhv65t,dhv65tn,dhv65tq,27.099,-82.454,27.0994444,-82.4544444,1988-08-01,1997-06-30,3255,1988,1997,66.0,9.95,274.0
51044,32779,panama city beach,FL,dj6gxm,dj6gxmq,dj6gxmq,30.1766,-85.8055,30.1763889,-85.8055556,2015-07-14,2006-07-14,3287,2015,2006,24.0,9.95,274.0
5137,52600,ontonagon,MI,f026xs,f026xse,f026xse,46.87111,-89.31389,46.8711111,-89.3138889,2002-07-20,2011-08-04,3302,2002,2011,0.0,9.95,274.0
51044,32753,panama city beach,FL,dj6gxm,dj6gxmq,dj6gxmq,30.1766,-85.8055,30.1763889,-85.8055556,2015-07-14,2006-07-12,3289,2015,2006,24.0,9.94,275.0
51044,32637,panama city beach,FL,dj6gxm,dj6gxmq,dj6gxmq,30.1766,-85.8055,30.1763889,-85.8055556,2015-07-14,2006-06-28,3303,2015,2006,24.0,9.9,276.0
3766,48687,seaside,OR,c0pvsh,c0pvshg,c0pvshg,45.99378,-123.9211,45.9933333,-123.9213889,2001-08-03,2010-08-13,3297,2001,2010,54.0,9.86,277.0
3585,49376,monroe,WA,c2920x,c2920xb,c2920xb,47.85556,-121.9697,47.8555556,-121.9697222,2001-08-01,2010-10-05,3352,2001,2010,2.0,9.82,278.0
3683,16265,redding,CA,9r0yyu,9r0yyut,9r0yyut,40.58667,-122.3906,40.5866667,-122.3905556,1992-01-01,2001-03-14,3360,1992,2001,4.0,9.79,279.0
3766,49033,seaside,OR,c0pvsh,c0pvshg,c0pvshg,45.99378,-123.9211,45.9933333,-123.9213889,2001-08-03,2010-09-07,3322,2001,2010,54.0,9.79,279.0
7548,62230,woodville,TX,9vkz5d,9vkz5d2,9vkz5d2,30.775,-94.41528,30.775,-94.4152778,2003-12-12,2013-02-26,3364,2003,2013,0.0,9.79,279.0
6513,59354,cogar,OK,9y61nb,9y61nbr,9y61nbr,35.33389,-98.13028,35.3338889,-98.1302778,2003-06-13,2012-09-06,3373,2003,2012,0.0,9.76,280.0
51044,32201,panama city beach,FL,dj6gxm,dj6gxmq,dj6gxmq,30.1766,-85.8055,30.1763889,-85.8055556,2015-07-14,2006-05-02,3360,2015,2006,24.0,9.75,281.0
51044,32203,panama city beach,FL,dj6gxm,dj6gxmq,dj6gxmq,30.1766,-85.8055,30.1763889,-85.8055556,2015-07-14,2006-05-02,3360,2015,2006,24.0,9.75,281.0
2779,5353,san diego,CA,9mudn5,9mudn59,9mudn59,32.71528,-117.1564,32.7152778,-117.1563889,1981-02-15,1990-06-01,3393,1981,1990,1.0,9.71,282.0
7815,61368,russellville,AR,9ymb8w,9ymb8wn,9ymb8wn,35.27833,-93.13361,35.2783333,-93.1336111,2003-08-12,2012-12-15,3413,2003,2012,0.0,9.66,283.0
2779,5389,san diego,CA,9mudn5,9mudn59,9mudn59,32.71528,-117.1564,32.7152778,-117.1563889,1981-02-15,1990-07-01,3423,1981,1990,1.0,9.63,284.0
27089,14019,sullivan,MO,9yz1me,9yz1mee,9yz1mee,38.2081,-91.16042,38.2080556,-91.1602778,2009-10-15,2000-04-22,3463,2009,2000,13.0,9.51,285.0
51044,31396,panama city beach,FL,dj6gxm,dj6gxmq,dj6gxmq,30.1766,-85.8055,30.1763889,-85.8055556,2015-07-14,2006-01-09,3473,2015,2006,24.0,9.46,286.0
3683,17449,redding,CA,9r0yyu,9r0yyut,9r0yyut,40.58667,-122.3906,40.5866667,-122.3905556,1992-01-01,2001-08-16,3515,1992,2001,4.0,9.4,287.0
7548,65022,woodville,TX,9vkz5d,9vkz5d2,9vkz5d2,30.775,-94.41528,30.775,-94.4152778,2003-12-12,2013-08-12,3531,2003,2013,0.0,9.37,288.0
4885,56231,nevada city,CA,9qczq5,9qczq5r,9qczq5r,39.26167,-121.015,39.2616667,-121.015,2002-08-01,2012-04-01,3531,2002,2012,0.0,9.37,288.0
3766,50983,seaside,OR,c0pvsh,c0pvshg,c0pvshg,45.99378,-123.9211,45.9933333,-123.9213889,2001-08-03,2011-03-23,3519,2001,2011,54.0,9.3,289.0
3585,51604,monroe,WA,c2920x,c2920xb,c2920xb,47.85556,-121.9697,47.8555556,-121.9697222,2001-08-01,2011-06-04,3594,2001,2011,2.0,9.22,290.0
1586,44362,gig harbor,WA,c22v68,c22v68h,c22v68h,47.32944,-122.5789,47.3294444,-122.5788889,1999-08-18,2009-07-03,3607,1999,2009,1.0,9.19,291.0
1586,44676,gig harbor,WA,c22v68,c22v68h,c22v68h,47.32944,-122.5789,47.3294444,-122.5788889,1999-08-18,2009-07-20,3624,1999,2009,1.0,9.15,292.0
1036,26179,kernville (8 miles north of),CA,9q7g3h,9q7g3hv,9q7g3hv,35.75472,-118.4244,35.7547222,-118.4244444,1994-08-01,2004-07-17,3638,1994,2004,4.0,9.11,293.0
7062,66478,catoosa,OK,9y7vv7,9y7vv7b,9y7vv7b,36.18889,-95.74556,36.1888889,-95.7455556,2003-10-09,2013-10-15,3659,2003,2013,0.0,9.07,294.0
10091,6558,joyce,WA,c281b7,c281b74,c281b7h,48.1368,-123.7349,48.1366667,-123.7327778,2004-10-11,1995-01-25,3547,2004,1995,158.0,9.04,295.0
1586,45372,gig harbor,WA,c22v68,c22v68h,c22v68h,47.32944,-122.5789,47.3294444,-122.5788889,1999-08-18,2009-09-11,3677,1999,2009,1.0,9.03,296.0
3585,52979,monroe,WA,c2920x,c2920xb,c2920xb,47.85556,-121.9697,47.8555556,-121.9697222,2001-08-01,2011-08-26,3677,2001,2011,2.0,9.03,296.0
2558,17548,shingletown,CA,9r1q67,9r1q677,9r1q677,40.4925,-121.8881,40.4925,-121.8880556,1991-08-01,2001-08-25,3677,1991,2001,4.0,9.02,297.0
3766,52638,seaside,OR,c0pvsh,c0pvshg,c0pvshg,45.99378,-123.9211,45.9933333,-123.9213889,2001-08-03,2011-08-06,3655,2001,2011,54.0,8.98,298.0
919,32516,south lake tahoe,CA,9qftmx,9qftmxw,9qftmxw,38.93333,-119.9833,38.9333333,-119.9833333,1996-04-10,2006-06-14,3717,1996,2006,3.0,8.94,299.0
4760,55469,kenton,OH,dphx1r,dphx1r5,dphx1rt,40.6445,-83.6118,40.6469444,-83.6097222,2002-07-18,2012-02-03,3487,2002,2012,323.0,8.9,300.0
919,32681,south lake tahoe,CA,9qftmx,9qftmxw,9qftmxw,38.93333,-119.9833,38.9333333,-119.9833333,1996-04-10,2006-07-04,3737,1996,2006,3.0,8.89,301.0
28008,14155,ottawa,WI,dp9h7r,dp9h7r3,dp9h7r8,42.97569,-88.44846,42.9761111,-88.4497222,2010-07-05,2000-05-16,3702,2010,2000,113.0,8.78,302.0
35596,19408,bailey,CO,9xhbpv,9xhbpve,9xhbpvt,39.40589,-105.475,39.4055556,-105.4727778,2012-05-29,2002-06-10,3641,2012,2002,195.0,8.77,303.0
3683,19964,redding,CA,9r0yyu,9r0yyut,9r0yyut,40.58667,-122.3906,40.5866667,-122.3905556,1992-01-01,2002-08-10,3874,1992,2002,4.0,8.6,304.0
1586,47264,gig harbor,WA,c22v68,c22v68h,c22v68h,47.32944,-122.5789,47.3294444,-122.5788889,1999-08-18,2010-05-01,3909,1999,2010,1.0,8.54,305.0
3683,20398,redding,CA,9r0yyu,9r0yyut,9r0yyut,40.58667,-122.3906,40.5866667,-122.3905556,1992-01-01,2002-09-19,3914,1992,2002,4.0,8.52,306.0
3683,20463,redding,CA,9r0yyu,9r0yyut,9r0yyut,40.58667,-122.3906,40.5866667,-122.3905556,1992-01-01,2002-09-28,3923,1992,2002,4.0,8.51,307.0
3585,58290,monroe,WA,c2920x,c2920xb,c2920xb,47.85556,-121.9697,47.8555556,-121.9697222,2001-08-01,2012-07-20,4006,2001,2012,2.0,8.35,308.0
12587,11652,venice,FL,dhv65t,dhv65tn,dhv65tq,27.099,-82.454,27.0994444,-82.4544444,1988-08-01,1999-06-01,3956,1988,1999,66.0,8.34,309.0
3766,58177,seaside,OR,c0pvsh,c0pvshg,c0pvshg,45.99378,-123.9211,45.9933333,-123.9213889,2001-08-03,2012-07-14,3998,2001,2012,54.0,8.28,310.0
51044,26037,panama city beach,FL,dj6gxm,dj6gxmq,dj6gxmq,30.1766,-85.8055,30.1763889,-85.8055556,2015-07-14,2004-07-05,4026,2015,2004,24.0,8.27,311.0
3766,58259,seaside,OR,c0pvsh,c0pvshg,c0pvshg,45.99378,-123.9211,45.9933333,-123.9213889,2001-08-03,2012-07-19,4003,2001,2012,54.0,8.27,311.0
3766,58199,seaside,OR,c0pvsh,c0pvshg,c0pvshg,45.99378,-123.9211,45.9933333,-123.9213889,2001-08-03,2012-07-15,3999,2001,2012,54.0,8.27,311.0
13663,3315,windsor,NC,dq3kc1,dq3kc11,dq3kc13,35.998,-76.946,35.9983333,-76.9463889,1989-11-11,1978-10-01,4059,1989,1978,51.0,8.17,312.0
51044,25117,panama city beach,FL,dj6gxm,dj6gxmq,dj6gxmq,30.1766,-85.8055,30.1763889,-85.8055556,2015-07-14,2004-04-01,4121,2015,2004,24.0,8.1,313.0
919,36716,south lake tahoe,CA,9qftmx,9qftmxw,9qftmxw,38.93333,-119.9833,38.9333333,-119.9833333,1996-04-10,2007-08-17,4146,1996,2007,3.0,8.09,314.0
1300,52369,talihina,OK,9yhmtn,9yhmtnk,9yhmtnk,34.75139,-95.04778,34.7513889,-95.0477778,1999-11-28,2011-07-20,4252,1999,2011,0.0,7.91,315.0
3585,62839,monroe,WA,c2920x,c2920xb,c2920xb,47.85556,-121.9697,47.8555556,-121.9697222,2001-08-01,2013-04-24,4284,2001,2013,2.0,7.85,316.0
12587,13747,venice,FL,dhv65t,dhv65tn,dhv65tq,27.099,-82.454,27.0994444,-82.4544444,1988-08-01,2000-03-01,4230,1988,2000,66.0,7.84,317.0
2779,1487,san diego  (u. s. naval base),CA,9mudn5,9mudn59,9mudn59,32.71528,-117.1564,32.7152778,-117.1563889,1981-02-15,1969-05-01,4308,1981,1969,1.0,7.81,318.0
51044,22905,panama city beach,FL,dj6gxm,dj6gxmq,dj6gxmq,30.1766,-85.8055,30.1763889,-85.8055556,2015-07-14,2003-08-31,4335,2015,2003,24.0,7.73,319.0
147,57015,south lake tahoe,CA,9qftmx,9qftmxw,9qftmxw,38.93333,-119.9833,38.9333333,-119.9833333,2000-06-15,2012-05-26,4363,2000,2012,3.0,7.72,320.0
1586,52720,gig harbor,WA,c22v68,c22v68h,c22v68h,47.32944,-122.5789,47.3294444,-122.5788889,1999-08-18,2011-08-12,4377,1999,2011,1.0,7.7,321.0
3683,24267,redding,CA,9r0yyu,9r0yyut,9r0yyut,40.58667,-122.3906,40.5866667,-122.3905556,1992-01-01,2003-12-22,4373,1992,2003,4.0,7.7,321.0
919,39567,south lake tahoe,CA,9qftmx,9qftmxw,9qftmxw,38.93333,-119.9833,38.9333333,-119.9833333,1996-04-10,2008-04-30,4403,1996,2008,3.0,7.65,322.0
4737,63749,chehalis,WA,c2293y,c2293yt,c2293yt,46.6622,-122.9627,46.6622222,-122.9627778,2001-05-13,2013-06-22,4423,2001,2013,6.0,7.61,323.0
1637,36171,mountain home,AR,9yqq9w,9yqq9wx,9yqq9wx,36.33528,-92.385,36.3352778,-92.385,1995-05-15,2007-07-03,4432,1995,2007,0.0,7.61,323.0
1586,54240,gig harbor,WA,c22v68,c22v68h,c22v68h,47.32944,-122.5789,47.3294444,-122.5788889,1999-08-18,2011-11-10,4467,1999,2011,1.0,7.55,324.0
2779,1461,san diego (allied gardens),CA,9mudn5,9mudn59,9mudn59,32.71528,-117.1564,32.7152778,-117.1563889,1981-02-15,1968-11-10,4480,1981,1968,1.0,7.53,325.0
3766,66256,seaside,OR,c0pvsh,c0pvshg,c0pvshg,45.99378,-123.9211,45.9933333,-123.9213889,2001-08-03,2013-10-05,4446,2001,2013,54.0,7.51,326.0
3585,67280,monroe,WA,c2920x,c2920xb,c2920xb,47.85556,-121.9697,47.8555556,-121.9697222,2001-08-01,2013-11-21,4495,2001,2013,2.0,7.51,326.0
3766,66454,seaside,OR,c0pvsh,c0pvshg,c0pvshg,45.99378,-123.9211,45.9933333,-123.9213889,2001-08-03,2013-10-14,4455,2001,2013,54.0,7.49,327.0
3683,25824,redding,CA,9r0yyu,9r0yyut,9r0yyut,40.58667,-122.3906,40.5866667,-122.3905556,1992-01-01,2004-06-17,4551,1992,2004,4.0,7.42,328.0
3585,68941,monroe,WA,c2920x,c2920xb,c2920xb,47.85556,-121.9697,47.8555556,-121.9697222,2001-08-01,2014-02-13,4579,2001,2014,2.0,7.38,329.0
57013,18691,loveland,OH,dnup6s,dnup6se,dnup6s8,39.26903,-84.25986,39.2688889,-84.2638889,2013-10-12,2002-02-04,4268,2013,2002,347.0,7.37,330.0
27089,8488,sullivan (near),MO,9yz1me,9yz1mee,9yz1mee,38.2081,-91.16042,38.2080556,-91.1602778,2009-10-15,1997-03-03,4609,2009,1997,13.0,7.32,331.0
3585,69560,monroe,WA,c2920x,c2920xb,c2920xb,47.85556,-121.9697,47.8555556,-121.9697222,2001-08-01,2014-03-27,4621,2001,2014,2.0,7.32,331.0
3766,68949,seaside,OR,c0pvsh,c0pvshg,c0pvshg,45.99378,-123.9211,45.9933333,-123.9213889,2001-08-03,2014-02-14,4578,2001,2014,54.0,7.31,332.0
2311,33789,strawberry,CA,9qf9m1,9qf9m1u,9qf9m1u,38.19833,-120.0083,38.1983333,-120.0083333,1993-11-01,2006-10-26,4742,1993,2006,3.0,7.14,333.0
528,1638,eureka,CA,9pr8ne,9pr8neg,9pr8neg,40.80222,-124.1625,40.8022222,-124.1625,1957-06-01,1970-06-09,4756,1957,1970,0.0,7.13,334.0
1300,61267,talihina,OK,9yhmtn,9yhmtnk,9yhmtnk,34.75139,-95.04778,34.7513889,-95.0477778,1999-11-28,2012-12-10,4761,1999,2012,0.0,7.12,335.0
1300,61296,talihina,OK,9yhmtn,9yhmtnk,9yhmtnk,34.75139,-95.04778,34.7513889,-95.0477778,1999-11-28,2012-12-12,4763,1999,2012,0.0,7.12,335.0
3585,4987,monroe,WA,c2920x,c2920xb,c2920xb,47.85556,-121.9697,47.8555556,-121.9697222,2001-08-01,1988-07-10,4770,2001,1988,2.0,7.11,336.0
1637,40434,mountain home,AR,9yqq9w,9yqq9wx,9yqq9wx,36.33528,-92.385,36.3352778,-92.385,1995-05-15,2008-07-12,4807,1995,2008,0.0,7.06,337.0
27089,7956,sullivan,MO,9yz1me,9yz1mee,9yz1mee,38.2081,-91.16042,38.2080556,-91.1602778,2009-10-15,1996-05-26,4890,2009,1996,13.0,6.93,338.0
2779,6318,san diego,CA,9mudn5,9mudn59,9mudn59,32.71528,-117.1564,32.7152778,-117.1563889,1981-02-15,1994-07-25,4908,1981,1994,1.0,6.92,339.0
2779,6324,san diego,CA,9mudn5,9mudn59,9mudn59,32.71528,-117.1564,32.7152778,-117.1563889,1981-02-15,1994-08-01,4915,1981,1994,1.0,6.91,340.0
57013,16359,loveland,OH,dnup6s,dnup6se,dnup6s8,39.26903,-84.25986,39.2688889,-84.2638889,2013-10-12,2001-03-25,4584,2013,2001,347.0,6.9,341.0
2779,6360,san diego,CA,9mudn5,9mudn59,9mudn59,32.71528,-117.1564,32.7152778,-117.1563889,1981-02-15,1994-08-28,4942,1981,1994,1.0,6.88,342.0
3683,29554,redding,CA,9r0yyu,9r0yyut,9r0yyut,40.58667,-122.3906,40.5866667,-122.3905556,1992-01-01,2005-07-17,4946,1992,2005,4.0,6.87,343.0
51044,18244,panama city beach,FL,dj6gxm,dj6gxmq,dj6gxmq,30.1766,-85.8055,30.1763889,-85.8055556,2015-07-14,2001-11-20,4984,2015,2001,24.0,6.79,344.0
2779,1164,san diego,CA,9mudn5,9mudn59,9mudn59,32.71528,-117.1564,32.7152778,-117.1563889,1981-02-15,1967-06-01,5008,1981,1967,1.0,6.79,344.0
2779,6446,san diego,CA,9mudn5,9mudn59,9mudn59,32.71528,-117.1564,32.7152778,-117.1563889,1981-02-15,1994-11-14,5020,1981,1994,1.0,6.78,345.0
1637,43251,mountain home,AR,9yqq9w,9yqq9wx,9yqq9wx,36.33528,-92.385,36.3352778,-92.385,1995-05-15,2009-03-04,5042,1995,2009,0.0,6.75,346.0
2326,57459,foresthill,CA,9qfjfx,9qfjfxr,9qfjfxr,39.02028,-120.8169,39.0202778,-120.8169444,1998-09-07,2012-06-21,5036,1998,2012,4.0,6.75,346.0
3683,30954,redding,CA,9r0yyu,9r0yyut,9r0yyut,40.58667,-122.3906,40.5866667,-122.3905556,1992-01-01,2005-11-12,5064,1992,2005,4.0,6.72,347.0
10776,54585,pilot mountain,NC,dnqybz,dnqybzk,dnqybzg,36.38287,-80.46865,36.3863889,-80.4697222,1999-01-16,2011-12-08,4709,1999,2011,403.0,6.66,348.0
1586,65258,gig harbor,WA,c22v68,c22v68h,c22v68h,47.32944,-122.5789,47.3294444,-122.5788889,1999-08-18,2013-08-22,5118,1999,2013,1.0,6.66,348.0
3683,31613,redding,CA,9r0yyu,9r0yyut,9r0yyut,40.58667,-122.3906,40.5866667,-122.3905556,1992-01-01,2006-02-15,5159,1992,2006,4.0,6.6,349.0
35596,10696,bailey,CO,9xhbpv,9xhbpve,9xhbpvt,39.40589,-105.475,39.4055556,-105.4727778,2012-05-29,1998-11-01,4958,2012,1998,195.0,6.6,349.0
1586,66840,gig harbor,WA,c22v68,c22v68h,c22v68h,47.32944,-122.5789,47.3294444,-122.5788889,1999-08-18,2013-11-01,5189,1999,2013,1.0,6.57,350.0
3683,31825,redding,CA,9r0yyu,9r0yyut,9r0yyut,40.58667,-122.3906,40.5866667,-122.3905556,1992-01-01,2006-03-15,5187,1992,2006,4.0,6.57,350.0
2779,6848,san diego,CA,9mudn5,9mudn59,9mudn59,32.71528,-117.1564,32.7152778,-117.1563889,1981-02-15,1995-04-30,5187,1981,1995,1.0,6.57,350.0
4094,42559,benton,AR,9ynhth,9ynhthk,9ynhthk,34.56444,-92.58667,34.5644444,-92.5866667,1994-10-15,2009-01-03,5194,1994,2009,1.0,6.56,351.0
12587,20166,venice,FL,dhv65t,dhv65tn,dhv65tq,27.099,-82.454,27.0994444,-82.4544444,1988-08-01,2002-08-27,5139,1988,2002,66.0,6.55,352.0
2779,6906,san diego (ocean beach),CA,9mudn5,9mudn59,9mudn59,32.71528,-117.1564,32.7152778,-117.1563889,1981-02-15,1995-05-20,5207,1981,1995,1.0,6.55,352.0
1637,45293,mountain home,AR,9yqq9w,9yqq9wx,9yqq9wx,36.33528,-92.385,36.3352778,-92.385,1995-05-15,2009-09-07,5229,1995,2009,0.0,6.52,353.0
502,57459,foresthill,CA,9qfjfx,9qfjfx0,9qfjfxr,39.01917,-120.8275,39.0202778,-120.8169444,2000-06-17,2012-06-21,4387,2000,2012,920.0,6.49,354.0
13663,2492,windsor,NC,dq3kc1,dq3kc11,dq3kc13,35.998,-76.946,35.9983333,-76.9463889,1989-11-11,1975-06-30,5248,1989,1975,51.0,6.44,355.0
8351,64104,willis,MI,dpkxfd,dpkxfdg,dpkxfdd,42.15965,-83.55718,42.1583333,-83.5580556,1999-06-19,2013-07-04,5129,1999,2013,163.0,6.43,356.0
65975,32698,whitehall,NY,drezc9,drezc9y,drezc9h,43.56058,-73.40212,43.5555556,-73.4041667,2019-06-12,2006-07-05,4725,2019,2006,583.0,6.42,357.0
3683,33095,redding,CA,9r0yyu,9r0yyut,9r0yyut,40.58667,-122.3906,40.5866667,-122.3905556,1992-01-01,2006-08-13,5338,1992,2006,4.0,6.4,358.0
3683,33183,redding,CA,9r0yyu,9r0yyut,9r0yyut,40.58667,-122.3906,40.5866667,-122.3905556,1992-01-01,2006-08-20,5345,1992,2006,4.0,6.39,359.0
2558,31977,shingletown,CA,9r1q67,9r1q677,9r1q677,40.4925,-121.8881,40.4925,-121.8880556,1991-08-01,2006-04-05,5361,1991,2006,4.0,6.37,360.0
51044,15337,panama city beach,FL,dj6gxm,dj6gxmq,dj6gxmq,30.1766,-85.8055,30.1763889,-85.8055556,2015-07-14,2000-10-26,5374,2015,2000,24.0,6.33,361.0
2779,7665,san diego,CA,9mudn5,9mudn59,9mudn59,32.71528,-117.1564,32.7152778,-117.1563889,1981-02-15,1995-12-29,5430,1981,1995,1.0,6.3,362.0
2744,10819,battle ground,WA,c20u7w,c20u7wn,c20u7wn,45.7811,-122.5322,45.7811111,-122.5322222,1984-01-15,1998-11-23,5426,1984,1998,2.0,6.3,362.0
2779,7673,san diego,CA,9mudn5,9mudn59,9mudn59,32.71528,-117.1564,32.7152778,-117.1563889,1981-02-15,1996-01-01,5433,1981,1996,1.0,6.29,363.0
2779,7703,san diego,CA,9mudn5,9mudn59,9mudn59,32.71528,-117.1564,32.7152778,-117.1563889,1981-02-15,1996-01-18,5450,1981,1996,1.0,6.28,364.0
2779,7839,san diego,CA,9mudn5,9mudn59,9mudn59,32.71528,-117.1564,32.7152778,-117.1563889,1981-02-15,1996-04-05,5528,1981,1996,1.0,6.19,365.0
2779,7841,san diego,CA,9mudn5,9mudn59,9mudn59,32.71528,-117.1564,32.7152778,-117.1563889,1981-02-15,1996-04-05,5528,1981,1996,1.0,6.19,365.0
2779,7842,san diego,CA,9mudn5,9mudn59,9mudn59,32.71528,-117.1564,32.7152778,-117.1563889,1981-02-15,1996-04-05,5528,1981,1996,1.0,6.19,365.0
2779,7838,san diego,CA,9mudn5,9mudn59,9mudn59,32.71528,-117.1564,32.7152778,-117.1563889,1981-02-15,1996-04-05,5528,1981,1996,1.0,6.19,365.0
2779,7840,san diego,CA,9mudn5,9mudn59,9mudn59,32.71528,-117.1564,32.7152778,-117.1563889,1981-02-15,1996-04-05,5528,1981,1996,1.0,6.19,365.0
4094,46461,benton,AR,9ynhth,9ynhthk,9ynhthk,34.56444,-92.58667,34.5644444,-92.5866667,1994-10-15,2010-01-01,5557,1994,2010,1.0,6.16,366.0
2779,8030,san diego,CA,9mudn5,9mudn59,9mudn59,32.71528,-117.1564,32.7152778,-117.1563889,1981-02-15,1996-06-17,5601,1981,1996,1.0,6.12,367.0
2779,8031,san diego,CA,9mudn5,9mudn59,9mudn59,32.71528,-117.1564,32.7152778,-117.1563889,1981-02-15,1996-06-18,5602,1981,1996,1.0,6.12,367.0
12587,23506,venice,FL,dhv65t,dhv65tn,dhv65tq,27.099,-82.454,27.0994444,-82.4544444,1988-08-01,2003-10-17,5555,1988,2003,66.0,6.09,368.0
12587,23796,venice,FL,dhv65t,dhv65tn,dhv65tq,27.099,-82.454,27.0994444,-82.4544444,1988-08-01,2003-11-08,5577,1988,2003,66.0,6.06,369.0
15108,35467,black mountain,NC,dnm6ws,dnm6wsp,dnm6wsp,35.618,-82.321,35.6177778,-82.3213889,1991-11-17,2007-04-18,5631,1991,2007,43.0,6.04,370.0
3683,36711,redding,CA,9r0yyu,9r0yyut,9r0yyut,40.58667,-122.3906,40.5866667,-122.3905556,1992-01-01,2007-08-16,5706,1992,2007,4.0,6.01,371.0
4094,47698,benton,AR,9ynhth,9ynhthk,9ynhthk,34.56444,-92.58667,34.5644444,-92.5866667,1994-10-15,2010-06-22,5729,1994,2010,1.0,5.99,372.0
1637,50674,mountain home,AR,9yqq9w,9yqq9wx,9yqq9wx,36.33528,-92.385,36.3352778,-92.385,1995-05-15,2011-02-15,5755,1995,2011,0.0,5.96,373.0
919,3657,south lake tahoe,CA,9qftmx,9qftmxw,9qftmxw,38.93333,-119.9833,38.9333333,-119.9833333,1996-04-10,1980-06-30,5763,1996,1980,3.0,5.95,374.0
3683,37731,redding,CA,9r0yyu,9r0yyut,9r0yyut,40.58667,-122.3906,40.5866667,-122.3905556,1992-01-01,2007-11-09,5791,1992,2007,4.0,5.92,375.0
6746,10777,south lake tahoe (meyers),CA,9qftmx,9qftmxw,9qftmxw,38.93333,-119.9833,38.9333333,-119.9833333,1983-01-01,1998-11-17,5799,1983,1998,3.0,5.92,375.0
25592,15082,portland,TN,dnd2p7,dnd2p7j,dnd2p72,36.5802,-86.5104,36.5816667,-86.5163889,1986-05-24,2000-09-21,5234,1986,2000,559.0,5.86,376.0
4885,4612,nevada city,CA,9qczq5,9qczq5r,9qczq5r,39.26167,-121.015,39.2616667,-121.015,2002-08-01,1986-07-01,5875,2002,1986,0.0,5.85,377.0
2779,8606,san diego,CA,9mudn5,9mudn59,9mudn59,32.71528,-117.1564,32.7152778,-117.1563889,1981-02-15,1997-03-17,5874,1981,1997,1.0,5.85,377.0
2779,8595,san diego,CA,9mudn5,9mudn59,9mudn59,32.71528,-117.1564,32.7152778,-117.1563889,1981-02-15,1997-03-15,5872,1981,1997,1.0,5.85,377.0
919,57015,south lake tahoe,CA,9qftmx,9qftmxw,9qftmxw,38.93333,-119.9833,38.9333333,-119.9833333,1996-04-10,2012-05-26,5890,1996,2012,3.0,5.83,378.0
2779,8669,san diego,CA,9mudn5,9mudn59,9mudn59,32.71528,-117.1564,32.7152778,-117.1563889,1981-02-15,1997-04-13,5901,1981,1997,1.0,5.82,379.0
1571,36463,ione,WA,c2st21,c2st21h,c2st21h,48.74111,-117.4161,48.7411111,-117.4161111,1991-05-10,2007-07-26,5921,1991,2007,1.0,5.81,380.0
51044,11609,panama city beach,FL,dj6gxm,dj6gxmq,dj6gxmq,30.1766,-85.8055,30.1763889,-85.8055556,2015-07-14,1999-05-20,5899,2015,1999,24.0,5.8,381.0
2779,8751,san diego,CA,9mudn5,9mudn59,9mudn59,32.71528,-117.1564,32.7152778,-117.1563889,1981-02-15,1997-05-15,5933,1981,1997,1.0,5.79,382.0
3683,39435,redding,CA,9r0yyu,9r0yyut,9r0yyut,40.58667,-122.3906,40.5866667,-122.3905556,1992-01-01,2008-04-21,5955,1992,2008,4.0,5.77,383.0
3683,39440,redding,CA,9r0yyu,9r0yyut,9r0yyut,40.58667,-122.3906,40.5866667,-122.3905556,1992-01-01,2008-04-21,5955,1992,2008,4.0,5.77,383.0
2779,8959,san diego,CA,9mudn5,9mudn59,9mudn59,32.71528,-117.1564,32.7152778,-117.1563889,1981-02-15,1997-07-04,5983,1981,1997,1.0,5.75,384.0
1533,10051,craig (5 miles east of),MT,c827u1,c827u1x,c827u1x,47.07444,-111.9625,47.0744444,-111.9625,1981-12-20,1998-06-28,6034,1981,1998,0.0,5.7,385.0
2779,9271,san diego,CA,9mudn5,9mudn59,9mudn59,32.71528,-117.1564,32.7152778,-117.1563889,1981-02-15,1997-10-14,6085,1981,1997,1.0,5.66,386.0
3683,41886,redding,CA,9r0yyu,9r0yyut,9r0yyut,40.58667,-122.3906,40.5866667,-122.3905556,1992-01-01,2008-11-01,6149,1992,2008,4.0,5.6,387.0
815,25925,lexington,MI,dptq1u,dptq1uw,dptq1uw,43.26806,-82.53083,43.2680556,-82.5308333,1987-08-15,2004-06-26,6160,1987,2004,1.0,5.59,388.0
815,26279,lexington,MI,dptq1u,dptq1uw,dptq1uw,43.26806,-82.53083,43.2680556,-82.5308333,1987-08-15,2004-07-28,6192,1987,2004,1.0,5.57,389.0
1637,57329,mountain home,AR,9yqq9w,9yqq9wx,9yqq9wx,36.33528,-92.385,36.3352778,-92.385,1995-05-15,2012-06-15,6241,1995,2012,0.0,5.53,390.0
2779,9672,san diego,CA,9mudn5,9mudn59,9mudn59,32.71528,-117.1564,32.7152778,-117.1563889,1981-02-15,1998-03-13,6235,1981,1998,1.0,5.53,390.0
2779,9752,san diego,CA,9mudn5,9mudn59,9mudn59,32.71528,-117.1564,32.7152778,-117.1563889,1981-02-15,1998-04-09,6262,1981,1998,1.0,5.51,391.0
2326,3859,foresthill,CA,9qfjfx,9qfjfxr,9qfjfxr,39.02028,-120.8169,39.0202778,-120.8169444,1998-09-07,1981-07-28,6250,1998,1981,4.0,5.51,391.0
51044,9946,panama city beach,FL,dj6gxm,dj6gxmq,dj6gxmq,30.1766,-85.8055,30.1763889,-85.8055556,2015-07-14,1998-06-04,6249,2015,1998,24.0,5.49,392.0
2779,9834,san diego,CA,9mudn5,9mudn59,9mudn59,32.71528,-117.1564,32.7152778,-117.1563889,1981-02-15,1998-05-01,6284,1981,1998,1.0,5.49,392.0
2779,9844,san diego,CA,9mudn5,9mudn59,9mudn59,32.71528,-117.1564,32.7152778,-117.1563889,1981-02-15,1998-05-04,6287,1981,1998,1.0,5.49,392.0
2744,16439,battle ground,WA,c20u7w,c20u7wn,c20u7wn,45.7811,-122.5322,45.7811111,-122.5322222,1984-01-15,2001-04-09,6294,1984,2001,2.0,5.48,393.0
15108,42498,black mountain,NC,dnm6ws,dnm6wsp,dnm6wsp,35.618,-82.321,35.6177778,-82.3213889,1991-11-17,2008-12-30,6253,1991,2008,43.0,5.47,394.0
12587,29989,venice,FL,dhv65t,dhv65tn,dhv65tq,27.099,-82.454,27.0994444,-82.4544444,1988-08-01,2005-09-04,6243,1988,2005,66.0,5.45,395.0
1637,60113,mountain home,AR,9yqq9w,9yqq9wx,9yqq9wx,36.33528,-92.385,36.3352778,-92.385,1995-05-15,2012-10-13,6361,1995,2012,0.0,5.43,396.0
1637,59944,mountain home,AR,9yqq9w,9yqq9wx,9yqq9wx,36.33528,-92.385,36.3352778,-92.385,1995-05-15,2012-10-05,6353,1995,2012,0.0,5.43,396.0
2779,10196,san diego,CA,9mudn5,9mudn59,9mudn59,32.71528,-117.1564,32.7152778,-117.1563889,1981-02-15,1998-07-31,6375,1981,1998,1.0,5.41,397.0
3683,44455,redding,CA,9r0yyu,9r0yyut,9r0yyut,40.58667,-122.3906,40.5866667,-122.3905556,1992-01-01,2009-07-05,6395,1992,2009,4.0,5.4,398.0
3683,44481,redding,CA,9r0yyu,9r0yyut,9r0yyut,40.58667,-122.3906,40.5866667,-122.3905556,1992-01-01,2009-07-06,6396,1992,2009,4.0,5.39,399.0
2779,10320,san diego,CA,9mudn5,9mudn59,9mudn59,32.71528,-117.1564,32.7152778,-117.1563889,1981-02-15,1998-08-28,6403,1981,1998,1.0,5.39,399.0
3683,44755,redding,CA,9r0yyu,9r0yyut,9r0yyut,40.58667,-122.3906,40.5866667,-122.3905556,1992-01-01,2009-07-25,6415,1992,2009,4.0,5.38,400.0
2779,10397,san diego (point loma/ocean beach area),CA,9mudn5,9mudn59,9mudn59,32.71528,-117.1564,32.7152778,-117.1563889,1981-02-15,1998-09-16,6422,1981,1998,1.0,5.38,400.0
12587,31350,venice,FL,dhv65t,dhv65tn,dhv65tq,27.099,-82.454,27.0994444,-82.4544444,1988-08-01,2006-01-02,6363,1988,2006,66.0,5.35,401.0
3683,45476,redding,CA,9r0yyu,9r0yyut,9r0yyut,40.58667,-122.3906,40.5866667,-122.3905556,1992-01-01,2009-09-18,6470,1992,2009,4.0,5.34,402.0
2744,17982,battle ground,WA,c20u7w,c20u7wn,c20u7wn,45.7811,-122.5322,45.7811111,-122.5322222,1984-01-15,2001-10-17,6485,1984,2001,2.0,5.33,403.0
2779,10752,san diego (camp pendleton),CA,9mudn5,9mudn59,9mudn59,32.71528,-117.1564,32.7152778,-117.1563889,1981-02-15,1998-11-15,6482,1981,1998,1.0,5.33,403.0
2779,10839,san diego,CA,9mudn5,9mudn59,9mudn59,32.71528,-117.1564,32.7152778,-117.1563889,1981-02-15,1998-11-26,6493,1981,1998,1.0,5.32,404.0
3683,45714,redding,CA,9r0yyu,9r0yyut,9r0yyut,40.58667,-122.3906,40.5866667,-122.3905556,1992-01-01,2009-10-02,6484,1992,2009,4.0,5.32,404.0
3683,45972,redding,CA,9r0yyu,9r0yyut,9r0yyut,40.58667,-122.3906,40.5866667,-122.3905556,1992-01-01,2009-11-01,6514,1992,2009,4.0,5.3,405.0
2779,11142,san diego (pe&ntilde;asquitos),CA,9mudn5,9mudn59,9mudn59,32.71528,-117.1564,32.7152778,-117.1563889,1981-02-15,1999-02-10,6569,1981,1999,1.0,5.26,406.0
2779,11232,san diego,CA,9mudn5,9mudn59,9mudn59,32.71528,-117.1564,32.7152778,-117.1563889,1981-02-15,1999-02-27,6586,1981,1999,1.0,5.25,407.0
65943,21313,sequoia national park,CA,9qe812,9qe8120,9qe8122,36.56304,-118.7729,36.5641667,-118.7727778,2020-08-15,2003-01-18,6419,2020,2003,126.0,5.25,407.0
2779,11376,san diego (southbay),CA,9mudn5,9mudn59,9mudn59,32.71528,-117.1564,32.7152778,-117.1563889,1981-02-15,1999-04-01,6619,1981,1999,1.0,5.23,408.0
3683,46734,redding,CA,9r0yyu,9r0yyut,9r0yyut,40.58667,-122.3906,40.5866667,-122.3905556,1992-01-01,2010-02-14,6619,1992,2010,4.0,5.22,409.0
1637,64264,mountain home,AR,9yqq9w,9yqq9wx,9yqq9wx,36.33528,-92.385,36.3352778,-92.385,1995-05-15,2013-07-06,6627,1995,2013,0.0,5.22,409.0
1637,64698,mountain home,AR,9yqq9w,9yqq9wx,9yqq9wx,36.33528,-92.385,36.3352778,-92.385,1995-05-15,2013-07-29,6650,1995,2013,0.0,5.2,410.0
2779,11600,san diego,CA,9mudn5,9mudn59,9mudn59,32.71528,-117.1564,32.7152778,-117.1563889,1981-02-15,1999-05-19,6667,1981,1999,1.0,5.19,411.0
2779,11813,san diego,CA,9mudn5,9mudn59,9mudn59,32.71528,-117.1564,32.7152778,-117.1563889,1981-02-15,1999-06-23,6702,1981,1999,1.0,5.16,412.0
7804,4612,nevada city,CA,9qczq5,9qczq5w,9qczq5r,39.26361,-121.0161,39.2616667,-121.015,2004-01-04,1986-07-01,6396,2004,1986,236.0,5.16,412.0
2779,11933,san diego,CA,9mudn5,9mudn59,9mudn59,32.71528,-117.1564,32.7152778,-117.1563889,1981-02-15,1999-07-10,6719,1981,1999,1.0,5.15,413.0
3683,47719,redding,CA,9r0yyu,9r0yyut,9r0yyut,40.58667,-122.3906,40.5866667,-122.3905556,1992-01-01,2010-06-24,6749,1992,2010,4.0,5.13,414.0
2779,12284,san diego,CA,9mudn5,9mudn59,9mudn59,32.71528,-117.1564,32.7152778,-117.1563889,1981-02-15,1999-08-28,6768,1981,1999,1.0,5.12,415.0
3683,48129,redding,CA,9r0yyu,9r0yyut,9r0yyut,40.58667,-122.3906,40.5866667,-122.3905556,1992-01-01,2010-07-08,6763,1992,2010,4.0,5.12,415.0
65943,19781,sequoia national park,CA,9qe812,9qe8120,9qe8122,36.56304,-118.7729,36.5641667,-118.7727778,2020-08-15,2002-07-23,6598,2020,2002,126.0,5.11,416.0
2779,12564,san diego,CA,9mudn5,9mudn59,9mudn59,32.71528,-117.1564,32.7152778,-117.1563889,1981-02-15,1999-09-21,6792,1981,1999,1.0,5.1,417.0
2779,12679,san diego,CA,9mudn5,9mudn59,9mudn59,32.71528,-117.1564,32.7152778,-117.1563889,1981-02-15,1999-10-10,6811,1981,1999,1.0,5.09,418.0
3683,48827,redding,CA,9r0yyu,9r0yyut,9r0yyut,40.58667,-122.3906,40.5866667,-122.3905556,1992-01-01,2010-08-24,6810,1992,2010,4.0,5.08,419.0
2779,12878,san diego,CA,9mudn5,9mudn59,9mudn59,32.71528,-117.1564,32.7152778,-117.1563889,1981-02-15,1999-11-01,6833,1981,1999,1.0,5.07,420.0
2779,12861,san diego  (spring valley) (20 mi. e of sd airport),CA,9mudn5,9mudn59,9mudn59,32.71528,-117.1564,32.7152778,-117.1563889,1981-02-15,1999-10-31,6832,1981,1999,1.0,5.07,420.0
2779,12856,san diego,CA,9mudn5,9mudn59,9mudn59,32.71528,-117.1564,32.7152778,-117.1563889,1981-02-15,1999-10-30,6831,1981,1999,1.0,5.07,420.0
69437,18899,chama,NM,9ws1yt,9ws1ytz,9ws1ytz,36.90237,-106.5784,36.9030556,-106.5788889,2020-07-20,2002-03-13,6704,2020,2002,88.0,5.07,420.0
2779,13167,san diego,CA,9mudn5,9mudn59,9mudn59,32.71528,-117.1564,32.7152778,-117.1563889,1981-02-15,1999-11-18,6850,1981,1999,1.0,5.06,421.0
2779,13272,san diego,CA,9mudn5,9mudn59,9mudn59,32.71528,-117.1564,32.7152778,-117.1563889,1981-02-15,1999-12-05,6867,1981,1999,1.0,5.05,422.0
2779,13275,san diego,CA,9mudn5,9mudn59,9mudn59,32.71528,-117.1564,32.7152778,-117.1563889,1981-02-15,1999-12-06,6868,1981,1999,1.0,5.05,422.0
2779,13214,san diego,CA,9mudn5,9mudn59,9mudn59,32.71528,-117.1564,32.7152778,-117.1563889,1981-02-15,1999-11-27,6859,1981,1999,1.0,5.05,422.0
2779,13227,san diego,CA,9mudn5,9mudn59,9mudn59,32.71528,-117.1564,32.7152778,-117.1563889,1981-02-15,1999-11-29,6861,1981,1999,1.0,5.05,422.0
2779,13404,san diego,CA,9mudn5,9mudn59,9mudn59,32.71528,-117.1564,32.7152778,-117.1563889,1981-02-15,2000-01-01,6894,1981,2000,1.0,5.03,423.0
6746,18147,south lake tahoe,CA,9qftmx,9qftmxw,9qftmxw,38.93333,-119.9833,38.9333333,-119.9833333,1983-01-01,2001-11-12,6890,1983,2001,3.0,5.03,423.0
2779,13376,san diego,CA,9mudn5,9mudn59,9mudn59,32.71528,-117.1564,32.7152778,-117.1563889,1981-02-15,1999-12-26,6888,1981,1999,1.0,5.03,423.0
2779,13486,san diego,CA,9mudn5,9mudn59,9mudn59,32.71528,-117.1564,32.7152778,-117.1563889,1981-02-15,2000-01-11,6904,1981,2000,1.0,5.02,424.0
2779,13479,san diego,CA,9mudn5,9mudn59,9mudn59,32.71528,-117.1564,32.7152778,-117.1563889,1981-02-15,2000-01-10,6903,1981,2000,1.0,5.02,424.0
1637,70183,mountain home,AR,9yqq9w,9yqq9wx,9yqq9wx,36.33528,-92.385,36.3352778,-92.385,1995-05-15,2014-05-01,6926,1995,2014,0.0,5.01,425.0
2779,13550,san diego,CA,9mudn5,9mudn59,9mudn59,32.71528,-117.1564,32.7152778,-117.1563889,1981-02-15,2000-01-22,6915,1981,2000,1.0,5.01,425.0
3683,50238,redding,CA,9r0yyu,9r0yyut,9r0yyut,40.58667,-122.3906,40.5866667,-122.3905556,1992-01-01,2010-12-29,6937,1992,2010,4.0,4.99,426.0
3683,50553,redding,CA,9r0yyu,9r0yyut,9r0yyut,40.58667,-122.3906,40.5866667,-122.3905556,1992-01-01,2011-02-02,6972,1992,2011,4.0,4.97,427.0
3683,50736,redding,CA,9r0yyu,9r0yyut,9r0yyut,40.58667,-122.3906,40.5866667,-122.3905556,1992-01-01,2011-02-22,6992,1992,2011,4.0,4.96,428.0
2779,13980,san diego,CA,9mudn5,9mudn59,9mudn59,32.71528,-117.1564,32.7152778,-117.1563889,1981-02-15,2000-04-15,6999,1981,2000,1.0,4.96,428.0
51044,8063,panama city beach (behind club lavela),FL,dj6gxm,dj6gxmq,dj6gxmq,30.1766,-85.8055,30.1763889,-85.8055556,2015-07-14,1996-07-01,6952,2015,1996,24.0,4.96,428.0
12587,36284,venice,FL,dhv65t,dhv65tn,dhv65tq,27.099,-82.454,27.0994444,-82.4544444,1988-08-01,2007-07-11,6918,1988,2007,66.0,4.95,429.0
2779,13988,san diego,CA,9mudn5,9mudn59,9mudn59,32.71528,-117.1564,32.7152778,-117.1563889,1981-02-15,2000-04-16,7000,1981,2000,1.0,4.95,429.0
4886,26946,ft. bragg,CA,9ppbqu,9ppbqub,9ppbqub,39.44583,-123.8042,39.4458333,-123.8041667,1985-07-01,2004-09-20,7021,1985,2004,3.0,4.94,430.0
2779,14374,san diego,CA,9mudn5,9mudn59,9mudn59,32.71528,-117.1564,32.7152778,-117.1563889,1981-02-15,2000-06-26,7071,1981,2000,1.0,4.91,431.0
2779,14488,san diego (mira mesa),CA,9mudn5,9mudn59,9mudn59,32.71528,-117.1564,32.7152778,-117.1563889,1981-02-15,2000-07-07,7082,1981,2000,1.0,4.9,432.0
2779,14472,san diego,CA,9mudn5,9mudn59,9mudn59,32.71528,-117.1564,32.7152778,-117.1563889,1981-02-15,2000-07-05,7080,1981,2000,1.0,4.9,432.0
2779,14654,san diego,CA,9mudn5,9mudn59,9mudn59,32.71528,-117.1564,32.7152778,-117.1563889,1981-02-15,2000-07-25,7100,1981,2000,1.0,4.89,433.0
3683,51551,redding,CA,9r0yyu,9r0yyut,9r0yyut,40.58667,-122.3906,40.5866667,-122.3905556,1992-01-01,2011-05-30,7089,1992,2011,4.0,4.89,433.0
2779,14656,san diego,CA,9mudn5,9mudn59,9mudn59,32.71528,-117.1564,32.7152778,-117.1563889,1981-02-15,2000-07-25,7100,1981,2000,1.0,4.89,433.0
2779,14653,san diego,CA,9mudn5,9mudn59,9mudn59,32.71528,-117.1564,32.7152778,-117.1563889,1981-02-15,2000-07-25,7100,1981,2000,1.0,4.89,433.0
3683,51732,redding,CA,9r0yyu,9r0yyut,9r0yyut,40.58667,-122.3906,40.5866667,-122.3905556,1992-01-01,2011-06-17,7107,1992,2011,4.0,4.88,434.0
2779,14904,san diego,CA,9mudn5,9mudn59,9mudn59,32.71528,-117.1564,32.7152778,-117.1563889,1981-02-15,2000-08-26,7132,1981,2000,1.0,4.87,435.0
2779,14905,san diego,CA,9mudn5,9mudn59,9mudn59,32.71528,-117.1564,32.7152778,-117.1563889,1981-02-15,2000-08-26,7132,1981,2000,1.0,4.87,435.0
2779,14850,san diego,CA,9mudn5,9mudn59,9mudn59,32.71528,-117.1564,32.7152778,-117.1563889,1981-02-15,2000-08-19,7125,1981,2000,1.0,4.87,435.0
2779,14902,san diego,CA,9mudn5,9mudn59,9mudn59,32.71528,-117.1564,32.7152778,-117.1563889,1981-02-15,2000-08-26,7132,1981,2000,1.0,4.87,435.0
3683,52119,redding,CA,9r0yyu,9r0yyut,9r0yyut,40.58667,-122.3906,40.5866667,-122.3905556,1992-01-01,2011-07-04,7124,1992,2011,4.0,4.87,435.0
2779,14903,san diego,CA,9mudn5,9mudn59,9mudn59,32.71528,-117.1564,32.7152778,-117.1563889,1981-02-15,2000-08-26,7132,1981,2000,1.0,4.87,435.0
51044,7696,panama city beach,FL,dj6gxm,dj6gxmq,dj6gxmq,30.1766,-85.8055,30.1763889,-85.8055556,2015-07-14,1996-01-15,7120,2015,1996,24.0,4.85,436.0
2779,15057,san diego,CA,9mudn5,9mudn59,9mudn59,32.71528,-117.1564,32.7152778,-117.1563889,1981-02-15,2000-09-18,7155,1981,2000,1.0,4.85,436.0
2779,15050,san diego,CA,9mudn5,9mudn59,9mudn59,32.71528,-117.1564,32.7152778,-117.1563889,1981-02-15,2000-09-18,7155,1981,2000,1.0,4.85,436.0
1571,50459,ione,WA,c2st21,c2st21h,c2st21h,48.74111,-117.4161,48.7411111,-117.4161111,1991-05-10,2011-01-18,7193,1991,2011,1.0,4.83,437.0
2779,15374,san diego,CA,9mudn5,9mudn59,9mudn59,32.71528,-117.1564,32.7152778,-117.1563889,1981-02-15,2000-10-30,7197,1981,2000,1.0,4.83,437.0
2779,15489,san diego,CA,9mudn5,9mudn59,9mudn59,32.71528,-117.1564,32.7152778,-117.1563889,1981-02-15,2000-11-14,7212,1981,2000,1.0,4.82,438.0
5260,6987,crescent city,CA,9prtt9,9prtt9r,9prtt9r,41.75611,-124.2006,41.7561111,-124.2005556,1975-09-01,1995-06-10,7222,1975,1995,4.0,4.81,439.0
2779,15661,san diego,CA,9mudn5,9mudn59,9mudn59,32.71528,-117.1564,32.7152778,-117.1563889,1981-02-15,2000-12-15,7243,1981,2000,1.0,4.8,440.0
919,2668,south lake tahoe,CA,9qftmx,9qftmxw,9qftmxw,38.93333,-119.9833,38.9333333,-119.9833333,1996-04-10,1976-05-29,7256,1996,1976,3.0,4.79,441.0
1586,3538,gig harbor,WA,c22v68,c22v68h,c22v68h,47.32944,-122.5789,47.3294444,-122.5788889,1999-08-18,1979-10-15,7247,1999,1979,1.0,4.79,441.0
10653,227,puyallup,WA,c23h3j,c23h3jv,c23h3jv,47.18556,-122.2917,47.1855556,-122.2916667,1974-06-27,1954-08-15,7256,1974,1954,3.0,4.79,441.0
2779,15809,san diego,CA,9mudn5,9mudn59,9mudn59,32.71528,-117.1564,32.7152778,-117.1563889,1981-02-15,2001-01-05,7264,1981,2001,1.0,4.78,442.0
5260,7258,crescent city,CA,9prtt9,9prtt9r,9prtt9r,41.75611,-124.2006,41.7561111,-124.2005556,1975-09-01,1995-08-15,7288,1975,1995,4.0,4.77,443.0
3683,54514,redding,CA,9r0yyu,9r0yyut,9r0yyut,40.58667,-122.3906,40.5866667,-122.3905556,1992-01-01,2011-12-02,7275,1992,2011,4.0,4.77,443.0
147,3657,south lake tahoe,CA,9qftmx,9qftmxw,9qftmxw,38.93333,-119.9833,38.9333333,-119.9833333,2000-06-15,1980-06-30,7290,2000,1980,3.0,4.77,443.0
2779,16045,san diego,CA,9mudn5,9mudn59,9mudn59,32.71528,-117.1564,32.7152778,-117.1563889,1981-02-15,2001-02-10,7300,1981,2001,1.0,4.76,444.0
5260,7313,crescent city,CA,9prtt9,9prtt9r,9prtt9r,41.75611,-124.2006,41.7561111,-124.2005556,1975-09-01,1995-08-25,7298,1975,1995,4.0,4.76,444.0
3683,55252,redding,CA,9r0yyu,9r0yyut,9r0yyut,40.58667,-122.3906,40.5866667,-122.3905556,1992-01-01,2012-01-17,7321,1992,2012,4.0,4.75,445.0
3683,55365,redding,CA,9r0yyu,9r0yyut,9r0yyut,40.58667,-122.3906,40.5866667,-122.3905556,1992-01-01,2012-01-26,7330,1992,2012,4.0,4.74,446.0
5260,7496,crescent city,CA,9prtt9,9prtt9r,9prtt9r,41.75611,-124.2006,41.7561111,-124.2005556,1975-09-01,1995-10-17,7351,1975,1995,4.0,4.73,447.0
5260,7472,crescent city,CA,9prtt9,9prtt9r,9prtt9r,41.75611,-124.2006,41.7561111,-124.2005556,1975-09-01,1995-10-13,7347,1975,1995,4.0,4.73,447.0
4403,7423,maple valley,WA,c23jwy,c23jwyp,c23jwyp,47.40667,-122.0375,47.4066667,-122.0375,1975-07-31,1995-09-25,7361,1975,1995,0.0,4.72,448.0
3683,55869,redding,CA,9r0yyu,9r0yyut,9r0yyut,40.58667,-122.3906,40.5866667,-122.3905556,1992-01-01,2012-03-10,7374,1992,2012,4.0,4.71,449.0
2779,16613,san diego,CA,9mudn5,9mudn59,9mudn59,32.71528,-117.1564,32.7152778,-117.1563889,1981-02-15,2001-05-10,7389,1981,2001,1.0,4.71,449.0
5260,7670,crescent city,CA,9prtt9,9prtt9r,9prtt9r,41.75611,-124.2006,41.7561111,-124.2005556,1975-09-01,1996-01-01,7427,1975,1996,4.0,4.68,450.0
2779,17022,san diego,CA,9mudn5,9mudn59,9mudn59,32.71528,-117.1564,32.7152778,-117.1563889,1981-02-15,2001-07-03,7443,1981,2001,1.0,4.67,451.0
2779,17021,san diego,CA,9mudn5,9mudn59,9mudn59,32.71528,-117.1564,32.7152778,-117.1563889,1981-02-15,2001-07-03,7443,1981,2001,1.0,4.67,451.0
3683,56830,redding,CA,9r0yyu,9r0yyut,9r0yyut,40.58667,-122.3906,40.5866667,-122.3905556,1992-01-01,2012-05-13,7438,1992,2012,4.0,4.67,451.0
2779,17286,san diego,CA,9mudn5,9mudn59,9mudn59,32.71528,-117.1564,32.7152778,-117.1563889,1981-02-15,2001-07-31,7471,1981,2001,1.0,4.66,452.0
2779,17498,san diego (point loma),CA,9mudn5,9mudn59,9mudn59,32.71528,-117.1564,32.7152778,-117.1563889,1981-02-15,2001-08-20,7491,1981,2001,1.0,4.65,453.0
2779,17391,san diego,CA,9mudn5,9mudn59,9mudn59,32.71528,-117.1564,32.7152778,-117.1563889,1981-02-15,2001-08-11,7482,1981,2001,1.0,4.65,453.0
3683,57648,redding,CA,9r0yyu,9r0yyut,9r0yyut,40.58667,-122.3906,40.5866667,-122.3905556,1992-01-01,2012-06-28,7484,1992,2012,4.0,4.65,453.0
3683,58103,redding,CA,9r0yyu,9r0yyut,9r0yyut,40.58667,-122.3906,40.5866667,-122.3905556,1992-01-01,2012-07-11,7497,1992,2012,4.0,4.64,454.0
2779,17517,san diego,CA,9mudn5,9mudn59,9mudn59,32.71528,-117.1564,32.7152778,-117.1563889,1981-02-15,2001-08-21,7492,1981,2001,1.0,4.64,454.0
3683,57905,redding,CA,9r0yyu,9r0yyut,9r0yyut,40.58667,-122.3906,40.5866667,-122.3905556,1992-01-01,2012-07-04,7490,1992,2012,4.0,4.64,454.0
2779,17666,san diego,CA,9mudn5,9mudn59,9mudn59,32.71528,-117.1564,32.7152778,-117.1563889,1981-02-15,2001-09-09,7511,1981,2001,1.0,4.63,455.0
4403,7806,maple valley,WA,c23jwy,c23jwyp,c23jwyp,47.40667,-122.0375,47.4066667,-122.0375,1975-07-31,1996-03-22,7540,1975,1996,0.0,4.62,456.0
1138,45903,waynesville,MO,9ywrjy,9ywrjym,9ywrjym,37.82861,-92.20055,37.8286111,-92.2005556,1989-02-15,2009-10-23,7555,1989,2009,1.0,4.61,457.0
2779,18150,san diego,CA,9mudn5,9mudn59,9mudn59,32.71528,-117.1564,32.7152778,-117.1563889,1981-02-15,2001-11-13,7576,1981,2001,1.0,4.6,458.0
2779,18251,san diego,CA,9mudn5,9mudn59,9mudn59,32.71528,-117.1564,32.7152778,-117.1563889,1981-02-15,2001-11-21,7584,1981,2001,1.0,4.59,459.0
2779,18240,san diego,CA,9mudn5,9mudn59,9mudn59,32.71528,-117.1564,32.7152778,-117.1563889,1981-02-15,2001-11-19,7582,1981,2001,1.0,4.59,459.0
3683,60699,redding,CA,9r0yyu,9r0yyut,9r0yyut,40.58667,-122.3906,40.5866667,-122.3905556,1992-01-01,2012-11-10,7619,1992,2012,4.0,4.57,460.0
10653,6996,puyallup,WA,c23h3j,c23h3jv,c23h3jv,47.18556,-122.2917,47.1855556,-122.2916667,1974-06-27,1995-06-11,7654,1974,1995,3.0,4.55,461.0
2779,18722,san diego,CA,9mudn5,9mudn59,9mudn59,32.71528,-117.1564,32.7152778,-117.1563889,1981-02-15,2002-02-09,7664,1981,2002,1.0,4.55,461.0
10653,7172,puyallup,WA,c23h3j,c23h3jv,c23h3jv,47.18556,-122.2917,47.1855556,-122.2916667,1974-06-27,1995-07-29,7702,1974,1995,3.0,4.52,462.0
10653,7228,puyallup,WA,c23h3j,c23h3jv,c23h3jv,47.18556,-122.2917,47.1855556,-122.2916667,1974-06-27,1995-08-11,7715,1974,1995,3.0,4.51,463.0
2779,19026,san diego,CA,9mudn5,9mudn59,9mudn59,32.71528,-117.1564,32.7152778,-117.1563889,1981-02-15,2002-04-07,7721,1981,2002,1.0,4.51,463.0
10653,7291,puyallup,WA,c23h3j,c23h3jv,c23h3jv,47.18556,-122.2917,47.1855556,-122.2916667,1974-06-27,1995-08-23,7727,1974,1995,3.0,4.51,463.0
10653,7405,puyallup,WA,c23h3j,c23h3jv,c23h3jv,47.18556,-122.2917,47.1855556,-122.2916667,1974-06-27,1995-09-20,7755,1974,1995,3.0,4.49,464.0
2779,19199,san diego,CA,9mudn5,9mudn59,9mudn59,32.71528,-117.1564,32.7152778,-117.1563889,1981-02-15,2002-05-10,7754,1981,2002,1.0,4.49,464.0
1138,47532,waynesville,MO,9ywrjy,9ywrjym,9ywrjym,37.82861,-92.20055,37.8286111,-92.2005556,1989-02-15,2010-06-01,7776,1989,2010,1.0,4.48,465.0
6746,25217,south lake tahoe,CA,9qftmx,9qftmxw,9qftmxw,38.93333,-119.9833,38.9333333,-119.9833333,1983-01-01,2004-04-11,7771,1983,2004,3.0,4.48,465.0
10653,7461,puyallup,WA,c23h3j,c23h3jv,c23h3jv,47.18556,-122.2917,47.1855556,-122.2916667,1974-06-27,1995-10-06,7771,1974,1995,3.0,4.48,465.0
10653,7516,puyallup,WA,c23h3j,c23h3jv,c23h3jv,47.18556,-122.2917,47.1855556,-122.2916667,1974-06-27,1995-10-25,7790,1974,1995,3.0,4.47,466.0
2779,19594,san diego,CA,9mudn5,9mudn59,9mudn59,32.71528,-117.1564,32.7152778,-117.1563889,1981-02-15,2002-07-03,7808,1981,2002,1.0,4.47,466.0
2779,19979,san diego,CA,9mudn5,9mudn59,9mudn59,32.71528,-117.1564,32.7152778,-117.1563889,1981-02-15,2002-08-10,7846,1981,2002,1.0,4.44,467.0
3683,64149,redding,CA,9r0yyu,9r0yyut,9r0yyut,40.58667,-122.3906,40.5866667,-122.3905556,1992-01-01,2013-07-04,7855,1992,2013,4.0,4.44,467.0
2779,20406,san diego,CA,9mudn5,9mudn59,9mudn59,32.71528,-117.1564,32.7152778,-117.1563889,1981-02-15,2002-09-19,7886,1981,2002,1.0,4.42,468.0
2779,20630,san diego,CA,9mudn5,9mudn59,9mudn59,32.71528,-117.1564,32.7152778,-117.1563889,1981-02-15,2002-10-15,7912,1981,2002,1.0,4.41,469.0
2779,20901,san diego,CA,9mudn5,9mudn59,9mudn59,32.71528,-117.1564,32.7152778,-117.1563889,1981-02-15,2002-11-21,7949,1981,2002,1.0,4.39,470.0
5104,26447,bear valley,CA,9qfdu6,9qfdu6q,9qfdu6q,38.46472,-120.0389,38.4647222,-120.0388889,1982-10-31,2004-08-15,7959,1982,2004,1.0,4.38,471.0
2779,21015,san diego,CA,9mudn5,9mudn59,9mudn59,32.71528,-117.1564,32.7152778,-117.1563889,1981-02-15,2002-12-06,7964,1981,2002,1.0,4.38,471.0
2779,21193,san diego,CA,9mudn5,9mudn59,9mudn59,32.71528,-117.1564,32.7152778,-117.1563889,1981-02-15,2003-01-06,7995,1981,2003,1.0,4.37,472.0
2779,21444,san diego,CA,9mudn5,9mudn59,9mudn59,32.71528,-117.1564,32.7152778,-117.1563889,1981-02-15,2003-02-08,8028,1981,2003,1.0,4.35,473.0
2779,21437,san diego,CA,9mudn5,9mudn59,9mudn59,32.71528,-117.1564,32.7152778,-117.1563889,1981-02-15,2003-02-07,8027,1981,2003,1.0,4.35,473.0
2779,21539,san diego,CA,9mudn5,9mudn59,9mudn59,32.71528,-117.1564,32.7152778,-117.1563889,1981-02-15,2003-02-20,8040,1981,2003,1.0,4.34,474.0
2779,21528,san diego,CA,9mudn5,9mudn59,9mudn59,32.71528,-117.1564,32.7152778,-117.1563889,1981-02-15,2003-02-17,8037,1981,2003,1.0,4.34,474.0
2779,21623,san diego,CA,9mudn5,9mudn59,9mudn59,32.71528,-117.1564,32.7152778,-117.1563889,1981-02-15,2003-03-10,8058,1981,2003,1.0,4.33,475.0
5260,9219,crescent city (80 miles west of),CA,9prtt9,9prtt9r,9prtt9r,41.75611,-124.2006,41.7561111,-124.2005556,1975-09-01,1997-09-19,8054,1975,1997,4.0,4.33,475.0
2779,21840,san diego,CA,9mudn5,9mudn59,9mudn59,32.71528,-117.1564,32.7152778,-117.1563889,1981-02-15,2003-04-27,8106,1981,2003,1.0,4.31,476.0
2779,21797,san diego,CA,9mudn5,9mudn59,9mudn59,32.71528,-117.1564,32.7152778,-117.1563889,1981-02-15,2003-04-20,8099,1981,2003,1.0,4.31,476.0
2779,21776,san diego,CA,9mudn5,9mudn59,9mudn59,32.71528,-117.1564,32.7152778,-117.1563889,1981-02-15,2003-04-14,8093,1981,2003,1.0,4.31,476.0
3683,69541,redding,CA,9r0yyu,9r0yyut,9r0yyut,40.58667,-122.3906,40.5866667,-122.3905556,1992-01-01,2014-03-26,8120,1992,2014,4.0,4.3,477.0
2779,21986,san diego,CA,9mudn5,9mudn59,9mudn59,32.71528,-117.1564,32.7152778,-117.1563889,1981-02-15,2003-05-23,8132,1981,2003,1.0,4.29,478.0
2779,22288,san diego,CA,9mudn5,9mudn59,9mudn59,32.71528,-117.1564,32.7152778,-117.1563889,1981-02-15,2003-07-04,8174,1981,2003,1.0,4.27,479.0
2779,22598,san diego,CA,9mudn5,9mudn59,9mudn59,32.71528,-117.1564,32.7152778,-117.1563889,1981-02-15,2003-08-06,8207,1981,2003,1.0,4.26,480.0
5260,9569,crescent city,CA,9prtt9,9prtt9r,9prtt9r,41.75611,-124.2006,41.7561111,-124.2005556,1975-09-01,1998-02-09,8197,1975,1998,4.0,4.26,480.0
2779,22830,san diego (cleveland national forest),CA,9mudn5,9mudn59,9mudn59,32.71528,-117.1564,32.7152778,-117.1563889,1981-02-15,2003-08-27,8228,1981,2003,1.0,4.25,481.0
2779,22831,san diego,CA,9mudn5,9mudn59,9mudn59,32.71528,-117.1564,32.7152778,-117.1563889,1981-02-15,2003-08-27,8228,1981,2003,1.0,4.25,481.0
2779,22696,san diego,CA,9mudn5,9mudn59,9mudn59,32.71528,-117.1564,32.7152778,-117.1563889,1981-02-15,2003-08-17,8218,1981,2003,1.0,4.25,481.0
2779,22948,san diego,CA,9mudn5,9mudn59,9mudn59,32.71528,-117.1564,32.7152778,-117.1563889,1981-02-15,2003-09-03,8235,1981,2003,1.0,4.24,482.0
2779,22971,san diego,CA,9mudn5,9mudn59,9mudn59,32.71528,-117.1564,32.7152778,-117.1563889,1981-02-15,2003-09-05,8237,1981,2003,1.0,4.24,482.0
502,3859,foresthill,CA,9qfjfx,9qfjfx0,9qfjfxr,39.01917,-120.8275,39.0202778,-120.8169444,2000-06-17,1981-07-28,6899,2000,1981,920.0,4.24,482.0
2779,23386,san diego,CA,9mudn5,9mudn59,9mudn59,32.71528,-117.1564,32.7152778,-117.1563889,1981-02-15,2003-10-07,8269,1981,2003,1.0,4.23,483.0
2779,23327,san diego,CA,9mudn5,9mudn59,9mudn59,32.71528,-117.1564,32.7152778,-117.1563889,1981-02-15,2003-10-01,8263,1981,2003,1.0,4.23,483.0
2779,23640,san diego,CA,9mudn5,9mudn59,9mudn59,32.71528,-117.1564,32.7152778,-117.1563889,1981-02-15,2003-10-25,8287,1981,2003,1.0,4.22,484.0
2779,23419,san diego,CA,9mudn5,9mudn59,9mudn59,32.71528,-117.1564,32.7152778,-117.1563889,1981-02-15,2003-10-11,8273,1981,2003,1.0,4.22,484.0
2779,23909,san diego,CA,9mudn5,9mudn59,9mudn59,32.71528,-117.1564,32.7152778,-117.1563889,1981-02-15,2003-11-16,8309,1981,2003,1.0,4.21,485.0
2779,24048,san diego,CA,9mudn5,9mudn59,9mudn59,32.71528,-117.1564,32.7152778,-117.1563889,1981-02-15,2003-11-27,8320,1981,2003,1.0,4.2,486.0
2779,24098,san diego,CA,9mudn5,9mudn59,9mudn59,32.71528,-117.1564,32.7152778,-117.1563889,1981-02-15,2003-12-02,8325,1981,2003,1.0,4.2,486.0
2779,24017,san diego,CA,9mudn5,9mudn59,9mudn59,32.71528,-117.1564,32.7152778,-117.1563889,1981-02-15,2003-11-24,8317,1981,2003,1.0,4.2,486.0
2779,24065,san diego,CA,9mudn5,9mudn59,9mudn59,32.71528,-117.1564,32.7152778,-117.1563889,1981-02-15,2003-11-30,8323,1981,2003,1.0,4.2,486.0
2779,24045,san diego,CA,9mudn5,9mudn59,9mudn59,32.71528,-117.1564,32.7152778,-117.1563889,1981-02-15,2003-11-27,8320,1981,2003,1.0,4.2,486.0
2779,24002,san diego,CA,9mudn5,9mudn59,9mudn59,32.71528,-117.1564,32.7152778,-117.1563889,1981-02-15,2003-11-23,8316,1981,2003,1.0,4.2,486.0
815,47919,lexington,MI,dptq1u,dptq1uw,dptq1uw,43.26806,-82.53083,43.2680556,-82.5308333,1987-08-15,2010-07-04,8359,1987,2010,1.0,4.18,487.0
2779,24533,san diego,CA,9mudn5,9mudn59,9mudn59,32.71528,-117.1564,32.7152778,-117.1563889,1981-02-15,2004-01-24,8378,1981,2004,1.0,4.17,488.0
528,3601,eureka,CA,9pr8ne,9pr8neg,9pr8neg,40.80222,-124.1625,40.8022222,-124.1625,1957-06-01,1980-05-15,8384,1957,1980,0.0,4.17,488.0
5260,10342,crescent city (100 miles south of),CA,9prtt9,9prtt9r,9prtt9r,41.75611,-124.2006,41.7561111,-124.2005556,1975-09-01,1998-09-03,8403,1975,1998,4.0,4.16,489.0
10653,9029,puyallup,WA,c23h3j,c23h3jv,c23h3jv,47.18556,-122.2917,47.1855556,-122.2916667,1974-06-27,1997-07-10,8414,1974,1997,3.0,4.16,489.0
2779,24922,san diego,CA,9mudn5,9mudn59,9mudn59,32.71528,-117.1564,32.7152778,-117.1563889,1981-02-15,2004-03-12,8426,1981,2004,1.0,4.15,490.0
2779,24979,san diego,CA,9mudn5,9mudn59,9mudn59,32.71528,-117.1564,32.7152778,-117.1563889,1981-02-15,2004-03-17,8431,1981,2004,1.0,4.15,490.0
2779,25505,san diego,CA,9mudn5,9mudn59,9mudn59,32.71528,-117.1564,32.7152778,-117.1563889,1981-02-15,2004-05-14,8489,1981,2004,1.0,4.12,491.0
51530,52331,palomar mountain,CA,9muvs6,9muvs65,9muvs6h,33.32237,-116.8782,33.3227778,-116.8777778,1988-07-13,2011-07-17,8404,1988,2011,60.0,4.11,492.0
2779,25793,san diego,CA,9mudn5,9mudn59,9mudn59,32.71528,-117.1564,32.7152778,-117.1563889,1981-02-15,2004-06-15,8521,1981,2004,1.0,4.11,492.0
2779,26018,san diego,CA,9mudn5,9mudn59,9mudn59,32.71528,-117.1564,32.7152778,-117.1563889,1981-02-15,2004-07-04,8540,1981,2004,1.0,4.1,493.0
2779,26024,san diego,CA,9mudn5,9mudn59,9mudn59,32.71528,-117.1564,32.7152778,-117.1563889,1981-02-15,2004-07-04,8540,1981,2004,1.0,4.1,493.0
2779,25966,san diego,CA,9mudn5,9mudn59,9mudn59,32.71528,-117.1564,32.7152778,-117.1563889,1981-02-15,2004-06-30,8536,1981,2004,1.0,4.1,493.0
7185,8099,sussex,NJ,dr6fqq,dr6fqqy,dr6fqq0,41.2145,-74.5995,41.2097222,-74.6080556,1976-10-18,1996-07-15,7210,1976,1996,891.0,4.09,494.0
2779,26224,san diego,CA,9mudn5,9mudn59,9mudn59,32.71528,-117.1564,32.7152778,-117.1563889,1981-02-15,2004-07-21,8557,1981,2004,1.0,4.09,494.0
6746,32681,south lake tahoe,CA,9qftmx,9qftmxw,9qftmxw,38.93333,-119.9833,38.9333333,-119.9833333,1983-01-01,2006-07-04,8585,1983,2006,3.0,4.08,495.0
6746,32516,south lake tahoe,CA,9qftmx,9qftmxw,9qftmxw,38.93333,-119.9833,38.9333333,-119.9833333,1983-01-01,2006-06-14,8565,1983,2006,3.0,4.08,495.0
2779,26623,san diego,CA,9mudn5,9mudn59,9mudn59,32.71528,-117.1564,32.7152778,-117.1563889,1981-02-15,2004-08-24,8591,1981,2004,1.0,4.07,496.0
2779,345,san diego (north of&#44 at sea),CA,9mudn5,9mudn59,9mudn59,32.71528,-117.1564,32.7152778,-117.1563889,1981-02-15,1957-08-09,8591,1981,1957,1.0,4.07,496.0
12587,54151,venice,FL,dhv65t,dhv65tn,dhv65tq,27.099,-82.454,27.0994444,-82.4544444,1988-08-01,2011-11-03,8494,1988,2011,66.0,4.07,496.0
12587,54152,venice,FL,dhv65t,dhv65tn,dhv65tq,27.099,-82.454,27.0994444,-82.4544444,1988-08-01,2011-11-03,8494,1988,2011,66.0,4.07,496.0
2779,26953,san diego,CA,9mudn5,9mudn59,9mudn59,32.71528,-117.1564,32.7152778,-117.1563889,1981-02-15,2004-09-20,8618,1981,2004,1.0,4.06,497.0
2779,27294,san diego,CA,9mudn5,9mudn59,9mudn59,32.71528,-117.1564,32.7152778,-117.1563889,1981-02-15,2004-10-28,8656,1981,2004,1.0,4.05,498.0
2779,27104,san diego,CA,9mudn5,9mudn59,9mudn59,32.71528,-117.1564,32.7152778,-117.1563889,1981-02-15,2004-10-08,8636,1981,2004,1.0,4.05,498.0
12587,54680,venice,FL,dhv65t,dhv65tn,dhv65tq,27.099,-82.454,27.0994444,-82.4544444,1988-08-01,2011-12-17,8538,1988,2011,66.0,4.05,498.0
2779,27302,san diego (mission bay area),CA,9mudn5,9mudn59,9mudn59,32.71528,-117.1564,32.7152778,-117.1563889,1981-02-15,2004-10-28,8656,1981,2004,1.0,4.05,498.0
2779,27186,san diego,CA,9mudn5,9mudn59,9mudn59,32.71528,-117.1564,32.7152778,-117.1563889,1981-02-15,2004-10-16,8644,1981,2004,1.0,4.05,498.0
2779,27550,san diego,CA,9mudn5,9mudn59,9mudn59,32.71528,-117.1564,32.7152778,-117.1563889,1981-02-15,2004-11-15,8674,1981,2004,1.0,4.04,499.0
2779,27410,san diego,CA,9mudn5,9mudn59,9mudn59,32.71528,-117.1564,32.7152778,-117.1563889,1981-02-15,2004-11-01,8660,1981,2004,1.0,4.04,499.0
12587,54939,venice,FL,dhv65t,dhv65tn,dhv65tq,27.099,-82.454,27.0994444,-82.4544444,1988-08-01,2011-12-31,8552,1988,2011,66.0,4.04,499.0
2744,37545,battle ground,WA,c20u7w,c20u7wn,c20u7wn,45.7811,-122.5322,45.7811111,-122.5322222,1984-01-15,2007-10-26,8685,1984,2007,2.0,4.03,500.0
2779,27882,san diego,CA,9mudn5,9mudn59,9mudn59,32.71528,-117.1564,32.7152778,-117.1563889,1981-02-15,2004-12-31,8720,1981,2004,1.0,4.02,501.0
2779,27881,san diego,CA,9mudn5,9mudn59,9mudn59,32.71528,-117.1564,32.7152778,-117.1563889,1981-02-15,2004-12-31,8720,1981,2004,1.0,4.02,501.0
2744,37859,battle ground,WA,c20u7w,c20u7wn,c20u7wn,45.7811,-122.5322,45.7811111,-122.5322222,1984-01-15,2007-11-23,8713,1984,2007,2.0,4.02,501.0
2779,28008,san diego,CA,9mudn5,9mudn59,9mudn59,32.71528,-117.1564,32.7152778,-117.1563889,1981-02-15,2005-01-17,8737,1981,2005,1.0,4.01,502.0
815,52206,lexington,MI,dptq1u,dptq1uw,dptq1uw,43.26806,-82.53083,43.2680556,-82.5308333,1987-08-15,2011-07-08,8728,1987,2011,1.0,4.01,502.0
2779,28000,san diego,CA,9mudn5,9mudn59,9mudn59,32.71528,-117.1564,32.7152778,-117.1563889,1981-02-15,2005-01-16,8736,1981,2005,1.0,4.01,502.0
2779,28174,san diego,CA,9mudn5,9mudn59,9mudn59,32.71528,-117.1564,32.7152778,-117.1563889,1981-02-15,2005-02-12,8763,1981,2005,1.0,4.0,503.0
2779,28145,san diego,CA,9mudn5,9mudn59,9mudn59,32.71528,-117.1564,32.7152778,-117.1563889,1981-02-15,2005-02-09,8760,1981,2005,1.0,4.0,503.0
2779,28173,san diego,CA,9mudn5,9mudn59,9mudn59,32.71528,-117.1564,32.7152778,-117.1563889,1981-02-15,2005-02-12,8763,1981,2005,1.0,4.0,503.0
147,2668,south lake tahoe,CA,9qftmx,9qftmxw,9qftmxw,38.93333,-119.9833,38.9333333,-119.9833333,2000-06-15,1976-05-29,8783,2000,1976,3.0,3.99,504.0
10653,10148,puyallup,WA,c23h3j,c23h3jv,c23h3jv,47.18556,-122.2917,47.1855556,-122.2916667,1974-06-27,1998-07-16,8785,1974,1998,3.0,3.99,504.0
2779,28550,san diego,CA,9mudn5,9mudn59,9mudn59,32.71528,-117.1564,32.7152778,-117.1563889,1981-02-15,2005-03-27,8806,1981,2005,1.0,3.98,505.0
12587,57070,venice,FL,dhv65t,dhv65tn,dhv65tq,27.099,-82.454,27.0994444,-82.4544444,1988-08-01,2012-05-30,8703,1988,2012,66.0,3.97,506.0
10653,10467,puyallup,WA,c23h3j,c23h3jv,c23h3jv,47.18556,-122.2917,47.1855556,-122.2916667,1974-06-27,1998-09-23,8854,1974,1998,3.0,3.96,507.0
2779,28956,san diego,CA,9mudn5,9mudn59,9mudn59,32.71528,-117.1564,32.7152778,-117.1563889,1981-02-15,2005-05-20,8860,1981,2005,1.0,3.96,507.0
2779,28879,san diego,CA,9mudn5,9mudn59,9mudn59,32.71528,-117.1564,32.7152778,-117.1563889,1981-02-15,2005-05-10,8850,1981,2005,1.0,3.96,507.0
10653,10395,puyallup,WA,c23h3j,c23h3jv,c23h3jv,47.18556,-122.2917,47.1855556,-122.2916667,1974-06-27,1998-09-15,8846,1974,1998,3.0,3.96,507.0
2779,29097,san diego,CA,9mudn5,9mudn59,9mudn59,32.71528,-117.1564,32.7152778,-117.1563889,1981-02-15,2005-06-07,8878,1981,2005,1.0,3.95,508.0
2779,29392,san diego,CA,9mudn5,9mudn59,9mudn59,32.71528,-117.1564,32.7152778,-117.1563889,1981-02-15,2005-07-04,8905,1981,2005,1.0,3.94,509.0
2779,29158,san diego,CA,9mudn5,9mudn59,9mudn59,32.71528,-117.1564,32.7152778,-117.1563889,1981-02-15,2005-06-15,8886,1981,2005,1.0,3.94,509.0
12587,59578,venice,FL,dhv65t,dhv65tn,dhv65tq,27.099,-82.454,27.0994444,-82.4544444,1988-08-01,2012-09-15,8811,1988,2012,66.0,3.93,510.0
5260,13524,crescent city,CA,9prtt9,9prtt9r,9prtt9r,41.75611,-124.2006,41.7561111,-124.2005556,1975-09-01,2000-01-18,8905,1975,2000,4.0,3.93,510.0
2779,29764,san diego,CA,9mudn5,9mudn59,9mudn59,32.71528,-117.1564,32.7152778,-117.1563889,1981-02-15,2005-08-11,8943,1981,2005,1.0,3.92,511.0
2779,29784,san diego,CA,9mudn5,9mudn59,9mudn59,32.71528,-117.1564,32.7152778,-117.1563889,1981-02-15,2005-08-12,8944,1981,2005,1.0,3.92,511.0
2779,29861,san diego,CA,9mudn5,9mudn59,9mudn59,32.71528,-117.1564,32.7152778,-117.1563889,1981-02-15,2005-08-21,8953,1981,2005,1.0,3.92,511.0
2779,30217,san diego,CA,9mudn5,9mudn59,9mudn59,32.71528,-117.1564,32.7152778,-117.1563889,1981-02-15,2005-09-22,8985,1981,2005,1.0,3.9,512.0
6746,36716,south lake tahoe,CA,9qftmx,9qftmxw,9qftmxw,38.93333,-119.9833,38.9333333,-119.9833333,1983-01-01,2007-08-17,8994,1983,2007,3.0,3.9,512.0
2779,30232,san diego,CA,9mudn5,9mudn59,9mudn59,32.71528,-117.1564,32.7152778,-117.1563889,1981-02-15,2005-09-22,8985,1981,2005,1.0,3.9,512.0
2779,30218,san diego,CA,9mudn5,9mudn59,9mudn59,32.71528,-117.1564,32.7152778,-117.1563889,1981-02-15,2005-09-22,8985,1981,2005,1.0,3.9,512.0
2779,30195,san diego,CA,9mudn5,9mudn59,9mudn59,32.71528,-117.1564,32.7152778,-117.1563889,1981-02-15,2005-09-21,8984,1981,2005,1.0,3.9,512.0
4886,46722,ft. bragg,CA,9ppbqu,9ppbqub,9ppbqub,39.44583,-123.8042,39.4458333,-123.8041667,1985-07-01,2010-02-12,8992,1985,2010,3.0,3.9,512.0
12587,61377,venice,FL,dhv65t,dhv65tn,dhv65tq,27.099,-82.454,27.0994444,-82.4544444,1988-08-01,2012-12-16,8903,1988,2012,66.0,3.89,513.0
2779,31024,san diego,CA,9mudn5,9mudn59,9mudn59,32.71528,-117.1564,32.7152778,-117.1563889,1981-02-15,2005-11-18,9042,1981,2005,1.0,3.88,514.0
12587,61505,venice,FL,dhv65t,dhv65tn,dhv65tq,27.099,-82.454,27.0994444,-82.4544444,1988-08-01,2012-12-23,8910,1988,2012,66.0,3.88,514.0
1113,31905,onion creek,WA,c2sjx0,c2sjx0u,c2sjx0u,48.78389,-117.8106,48.7838889,-117.8105556,1981-07-02,2006-03-25,9032,1981,2006,3.0,3.88,514.0
39858,7733,granite falls,WA,c29389,c293893,c293893,48.0835,-121.9683,48.0841667,-121.9675,1971-10-15,1996-02-09,8883,1971,1996,95.0,3.87,515.0
25592,41765,portland,TN,dnd2p7,dnd2p7j,dnd2p72,36.5802,-86.5104,36.5816667,-86.5163889,1986-05-24,2008-10-27,8192,1986,2008,559.0,3.84,516.0
2779,31682,san diego,CA,9mudn5,9mudn59,9mudn59,32.71528,-117.1564,32.7152778,-117.1563889,1981-02-15,2006-02-26,9142,1981,2006,1.0,3.84,516.0
2779,31793,san diego,CA,9mudn5,9mudn59,9mudn59,32.71528,-117.1564,32.7152778,-117.1563889,1981-02-15,2006-03-13,9157,1981,2006,1.0,3.83,517.0
2779,32120,san diego,CA,9mudn5,9mudn59,9mudn59,32.71528,-117.1564,32.7152778,-117.1563889,1981-02-15,2006-04-23,9198,1981,2006,1.0,3.82,518.0
39858,7993,granite falls,WA,c29389,c293893,c293893,48.0835,-121.9683,48.0841667,-121.9675,1971-10-15,1996-06-08,9003,1971,1996,95.0,3.82,518.0
1113,33272,onion creek,WA,c2sjx0,c2sjx0u,c2sjx0u,48.78389,-117.8106,48.7838889,-117.8105556,1981-07-02,2006-08-31,9191,1981,2006,3.0,3.82,518.0
1113,33188,onion creek,WA,c2sjx0,c2sjx0u,c2sjx0u,48.78389,-117.8106,48.7838889,-117.8105556,1981-07-02,2006-08-20,9180,1981,2006,3.0,3.82,518.0
10653,12462,puyallup,WA,c23h3j,c23h3jv,c23h3jv,47.18556,-122.2917,47.1855556,-122.2916667,1974-06-27,1999-09-11,9207,1974,1999,3.0,3.81,519.0
1113,33523,onion creek,WA,c2sjx0,c2sjx0u,c2sjx0u,48.78389,-117.8106,48.7838889,-117.8105556,1981-07-02,2006-10-01,9222,1981,2006,3.0,3.8,520.0
5260,15772,crescent city,CA,9prtt9,9prtt9r,9prtt9r,41.75611,-124.2006,41.7561111,-124.2005556,1975-09-01,2001-01-01,9254,1975,2001,4.0,3.79,521.0
4403,15609,maple valley,WA,c23jwy,c23jwyp,c23jwyp,47.40667,-122.0375,47.4066667,-122.0375,1975-07-31,2000-12-03,9257,1975,2000,0.0,3.79,521.0
6746,39567,south lake tahoe,CA,9qftmx,9qftmxw,9qftmxw,38.93333,-119.9833,38.9333333,-119.9833333,1983-01-01,2008-04-30,9251,1983,2008,3.0,3.79,521.0
5260,15952,crescent city,CA,9prtt9,9prtt9r,9prtt9r,41.75611,-124.2006,41.7561111,-124.2005556,1975-09-01,2001-01-26,9279,1975,2001,4.0,3.78,522.0
2779,33185,san diego,CA,9mudn5,9mudn59,9mudn59,32.71528,-117.1564,32.7152778,-117.1563889,1981-02-15,2006-08-20,9317,1981,2006,1.0,3.77,523.0
2779,33050,san diego,CA,9mudn5,9mudn59,9mudn59,32.71528,-117.1564,32.7152778,-117.1563889,1981-02-15,2006-08-09,9306,1981,2006,1.0,3.77,523.0
10653,13305,puyallup,WA,c23h3j,c23h3jv,c23h3jv,47.18556,-122.2917,47.1855556,-122.2916667,1974-06-27,1999-12-13,9300,1974,1999,3.0,3.77,523.0
2779,33408,san diego,CA,9mudn5,9mudn59,9mudn59,32.71528,-117.1564,32.7152778,-117.1563889,1981-02-15,2006-09-17,9345,1981,2006,1.0,3.76,524.0
2779,33313,san diego,CA,9mudn5,9mudn59,9mudn59,32.71528,-117.1564,32.7152778,-117.1563889,1981-02-15,2006-09-04,9332,1981,2006,1.0,3.76,524.0
12587,66628,venice,FL,dhv65t,dhv65tn,dhv65tq,27.099,-82.454,27.0994444,-82.4544444,1988-08-01,2013-10-23,9214,1988,2013,66.0,3.76,524.0
2779,33622,san diego,CA,9mudn5,9mudn59,9mudn59,32.71528,-117.1564,32.7152778,-117.1563889,1981-02-15,2006-10-08,9366,1981,2006,1.0,3.75,525.0
2779,33681,san diego,CA,9mudn5,9mudn59,9mudn59,32.71528,-117.1564,32.7152778,-117.1563889,1981-02-15,2006-10-14,9372,1981,2006,1.0,3.75,525.0
2779,33593,san diego,CA,9mudn5,9mudn59,9mudn59,32.71528,-117.1564,32.7152778,-117.1563889,1981-02-15,2006-10-04,9362,1981,2006,1.0,3.75,525.0
12587,67752,venice,FL,dhv65t,dhv65tn,dhv65tq,27.099,-82.454,27.0994444,-82.4544444,1988-08-01,2013-12-15,9267,1988,2013,66.0,3.74,526.0
12587,67818,venice,FL,dhv65t,dhv65tn,dhv65tq,27.099,-82.454,27.0994444,-82.4544444,1988-08-01,2013-12-19,9271,1988,2013,66.0,3.74,526.0
4886,50820,fort bragg,CA,9ppbqu,9ppbqub,9ppbqub,39.44583,-123.8042,39.4458333,-123.8041667,1985-07-01,2011-03-03,9376,1985,2011,3.0,3.74,526.0
2779,33912,san diego,CA,9mudn5,9mudn59,9mudn59,32.71528,-117.1564,32.7152778,-117.1563889,1981-02-15,2006-11-08,9397,1981,2006,1.0,3.74,526.0
4886,51225,fort bragg,CA,9ppbqu,9ppbqub,9ppbqub,39.44583,-123.8042,39.4458333,-123.8041667,1985-07-01,2011-04-21,9425,1985,2011,3.0,3.73,527.0
2779,34293,san diego,CA,9mudn5,9mudn59,9mudn59,32.71528,-117.1564,32.7152778,-117.1563889,1981-02-15,2006-12-11,9430,1981,2006,1.0,3.73,527.0
2779,34255,san diego,CA,9mudn5,9mudn59,9mudn59,32.71528,-117.1564,32.7152778,-117.1563889,1981-02-15,2006-12-07,9426,1981,2006,1.0,3.73,527.0
12587,68257,venice,FL,dhv65t,dhv65tn,dhv65tq,27.099,-82.454,27.0994444,-82.4544444,1988-08-01,2014-01-02,9285,1988,2014,66.0,3.73,527.0
2779,34029,san diego,CA,9mudn5,9mudn59,9mudn59,32.71528,-117.1564,32.7152778,-117.1563889,1981-02-15,2006-11-19,9408,1981,2006,1.0,3.73,527.0
2779,34300,san diego,CA,9mudn5,9mudn59,9mudn59,32.71528,-117.1564,32.7152778,-117.1563889,1981-02-15,2006-12-12,9431,1981,2006,1.0,3.73,527.0
2779,34294,san diego,CA,9mudn5,9mudn59,9mudn59,32.71528,-117.1564,32.7152778,-117.1563889,1981-02-15,2006-12-11,9430,1981,2006,1.0,3.73,527.0
2779,34496,san diego,CA,9mudn5,9mudn59,9mudn59,32.71528,-117.1564,32.7152778,-117.1563889,1981-02-15,2007-01-01,9451,1981,2007,1.0,3.72,528.0
2779,34437,san diego,CA,9mudn5,9mudn59,9mudn59,32.71528,-117.1564,32.7152778,-117.1563889,1981-02-15,2006-12-27,9446,1981,2006,1.0,3.72,528.0
2779,34573,san diego,CA,9mudn5,9mudn59,9mudn59,32.71528,-117.1564,32.7152778,-117.1563889,1981-02-15,2007-01-05,9455,1981,2007,1.0,3.72,528.0
10653,14460,puyallup,WA,c23h3j,c23h3jv,c23h3jv,47.18556,-122.2917,47.1855556,-122.2916667,1974-06-27,2000-07-04,9504,1974,2000,3.0,3.7,529.0
2779,34862,san diego,CA,9mudn5,9mudn59,9mudn59,32.71528,-117.1564,32.7152778,-117.1563889,1981-02-15,2007-02-04,9485,1981,2007,1.0,3.7,529.0
2779,35057,san diego,CA,9mudn5,9mudn59,9mudn59,32.71528,-117.1564,32.7152778,-117.1563889,1981-02-15,2007-03-02,9511,1981,2007,1.0,3.7,529.0
7815,2969,russellville,AR,9ymb8w,9ymb8wn,9ymb8wn,35.27833,-93.13361,35.2783333,-93.1336111,2003-08-12,1977-06-30,9539,2003,1977,0.0,3.69,530.0
2779,35084,san diego (carmel mountain),CA,9mudn5,9mudn59,9mudn59,32.71528,-117.1564,32.7152778,-117.1563889,1981-02-15,2007-03-05,9514,1981,2007,1.0,3.69,530.0
4403,17883,maple valley,WA,c23jwy,c23jwyp,c23jwyp,47.40667,-122.0375,47.4066667,-122.0375,1975-07-31,2001-10-02,9560,1975,2001,0.0,3.68,531.0
2779,35682,san diego,CA,9mudn5,9mudn59,9mudn59,32.71528,-117.1564,32.7152778,-117.1563889,1981-02-15,2007-05-12,9582,1981,2007,1.0,3.67,532.0
2779,35641,san diego,CA,9mudn5,9mudn59,9mudn59,32.71528,-117.1564,32.7152778,-117.1563889,1981-02-15,2007-05-08,9578,1981,2007,1.0,3.67,532.0
10653,15313,puyallup,WA,c23h3j,c23h3jv,c23h3jv,47.18556,-122.2917,47.1855556,-122.2916667,1974-06-27,2000-10-22,9614,1974,2000,3.0,3.66,533.0
2779,35890,san diego,CA,9mudn5,9mudn59,9mudn59,32.71528,-117.1564,32.7152778,-117.1563889,1981-02-15,2007-06-10,9611,1981,2007,1.0,3.66,533.0
2779,36175,san diego,CA,9mudn5,9mudn59,9mudn59,32.71528,-117.1564,32.7152778,-117.1563889,1981-02-15,2007-07-03,9634,1981,2007,1.0,3.65,534.0
2779,36096,san diego,CA,9mudn5,9mudn59,9mudn59,32.71528,-117.1564,32.7152778,-117.1563889,1981-02-15,2007-06-25,9626,1981,2007,1.0,3.65,534.0
2779,36081,san diego,CA,9mudn5,9mudn59,9mudn59,32.71528,-117.1564,32.7152778,-117.1563889,1981-02-15,2007-06-24,9625,1981,2007,1.0,3.65,534.0
2779,36572,san diego,CA,9mudn5,9mudn59,9mudn59,32.71528,-117.1564,32.7152778,-117.1563889,1981-02-15,2007-08-07,9669,1981,2007,1.0,3.64,535.0
2779,36497,san diego,CA,9mudn5,9mudn59,9mudn59,32.71528,-117.1564,32.7152778,-117.1563889,1981-02-15,2007-07-29,9660,1981,2007,1.0,3.64,535.0
2779,36474,san diego,CA,9mudn5,9mudn59,9mudn59,32.71528,-117.1564,32.7152778,-117.1563889,1981-02-15,2007-07-27,9658,1981,2007,1.0,3.64,535.0
2779,37073,san diego,CA,9mudn5,9mudn59,9mudn59,32.71528,-117.1564,32.7152778,-117.1563889,1981-02-15,2007-09-16,9709,1981,2007,1.0,3.62,536.0
2744,48900,battle ground,WA,c20u7w,c20u7wn,c20u7wn,45.7811,-122.5322,45.7811111,-122.5322222,1984-01-15,2010-08-28,9722,1984,2010,2.0,3.62,536.0
10653,16175,puyallup,WA,c23h3j,c23h3jv,c23h3jv,47.18556,-122.2917,47.1855556,-122.2916667,1974-06-27,2001-03-02,9745,1974,2001,3.0,3.61,537.0
2779,37555,san diego,CA,9mudn5,9mudn59,9mudn59,32.71528,-117.1564,32.7152778,-117.1563889,1981-02-15,2007-10-27,9750,1981,2007,1.0,3.61,537.0
6521,69264,laytonville,CA,9r01y1,9r01y15,9r01y15,39.68833,-123.4817,39.6883333,-123.4816667,1987-06-01,2014-03-04,9773,1987,2014,3.0,3.6,538.0
2779,37849,san diego,CA,9mudn5,9mudn59,9mudn59,32.71528,-117.1564,32.7152778,-117.1563889,1981-02-15,2007-11-21,9775,1981,2007,1.0,3.6,538.0
2779,37871,san diego,CA,9mudn5,9mudn59,9mudn59,32.71528,-117.1564,32.7152778,-117.1563889,1981-02-15,2007-11-24,9778,1981,2007,1.0,3.6,538.0
2779,37770,san diego,CA,9mudn5,9mudn59,9mudn59,32.71528,-117.1564,32.7152778,-117.1563889,1981-02-15,2007-11-12,9766,1981,2007,1.0,3.6,538.0
2779,37893,san diego (clairmont),CA,9mudn5,9mudn59,9mudn59,32.71528,-117.1564,32.7152778,-117.1563889,1981-02-15,2007-11-28,9782,1981,2007,1.0,3.6,538.0
2779,37861,san diego,CA,9mudn5,9mudn59,9mudn59,32.71528,-117.1564,32.7152778,-117.1563889,1981-02-15,2007-11-23,9777,1981,2007,1.0,3.6,538.0
2779,37794,san diego,CA,9mudn5,9mudn59,9mudn59,32.71528,-117.1564,32.7152778,-117.1563889,1981-02-15,2007-11-14,9768,1981,2007,1.0,3.6,538.0
2779,37780,san diego,CA,9mudn5,9mudn59,9mudn59,32.71528,-117.1564,32.7152778,-117.1563889,1981-02-15,2007-11-13,9767,1981,2007,1.0,3.6,538.0
2779,37793,san diego,CA,9mudn5,9mudn59,9mudn59,32.71528,-117.1564,32.7152778,-117.1563889,1981-02-15,2007-11-14,9768,1981,2007,1.0,3.6,538.0
2779,37779,san diego,CA,9mudn5,9mudn59,9mudn59,32.71528,-117.1564,32.7152778,-117.1563889,1981-02-15,2007-11-13,9767,1981,2007,1.0,3.6,538.0
2779,37743,san diego,CA,9mudn5,9mudn59,9mudn59,32.71528,-117.1564,32.7152778,-117.1563889,1981-02-15,2007-11-10,9764,1981,2007,1.0,3.6,538.0
2779,37778,san diego,CA,9mudn5,9mudn59,9mudn59,32.71528,-117.1564,32.7152778,-117.1563889,1981-02-15,2007-11-13,9767,1981,2007,1.0,3.6,538.0
2779,37862,san diego,CA,9mudn5,9mudn59,9mudn59,32.71528,-117.1564,32.7152778,-117.1563889,1981-02-15,2007-11-23,9777,1981,2007,1.0,3.6,538.0
2779,38125,san diego,CA,9mudn5,9mudn59,9mudn59,32.71528,-117.1564,32.7152778,-117.1563889,1981-02-15,2007-12-22,9806,1981,2007,1.0,3.59,539.0
2779,38126,san diego,CA,9mudn5,9mudn59,9mudn59,32.71528,-117.1564,32.7152778,-117.1563889,1981-02-15,2007-12-22,9806,1981,2007,1.0,3.59,539.0
2779,38129,san diego,CA,9mudn5,9mudn59,9mudn59,32.71528,-117.1564,32.7152778,-117.1563889,1981-02-15,2007-12-22,9806,1981,2007,1.0,3.59,539.0
10357,3114,lolo,MT,c2qfh0,c2qfh01,c2qfh01,46.75889,-114.08,46.7588889,-114.08,2005-01-23,1978-03-15,9811,2005,1978,0.0,3.59,539.0
2779,38544,san diego,CA,9mudn5,9mudn59,9mudn59,32.71528,-117.1564,32.7152778,-117.1563889,1981-02-15,2008-01-27,9842,1981,2008,1.0,3.58,540.0
2779,38201,san diego,CA,9mudn5,9mudn59,9mudn59,32.71528,-117.1564,32.7152778,-117.1563889,1981-02-15,2007-12-31,9815,1981,2007,1.0,3.58,540.0
2779,38195,san diego,CA,9mudn5,9mudn59,9mudn59,32.71528,-117.1564,32.7152778,-117.1563889,1981-02-15,2007-12-31,9815,1981,2007,1.0,3.58,540.0
25592,47901,portland,TN,dnd2p7,dnd2p7j,dnd2p72,36.5802,-86.5104,36.5816667,-86.5163889,1986-05-24,2010-07-04,8807,1986,2010,559.0,3.58,540.0
2779,38229,san diego,CA,9mudn5,9mudn59,9mudn59,32.71528,-117.1564,32.7152778,-117.1563889,1981-02-15,2008-01-01,9816,1981,2008,1.0,3.58,540.0
2779,38217,san diego,CA,9mudn5,9mudn59,9mudn59,32.71528,-117.1564,32.7152778,-117.1563889,1981-02-15,2008-01-01,9816,1981,2008,1.0,3.58,540.0
2779,38218,san diego,CA,9mudn5,9mudn59,9mudn59,32.71528,-117.1564,32.7152778,-117.1563889,1981-02-15,2008-01-01,9816,1981,2008,1.0,3.58,540.0
2779,38219,san diego,CA,9mudn5,9mudn59,9mudn59,32.71528,-117.1564,32.7152778,-117.1563889,1981-02-15,2008-01-01,9816,1981,2008,1.0,3.58,540.0
10653,16839,puyallup,WA,c23h3j,c23h3jv,c23h3jv,47.18556,-122.2917,47.1855556,-122.2916667,1974-06-27,2001-06-11,9846,1974,2001,3.0,3.57,541.0
4403,19883,maple valley,WA,c23jwy,c23jwyp,c23jwyp,47.40667,-122.0375,47.4066667,-122.0375,1975-07-31,2002-08-02,9864,1975,2002,0.0,3.57,541.0
2779,38744,san diego,CA,9mudn5,9mudn59,9mudn59,32.71528,-117.1564,32.7152778,-117.1563889,1981-02-15,2008-02-17,9863,1981,2008,1.0,3.57,541.0
10653,16838,puyallup,WA,c23h3j,c23h3jv,c23h3jv,47.18556,-122.2917,47.1855556,-122.2916667,1974-06-27,2001-06-11,9846,1974,2001,3.0,3.57,541.0
2779,38915,san diego,CA,9mudn5,9mudn59,9mudn59,32.71528,-117.1564,32.7152778,-117.1563889,1981-02-15,2008-03-02,9877,1981,2008,1.0,3.56,542.0
2779,39129,san diego,CA,9mudn5,9mudn59,9mudn59,32.71528,-117.1564,32.7152778,-117.1563889,1981-02-15,2008-03-24,9899,1981,2008,1.0,3.56,542.0
2779,39047,san diego,CA,9mudn5,9mudn59,9mudn59,32.71528,-117.1564,32.7152778,-117.1563889,1981-02-15,2008-03-16,9891,1981,2008,1.0,3.56,542.0
2779,38866,san diego,CA,9mudn5,9mudn59,9mudn59,32.71528,-117.1564,32.7152778,-117.1563889,1981-02-15,2008-02-27,9873,1981,2008,1.0,3.56,542.0
2779,39264,san diego,CA,9mudn5,9mudn59,9mudn59,32.71528,-117.1564,32.7152778,-117.1563889,1981-02-15,2008-04-09,9915,1981,2008,1.0,3.55,543.0
2779,39354,san diego,CA,9mudn5,9mudn59,9mudn59,32.71528,-117.1564,32.7152778,-117.1563889,1981-02-15,2008-04-16,9922,1981,2008,1.0,3.55,543.0
2779,39296,san diego,CA,9mudn5,9mudn59,9mudn59,32.71528,-117.1564,32.7152778,-117.1563889,1981-02-15,2008-04-11,9917,1981,2008,1.0,3.55,543.0
2779,39644,san diego,CA,9mudn5,9mudn59,9mudn59,32.71528,-117.1564,32.7152778,-117.1563889,1981-02-15,2008-05-09,9945,1981,2008,1.0,3.54,544.0
2779,39712,san diego,CA,9mudn5,9mudn59,9mudn59,32.71528,-117.1564,32.7152778,-117.1563889,1981-02-15,2008-05-17,9953,1981,2008,1.0,3.54,544.0
2779,39662,san diego,CA,9mudn5,9mudn59,9mudn59,32.71528,-117.1564,32.7152778,-117.1563889,1981-02-15,2008-05-11,9947,1981,2008,1.0,3.54,544.0
2779,39526,san diego,CA,9mudn5,9mudn59,9mudn59,32.71528,-117.1564,32.7152778,-117.1563889,1981-02-15,2008-04-26,9932,1981,2008,1.0,3.54,544.0
2779,40526,san diego,CA,9mudn5,9mudn59,9mudn59,32.71528,-117.1564,32.7152778,-117.1563889,1981-02-15,2008-07-19,10016,1981,2008,1.0,3.52,545.0
7731,16410,corning,CA,9r155u,9r155u8,9r155u8,39.92778,-122.1781,39.9277778,-122.1780556,1973-10-15,2001-04-03,10032,1973,2001,4.0,3.51,546.0
7731,16409,corning,CA,9r155u,9r155u8,9r155u8,39.92778,-122.1781,39.9277778,-122.1780556,1973-10-15,2001-04-03,10032,1973,2001,4.0,3.51,546.0
2779,40918,san diego (mira mesa),CA,9mudn5,9mudn59,9mudn59,32.71528,-117.1564,32.7152778,-117.1563889,1981-02-15,2008-08-15,10043,1981,2008,1.0,3.51,546.0
2779,40822,san diego,CA,9mudn5,9mudn59,9mudn59,32.71528,-117.1564,32.7152778,-117.1563889,1981-02-15,2008-08-08,10036,1981,2008,1.0,3.51,546.0
2779,41194,san diego,CA,9mudn5,9mudn59,9mudn59,32.71528,-117.1564,32.7152778,-117.1563889,1981-02-15,2008-09-12,10071,1981,2008,1.0,3.5,547.0
2779,41140,san diego,CA,9mudn5,9mudn59,9mudn59,32.71528,-117.1564,32.7152778,-117.1563889,1981-02-15,2008-09-05,10064,1981,2008,1.0,3.5,547.0
1593,37661,parkland,WA,c22umb,c22umbr,c22umbr,47.15556,-122.4328,47.1555556,-122.4327778,1980-04-16,2007-11-04,10063,1980,2007,2.0,3.5,547.0
2744,52937,battle ground,WA,c20u7w,c20u7wn,c20u7wn,45.7811,-122.5322,45.7811111,-122.5322222,1984-01-15,2011-08-23,10082,1984,2011,2.0,3.49,548.0
2779,41542,san diego,CA,9mudn5,9mudn59,9mudn59,32.71528,-117.1564,32.7152778,-117.1563889,1981-02-15,2008-10-10,10099,1981,2008,1.0,3.49,548.0
8435,61839,grantsburg,WI,cbnh6v,cbnh6vq,cbnh6vq,45.776,-92.683,45.7763889,-92.6825,1985-10-01,2013-01-09,9962,1985,2013,58.0,3.49,548.0
2779,41244,san diego,CA,9mudn5,9mudn59,9mudn59,32.71528,-117.1564,32.7152778,-117.1563889,1981-02-15,2008-09-18,10077,1981,2008,1.0,3.49,548.0
2779,41597,san diego,CA,9mudn5,9mudn59,9mudn59,32.71528,-117.1564,32.7152778,-117.1563889,1981-02-15,2008-10-15,10104,1981,2008,1.0,3.49,548.0
2779,41926,san diego,CA,9mudn5,9mudn59,9mudn59,32.71528,-117.1564,32.7152778,-117.1563889,1981-02-15,2008-11-04,10124,1981,2008,1.0,3.48,549.0
2779,41727,san diego,CA,9mudn5,9mudn59,9mudn59,32.71528,-117.1564,32.7152778,-117.1563889,1981-02-15,2008-10-24,10113,1981,2008,1.0,3.48,549.0
2779,42216,san diego (clairemont),CA,9mudn5,9mudn59,9mudn59,32.71528,-117.1564,32.7152778,-117.1563889,1981-02-15,2008-11-27,10147,1981,2008,1.0,3.47,550.0
4886,62584,fort bragg,CA,9ppbqu,9ppbqub,9ppbqub,39.44583,-123.8042,39.4458333,-123.8041667,1985-07-01,2013-03-31,10135,1985,2013,3.0,3.47,550.0
2779,42316,san diego,CA,9mudn5,9mudn59,9mudn59,32.71528,-117.1564,32.7152778,-117.1563889,1981-02-15,2008-12-07,10157,1981,2008,1.0,3.47,550.0
2779,42229,san diego,CA,9mudn5,9mudn59,9mudn59,32.71528,-117.1564,32.7152778,-117.1563889,1981-02-15,2008-11-28,10148,1981,2008,1.0,3.47,550.0
2779,42218,san diego,CA,9mudn5,9mudn59,9mudn59,32.71528,-117.1564,32.7152778,-117.1563889,1981-02-15,2008-11-27,10147,1981,2008,1.0,3.47,550.0
2779,42720,san diego,CA,9mudn5,9mudn59,9mudn59,32.71528,-117.1564,32.7152778,-117.1563889,1981-02-15,2009-01-16,10197,1981,2009,1.0,3.46,551.0
2779,42719,san diego,CA,9mudn5,9mudn59,9mudn59,32.71528,-117.1564,32.7152778,-117.1563889,1981-02-15,2009-01-16,10197,1981,2009,1.0,3.46,551.0
2779,42525,san diego,CA,9mudn5,9mudn59,9mudn59,32.71528,-117.1564,32.7152778,-117.1563889,1981-02-15,2009-01-01,10182,1981,2009,1.0,3.46,551.0
2779,42526,san diego,CA,9mudn5,9mudn59,9mudn59,32.71528,-117.1564,32.7152778,-117.1563889,1981-02-15,2009-01-01,10182,1981,2009,1.0,3.46,551.0
2779,43052,san diego,CA,9mudn5,9mudn59,9mudn59,32.71528,-117.1564,32.7152778,-117.1563889,1981-02-15,2009-02-12,10224,1981,2009,1.0,3.45,552.0
2779,42983,san diego,CA,9mudn5,9mudn59,9mudn59,32.71528,-117.1564,32.7152778,-117.1563889,1981-02-15,2009-02-05,10217,1981,2009,1.0,3.45,552.0
2779,43051,san diego,CA,9mudn5,9mudn59,9mudn59,32.71528,-117.1564,32.7152778,-117.1563889,1981-02-15,2009-02-12,10224,1981,2009,1.0,3.45,552.0
2779,42730,san diego,CA,9mudn5,9mudn59,9mudn59,32.71528,-117.1564,32.7152778,-117.1563889,1981-02-15,2009-01-17,10198,1981,2009,1.0,3.45,552.0
2779,43053,san diego,CA,9mudn5,9mudn59,9mudn59,32.71528,-117.1564,32.7152778,-117.1563889,1981-02-15,2009-02-12,10224,1981,2009,1.0,3.45,552.0
2779,42892,san diego,CA,9mudn5,9mudn59,9mudn59,32.71528,-117.1564,32.7152778,-117.1563889,1981-02-15,2009-01-30,10211,1981,2009,1.0,3.45,552.0
2779,42742,san diego,CA,9mudn5,9mudn59,9mudn59,32.71528,-117.1564,32.7152778,-117.1563889,1981-02-15,2009-01-18,10199,1981,2009,1.0,3.45,552.0
2779,42723,san diego,CA,9mudn5,9mudn59,9mudn59,32.71528,-117.1564,32.7152778,-117.1563889,1981-02-15,2009-01-17,10198,1981,2009,1.0,3.45,552.0
2779,42970,san diego,CA,9mudn5,9mudn59,9mudn59,32.71528,-117.1564,32.7152778,-117.1563889,1981-02-15,2009-02-04,10216,1981,2009,1.0,3.45,552.0
25592,52090,portland,TN,dnd2p7,dnd2p7j,dnd2p72,36.5802,-86.5104,36.5816667,-86.5163889,1986-05-24,2011-07-04,9172,1986,2011,559.0,3.44,553.0
8435,63514,grantsburg,WI,cbnh6v,cbnh6vq,cbnh6vq,45.776,-92.683,45.7763889,-92.6825,1985-10-01,2013-06-06,10110,1985,2013,58.0,3.44,553.0
5260,23194,crescent city,CA,9prtt9,9prtt9r,9prtt9r,41.75611,-124.2006,41.7561111,-124.2005556,1975-09-01,2003-09-21,10247,1975,2003,4.0,3.44,553.0
25592,52103,portland,TN,dnd2p7,dnd2p7j,dnd2p72,36.5802,-86.5104,36.5816667,-86.5163889,1986-05-24,2011-07-04,9172,1986,2011,559.0,3.44,553.0
2779,43175,san diego,CA,9mudn5,9mudn59,9mudn59,32.71528,-117.1564,32.7152778,-117.1563889,1981-02-15,2009-02-23,10235,1981,2009,1.0,3.44,553.0
4403,23179,maple valley,WA,c23jwy,c23jwyp,c23jwyp,47.40667,-122.0375,47.4066667,-122.0375,1975-07-31,2003-09-20,10278,1975,2003,0.0,3.43,554.0
2779,43409,san diego,CA,9mudn5,9mudn59,9mudn59,32.71528,-117.1564,32.7152778,-117.1563889,1981-02-15,2009-03-21,10261,1981,2009,1.0,3.43,554.0
2779,43417,san diego,CA,9mudn5,9mudn59,9mudn59,32.71528,-117.1564,32.7152778,-117.1563889,1981-02-15,2009-03-21,10261,1981,2009,1.0,3.43,554.0
4403,22995,maple valley,WA,c23jwy,c23jwyp,c23jwyp,47.40667,-122.0375,47.4066667,-122.0375,1975-07-31,2003-09-08,10266,1975,2003,0.0,3.43,554.0
2744,56794,battle ground,WA,c20u7w,c20u7wn,c20u7wn,45.7811,-122.5322,45.7811111,-122.5322222,1984-01-15,2012-05-12,10345,1984,2012,2.0,3.41,555.0
2779,44251,san diego,CA,9mudn5,9mudn59,9mudn59,32.71528,-117.1564,32.7152778,-117.1563889,1981-02-15,2009-06-23,10355,1981,2009,1.0,3.4,556.0
2779,44582,san diego,CA,9mudn5,9mudn59,9mudn59,32.71528,-117.1564,32.7152778,-117.1563889,1981-02-15,2009-07-14,10376,1981,2009,1.0,3.4,556.0
2779,45086,san diego,CA,9mudn5,9mudn59,9mudn59,32.71528,-117.1564,32.7152778,-117.1563889,1981-02-15,2009-08-22,10415,1981,2009,1.0,3.39,557.0
4403,24496,maple valley,WA,c23jwy,c23jwyp,c23jwyp,47.40667,-122.0375,47.4066667,-122.0375,1975-07-31,2004-01-20,10400,1975,2004,0.0,3.39,557.0
2779,45175,san diego,CA,9mudn5,9mudn59,9mudn59,32.71528,-117.1564,32.7152778,-117.1563889,1981-02-15,2009-08-29,10422,1981,2009,1.0,3.38,558.0
2779,45096,san diego,CA,9mudn5,9mudn59,9mudn59,32.71528,-117.1564,32.7152778,-117.1563889,1981-02-15,2009-08-23,10416,1981,2009,1.0,3.38,558.0
2779,45592,san diego,CA,9mudn5,9mudn59,9mudn59,32.71528,-117.1564,32.7152778,-117.1563889,1981-02-15,2009-09-19,10443,1981,2009,1.0,3.38,558.0
2779,45245,san diego,CA,9mudn5,9mudn59,9mudn59,32.71528,-117.1564,32.7152778,-117.1563889,1981-02-15,2009-09-03,10427,1981,2009,1.0,3.38,558.0
2779,45635,san diego,CA,9mudn5,9mudn59,9mudn59,32.71528,-117.1564,32.7152778,-117.1563889,1981-02-15,2009-09-23,10447,1981,2009,1.0,3.38,558.0
10653,21363,puyallup,WA,c23h3j,c23h3jv,c23h3jv,47.18556,-122.2917,47.1855556,-122.2916667,1974-06-27,2003-01-28,10442,1974,2003,3.0,3.38,558.0
2779,45097,san diego,CA,9mudn5,9mudn59,9mudn59,32.71528,-117.1564,32.7152778,-117.1563889,1981-02-15,2009-08-23,10416,1981,2009,1.0,3.38,558.0
2744,59001,battle ground,WA,c20u7w,c20u7wn,c20u7wn,45.7811,-122.5322,45.7811111,-122.5322222,1984-01-15,2012-08-19,10444,1984,2012,2.0,3.38,558.0
2779,45153,san diego,CA,9mudn5,9mudn59,9mudn59,32.71528,-117.1564,32.7152778,-117.1563889,1981-02-15,2009-08-27,10420,1981,2009,1.0,3.38,558.0
10653,21560,puyallup,WA,c23h3j,c23h3jv,c23h3jv,47.18556,-122.2917,47.1855556,-122.2916667,1974-06-27,2003-02-23,10468,1974,2003,3.0,3.37,559.0
2779,46186,san diego,CA,9mudn5,9mudn59,9mudn59,32.71528,-117.1564,32.7152778,-117.1563889,1981-02-15,2009-11-25,10510,1981,2009,1.0,3.36,560.0
2779,46206,san diego,CA,9mudn5,9mudn59,9mudn59,32.71528,-117.1564,32.7152778,-117.1563889,1981-02-15,2009-11-27,10512,1981,2009,1.0,3.36,560.0
4403,25694,maple valley,WA,c23jwy,c23jwyp,c23jwyp,47.40667,-122.0375,47.4066667,-122.0375,1975-07-31,2004-06-04,10536,1975,2004,0.0,3.35,561.0
5260,25865,crescent city,CA,9prtt9,9prtt9r,9prtt9r,41.75611,-124.2006,41.7561111,-124.2005556,1975-09-01,2004-06-21,10521,1975,2004,4.0,3.35,561.0
3585,1930,monroe,WA,c2920x,c2920xb,c2920xb,47.85556,-121.9697,47.8555556,-121.9697222,2001-08-01,1972-10-01,10531,2001,1972,2.0,3.35,561.0
2779,46513,san diego,CA,9mudn5,9mudn59,9mudn59,32.71528,-117.1564,32.7152778,-117.1563889,1981-02-15,2010-01-06,10552,1981,2010,1.0,3.34,562.0
2779,46482,san diego,CA,9mudn5,9mudn59,9mudn59,32.71528,-117.1564,32.7152778,-117.1563889,1981-02-15,2010-01-01,10547,1981,2010,1.0,3.34,562.0
2779,46479,san diego,CA,9mudn5,9mudn59,9mudn59,32.71528,-117.1564,32.7152778,-117.1563889,1981-02-15,2010-01-01,10547,1981,2010,1.0,3.34,562.0
2779,46808,san diego,CA,9mudn5,9mudn59,9mudn59,32.71528,-117.1564,32.7152778,-117.1563889,1981-02-15,2010-03-01,10606,1981,2010,1.0,3.33,563.0
2779,46753,san diego,CA,9mudn5,9mudn59,9mudn59,32.71528,-117.1564,32.7152778,-117.1563889,1981-02-15,2010-02-18,10595,1981,2010,1.0,3.33,563.0
10653,22092,puyallup,WA,c23h3j,c23h3jv,c23h3jv,47.18556,-122.2917,47.1855556,-122.2916667,1974-06-27,2003-06-09,10574,1974,2003,3.0,3.33,563.0
7185,16600,sussex,NJ,dr6fqq,dr6fqqy,dr6fqq0,41.2145,-74.5995,41.2097222,-74.6080556,1976-10-18,2001-05-06,8966,1976,2001,891.0,3.32,564.0
2779,47098,san diego,CA,9mudn5,9mudn59,9mudn59,32.71528,-117.1564,32.7152778,-117.1563889,1981-02-15,2010-04-10,10646,1981,2010,1.0,3.31,565.0
2779,47074,san diego,CA,9mudn5,9mudn59,9mudn59,32.71528,-117.1564,32.7152778,-117.1563889,1981-02-15,2010-04-08,10644,1981,2010,1.0,3.31,565.0
2779,47580,san diego,CA,9mudn5,9mudn59,9mudn59,32.71528,-117.1564,32.7152778,-117.1563889,1981-02-15,2010-06-07,10704,1981,2010,1.0,3.3,566.0
6746,57015,south lake tahoe,CA,9qftmx,9qftmxw,9qftmxw,38.93333,-119.9833,38.9333333,-119.9833333,1983-01-01,2012-05-26,10738,1983,2012,3.0,3.29,567.0
2779,47757,san diego,CA,9mudn5,9mudn59,9mudn59,32.71528,-117.1564,32.7152778,-117.1563889,1981-02-15,2010-06-26,10723,1981,2010,1.0,3.29,567.0
2744,64296,battle ground,WA,c20u7w,c20u7wn,c20u7wn,45.7811,-122.5322,45.7811111,-122.5322222,1984-01-15,2013-07-07,10766,1984,2013,2.0,3.28,568.0
1593,45582,parkland,WA,c22umb,c22umbr,c22umbr,47.15556,-122.4328,47.1555556,-122.4327778,1980-04-16,2009-09-19,10748,1980,2009,2.0,3.28,568.0
39858,15020,granite falls (23 miles east of),WA,c29389,c293893,c293893,48.0835,-121.9683,48.0841667,-121.9675,1971-10-15,2000-09-15,10563,1971,2000,95.0,3.28,568.0
14154,2857,hartsville,SC,dnp59c,dnp59ce,dnp59cs,34.374,-80.074,34.3738889,-80.0736111,2006-03-13,1976-11-11,10714,2006,1976,38.0,3.27,569.0
2744,64949,battle ground,WA,c20u7w,c20u7wn,c20u7wn,45.7811,-122.5322,45.7811111,-122.5322222,1984-01-15,2013-08-09,10799,1984,2013,2.0,3.27,569.0
2779,49914,san diego,CA,9mudn5,9mudn59,9mudn59,32.71528,-117.1564,32.7152778,-117.1563889,1981-02-15,2010-11-15,10865,1981,2010,1.0,3.25,570.0
2779,49776,san diego,CA,9mudn5,9mudn59,9mudn59,32.71528,-117.1564,32.7152778,-117.1563889,1981-02-15,2010-11-04,10854,1981,2010,1.0,3.25,570.0
2779,50575,san diego,CA,9mudn5,9mudn59,9mudn59,32.71528,-117.1564,32.7152778,-117.1563889,1981-02-15,2011-02-05,10947,1981,2011,1.0,3.23,571.0
39858,16238,granite falls,WA,c29389,c293893,c293893,48.0835,-121.9683,48.0841667,-121.9675,1971-10-15,2001-03-12,10741,1971,2001,95.0,3.23,571.0
39858,16187,granite falls,WA,c29389,c293893,c293893,48.0835,-121.9683,48.0841667,-121.9675,1971-10-15,2001-03-05,10734,1971,2001,95.0,3.23,571.0
39858,16239,granite falls,WA,c29389,c293893,c293893,48.0835,-121.9683,48.0841667,-121.9675,1971-10-15,2001-03-12,10741,1971,2001,95.0,3.23,571.0
10653,25819,puyallup,WA,c23h3j,c23h3jv,c23h3jv,47.18556,-122.2917,47.1855556,-122.2916667,1974-06-27,2004-06-17,10948,1974,2004,3.0,3.22,572.0
2779,50636,san diego,CA,9mudn5,9mudn59,9mudn59,32.71528,-117.1564,32.7152778,-117.1563889,1981-02-15,2011-02-11,10953,1981,2011,1.0,3.22,572.0
2779,50872,san diego,CA,9mudn5,9mudn59,9mudn59,32.71528,-117.1564,32.7152778,-117.1563889,1981-02-15,2011-03-10,10980,1981,2011,1.0,3.22,572.0
2779,50798,san diego,CA,9mudn5,9mudn59,9mudn59,32.71528,-117.1564,32.7152778,-117.1563889,1981-02-15,2011-03-02,10972,1981,2011,1.0,3.22,572.0
39858,16253,granite falls,WA,c29389,c293893,c293893,48.0835,-121.9683,48.0841667,-121.9675,1971-10-15,2001-03-13,10742,1971,2001,95.0,3.22,572.0
2779,50718,san diego,CA,9mudn5,9mudn59,9mudn59,32.71528,-117.1564,32.7152778,-117.1563889,1981-02-15,2011-02-20,10962,1981,2011,1.0,3.22,572.0
10653,26280,puyallup,WA,c23h3j,c23h3jv,c23h3jv,47.18556,-122.2917,47.1855556,-122.2916667,1974-06-27,2004-07-29,10990,1974,2004,3.0,3.21,573.0
2779,51007,san diego,CA,9mudn5,9mudn59,9mudn59,32.71528,-117.1564,32.7152778,-117.1563889,1981-02-15,2011-03-26,10996,1981,2011,1.0,3.21,573.0
2779,51174,san diego,CA,9mudn5,9mudn59,9mudn59,32.71528,-117.1564,32.7152778,-117.1563889,1981-02-15,2011-04-14,11015,1981,2011,1.0,3.21,573.0
2779,51183,san diego,CA,9mudn5,9mudn59,9mudn59,32.71528,-117.1564,32.7152778,-117.1563889,1981-02-15,2011-04-15,11016,1981,2011,1.0,3.21,573.0
2779,51494,san diego,CA,9mudn5,9mudn59,9mudn59,32.71528,-117.1564,32.7152778,-117.1563889,1981-02-15,2011-05-24,11055,1981,2011,1.0,3.2,574.0
18632,40060,barnwell,SC,djyjhs,djyjhsh,djyjhsh,33.245,-81.359,33.2447222,-81.3588889,1978-06-08,2008-06-17,10967,1978,2008,33.0,3.2,574.0
25592,64126,portland,TN,dnd2p7,dnd2p7j,dnd2p72,36.5802,-86.5104,36.5816667,-86.5163889,1986-05-24,2013-07-04,9903,1986,2013,559.0,3.2,574.0
25592,63806,portland,TN,dnd2p7,dnd2p7j,dnd2p72,36.5802,-86.5104,36.5816667,-86.5163889,1986-05-24,2013-06-23,9892,1986,2013,559.0,3.2,574.0
10653,27244,puyallup,WA,c23h3j,c23h3jv,c23h3jv,47.18556,-122.2917,47.1855556,-122.2916667,1974-06-27,2004-10-24,11077,1974,2004,3.0,3.19,575.0
2779,51897,san diego,CA,9mudn5,9mudn59,9mudn59,32.71528,-117.1564,32.7152778,-117.1563889,1981-02-15,2011-06-30,11092,1981,2011,1.0,3.19,575.0
2779,51866,san diego,CA,9mudn5,9mudn59,9mudn59,32.71528,-117.1564,32.7152778,-117.1563889,1981-02-15,2011-06-29,11091,1981,2011,1.0,3.19,575.0
6330,2410,lodi,OH,dpm9mv,dpm9mv6,dpm9mvb,41.03,-82.0101,41.0333333,-82.0122222,2003-05-01,1975-05-07,10221,2003,1975,411.0,3.19,575.0
2779,52542,san diego (ranch environment),CA,9mudn5,9mudn59,9mudn59,32.71528,-117.1564,32.7152778,-117.1563889,1981-02-15,2011-07-31,11123,1981,2011,1.0,3.18,576.0
2779,52367,san diego,CA,9mudn5,9mudn59,9mudn59,32.71528,-117.1564,32.7152778,-117.1563889,1981-02-15,2011-07-20,11112,1981,2011,1.0,3.18,576.0
10653,27741,puyallup,WA,c23h3j,c23h3jv,c23h3jv,47.18556,-122.2917,47.1855556,-122.2916667,1974-06-27,2004-12-12,11126,1974,2004,3.0,3.17,577.0
39858,17657,granite falls,WA,c29389,c293893,c293893,48.0835,-121.9683,48.0841667,-121.9675,1971-10-15,2001-09-08,10921,1971,2001,95.0,3.17,577.0
2779,52904,san diego,CA,9mudn5,9mudn59,9mudn59,32.71528,-117.1564,32.7152778,-117.1563889,1981-02-15,2011-08-21,11144,1981,2011,1.0,3.17,577.0
2779,53636,san diego,CA,9mudn5,9mudn59,9mudn59,32.71528,-117.1564,32.7152778,-117.1563889,1981-02-15,2011-10-06,11190,1981,2011,1.0,3.16,578.0
10653,28088,puyallup,WA,c23h3j,c23h3jv,c23h3jv,47.18556,-122.2917,47.1855556,-122.2916667,1974-06-27,2005-01-31,11176,1974,2005,3.0,3.16,578.0
10653,28108,puyallup,WA,c23h3j,c23h3jv,c23h3jv,47.18556,-122.2917,47.1855556,-122.2916667,1974-06-27,2005-02-02,11178,1974,2005,3.0,3.16,578.0
5260,32636,crescent city,CA,9prtt9,9prtt9r,9prtt9r,41.75611,-124.2006,41.7561111,-124.2005556,1975-09-01,2006-06-28,11258,1975,2006,4.0,3.14,579.0
2779,54418,san diego,CA,9mudn5,9mudn59,9mudn59,32.71528,-117.1564,32.7152778,-117.1563889,1981-02-15,2011-11-24,11239,1981,2011,1.0,3.14,579.0
2779,54755,san diego,CA,9mudn5,9mudn59,9mudn59,32.71528,-117.1564,32.7152778,-117.1563889,1981-02-15,2011-12-23,11268,1981,2011,1.0,3.14,579.0
2779,54730,san diego,CA,9mudn5,9mudn59,9mudn59,32.71528,-117.1564,32.7152778,-117.1563889,1981-02-15,2011-12-20,11265,1981,2011,1.0,3.14,579.0
39858,18527,granite falls,WA,c29389,c293893,c293893,48.0835,-121.9683,48.0841667,-121.9675,1971-10-15,2002-01-10,11045,1971,2002,95.0,3.14,579.0
2779,55248,san diego (on mexican border),CA,9mudn5,9mudn59,9mudn59,32.71528,-117.1564,32.7152778,-117.1563889,1981-02-15,2012-01-17,11293,1981,2012,1.0,3.13,580.0
2779,55202,san diego,CA,9mudn5,9mudn59,9mudn59,32.71528,-117.1564,32.7152778,-117.1563889,1981-02-15,2012-01-13,11289,1981,2012,1.0,3.13,580.0
10653,28987,puyallup,WA,c23h3j,c23h3jv,c23h3jv,47.18556,-122.2917,47.1855556,-122.2916667,1974-06-27,2005-05-24,11289,1974,2005,3.0,3.13,580.0
39858,19027,granite falls,WA,c29389,c293893,c293893,48.0835,-121.9683,48.0841667,-121.9675,1971-10-15,2002-04-07,11132,1971,2002,95.0,3.12,581.0
2779,55690,san diego,CA,9mudn5,9mudn59,9mudn59,32.71528,-117.1564,32.7152778,-117.1563889,1981-02-15,2012-02-22,11329,1981,2012,1.0,3.12,581.0
2779,55577,san diego (north coastal area),CA,9mudn5,9mudn59,9mudn59,32.71528,-117.1564,32.7152778,-117.1563889,1981-02-15,2012-02-11,11318,1981,2012,1.0,3.12,581.0
10653,29666,puyallup,WA,c23h3j,c23h3jv,c23h3jv,47.18556,-122.2917,47.1855556,-122.2916667,1974-06-27,2005-07-31,11357,1974,2005,3.0,3.11,582.0
2779,56332,san diego,CA,9mudn5,9mudn59,9mudn59,32.71528,-117.1564,32.7152778,-117.1563889,1981-02-15,2012-04-09,11376,1981,2012,1.0,3.11,582.0
2779,55963,san diego,CA,9mudn5,9mudn59,9mudn59,32.71528,-117.1564,32.7152778,-117.1563889,1981-02-15,2012-03-15,11351,1981,2012,1.0,3.11,582.0
10653,29904,puyallup,WA,c23h3j,c23h3jv,c23h3jv,47.18556,-122.2917,47.1855556,-122.2916667,1974-06-27,2005-08-27,11384,1974,2005,3.0,3.1,583.0
10653,29905,puyallup,WA,c23h3j,c23h3jv,c23h3jv,47.18556,-122.2917,47.1855556,-122.2916667,1974-06-27,2005-08-27,11384,1974,2005,3.0,3.1,583.0
1593,52070,parkland,WA,c22umb,c22umbr,c22umbr,47.15556,-122.4328,47.1555556,-122.4327778,1980-04-16,2011-07-04,11401,1980,2011,2.0,3.1,583.0
2779,56547,san diego,CA,9mudn5,9mudn59,9mudn59,32.71528,-117.1564,32.7152778,-117.1563889,1981-02-15,2012-04-22,11389,1981,2012,1.0,3.1,583.0
2779,56812,san diego,CA,9mudn5,9mudn59,9mudn59,32.71528,-117.1564,32.7152778,-117.1563889,1981-02-15,2012-05-12,11409,1981,2012,1.0,3.1,583.0
2779,57002,san diego,CA,9mudn5,9mudn59,9mudn59,32.71528,-117.1564,32.7152778,-117.1563889,1981-02-15,2012-05-26,11423,1981,2012,1.0,3.1,583.0
1724,34659,bonney lake,WA,c23h7s,c23h7s7,c23h7s7,47.1772,-122.1852,47.1772222,-122.1852778,1975-10-11,2007-01-13,11417,1975,2007,6.0,3.09,584.0
18632,44538,barnwell,SC,djyjhs,djyjhsh,djyjhsh,33.245,-81.359,33.2447222,-81.3588889,1978-06-08,2009-07-10,11355,1978,2009,33.0,3.09,584.0
2779,57366,san diego,CA,9mudn5,9mudn59,9mudn59,32.71528,-117.1564,32.7152778,-117.1563889,1981-02-15,2012-06-16,11444,1981,2012,1.0,3.09,584.0
2779,58546,san diego,CA,9mudn5,9mudn59,9mudn59,32.71528,-117.1564,32.7152778,-117.1563889,1981-02-15,2012-08-03,11492,1981,2012,1.0,3.08,585.0
2779,58547,san diego,CA,9mudn5,9mudn59,9mudn59,32.71528,-117.1564,32.7152778,-117.1563889,1981-02-15,2012-08-03,11492,1981,2012,1.0,3.08,585.0
2779,58796,san diego,CA,9mudn5,9mudn59,9mudn59,32.71528,-117.1564,32.7152778,-117.1563889,1981-02-15,2012-08-11,11500,1981,2012,1.0,3.08,585.0
2779,58756,san diego,CA,9mudn5,9mudn59,9mudn59,32.71528,-117.1564,32.7152778,-117.1563889,1981-02-15,2012-08-10,11499,1981,2012,1.0,3.08,585.0
2779,58737,san diego,CA,9mudn5,9mudn59,9mudn59,32.71528,-117.1564,32.7152778,-117.1563889,1981-02-15,2012-08-09,11498,1981,2012,1.0,3.08,585.0
2779,58143,san diego,CA,9mudn5,9mudn59,9mudn59,32.71528,-117.1564,32.7152778,-117.1563889,1981-02-15,2012-07-13,11471,1981,2012,1.0,3.08,585.0
2779,58410,san diego,CA,9mudn5,9mudn59,9mudn59,32.71528,-117.1564,32.7152778,-117.1563889,1981-02-15,2012-07-27,11485,1981,2012,1.0,3.08,585.0
2779,58093,san diego,CA,9mudn5,9mudn59,9mudn59,32.71528,-117.1564,32.7152778,-117.1563889,1981-02-15,2012-07-10,11468,1981,2012,1.0,3.08,585.0
2779,59683,san diego,CA,9mudn5,9mudn59,9mudn59,32.71528,-117.1564,32.7152778,-117.1563889,1981-02-15,2012-09-21,11541,1981,2012,1.0,3.07,586.0
2779,59178,san diego,CA,9mudn5,9mudn59,9mudn59,32.71528,-117.1564,32.7152778,-117.1563889,1981-02-15,2012-08-27,11516,1981,2012,1.0,3.07,586.0
2779,60194,san diego,CA,9mudn5,9mudn59,9mudn59,32.71528,-117.1564,32.7152778,-117.1563889,1981-02-15,2012-10-18,11568,1981,2012,1.0,3.06,587.0
2779,59694,san diego,CA,9mudn5,9mudn59,9mudn59,32.71528,-117.1564,32.7152778,-117.1563889,1981-02-15,2012-09-22,11542,1981,2012,1.0,3.06,587.0
2779,60017,san diego,CA,9mudn5,9mudn59,9mudn59,32.71528,-117.1564,32.7152778,-117.1563889,1981-02-15,2012-10-09,11559,1981,2012,1.0,3.06,587.0
2779,60027,san diego,CA,9mudn5,9mudn59,9mudn59,32.71528,-117.1564,32.7152778,-117.1563889,1981-02-15,2012-10-10,11560,1981,2012,1.0,3.06,587.0
39858,20753,granite falls,WA,c29389,c293893,c293893,48.0835,-121.9683,48.0841667,-121.9675,1971-10-15,2002-11-02,11341,1971,2002,95.0,3.06,587.0
39858,20754,granite falls,WA,c29389,c293893,c293893,48.0835,-121.9683,48.0841667,-121.9675,1971-10-15,2002-11-02,11341,1971,2002,95.0,3.06,587.0
1593,55318,parkland,WA,c22umb,c22umbr,c22umbr,47.15556,-122.4328,47.1555556,-122.4327778,1980-04-16,2012-01-21,11602,1980,2012,2.0,3.05,588.0
2779,61669,san diego (south park),CA,9mudn5,9mudn59,9mudn59,32.71528,-117.1564,32.7152778,-117.1563889,1981-02-15,2012-12-31,11642,1981,2012,1.0,3.04,589.0
2779,61577,san diego,CA,9mudn5,9mudn59,9mudn59,32.71528,-117.1564,32.7152778,-117.1563889,1981-02-15,2012-12-27,11638,1981,2012,1.0,3.04,589.0
1564,12058,winlock,WA,c2286x,c2286x2,c2286x2,46.49139,-122.9367,46.4913889,-122.9366667,1967-08-18,1999-07-28,11667,1967,1999,3.0,3.03,590.0
2779,62197,san diego,CA,9mudn5,9mudn59,9mudn59,32.71528,-117.1564,32.7152778,-117.1563889,1981-02-15,2013-02-22,11695,1981,2013,1.0,3.03,590.0
2779,62251,san diego,CA,9mudn5,9mudn59,9mudn59,32.71528,-117.1564,32.7152778,-117.1563889,1981-02-15,2013-02-28,11701,1981,2013,1.0,3.02,591.0
2779,62559,san diego,CA,9mudn5,9mudn59,9mudn59,32.71528,-117.1564,32.7152778,-117.1563889,1981-02-15,2013-03-30,11731,1981,2013,1.0,3.02,591.0
2779,62598,san diego,CA,9mudn5,9mudn59,9mudn59,32.71528,-117.1564,32.7152778,-117.1563889,1981-02-15,2013-04-01,11733,1981,2013,1.0,3.02,591.0
2779,63117,san diego,CA,9mudn5,9mudn59,9mudn59,32.71528,-117.1564,32.7152778,-117.1563889,1981-02-15,2013-05-13,11775,1981,2013,1.0,3.01,592.0
2779,63108,san diego,CA,9mudn5,9mudn59,9mudn59,32.71528,-117.1564,32.7152778,-117.1563889,1981-02-15,2013-05-12,11774,1981,2013,1.0,3.01,592.0
10653,33699,puyallup,WA,c23h3j,c23h3jv,c23h3jv,47.18556,-122.2917,47.1855556,-122.2916667,1974-06-27,2006-10-16,11799,1974,2006,3.0,3.0,593.0
2779,63577,san diego,CA,9mudn5,9mudn59,9mudn59,32.71528,-117.1564,32.7152778,-117.1563889,1981-02-15,2013-06-11,11804,1981,2013,1.0,3.0,593.0
39858,22563,granite falls,WA,c29389,c293893,c293893,48.0835,-121.9683,48.0841667,-121.9675,1971-10-15,2003-08-01,11613,1971,2003,95.0,2.99,594.0
2779,64791,san diego,CA,9mudn5,9mudn59,9mudn59,32.71528,-117.1564,32.7152778,-117.1563889,1981-02-15,2013-08-03,11857,1981,2013,1.0,2.99,594.0
2779,64273,san diego,CA,9mudn5,9mudn59,9mudn59,32.71528,-117.1564,32.7152778,-117.1563889,1981-02-15,2013-07-07,11830,1981,2013,1.0,2.99,594.0
39858,22519,granite falls,WA,c29389,c293893,c293893,48.0835,-121.9683,48.0841667,-121.9675,1971-10-15,2003-07-28,11609,1971,2003,95.0,2.99,594.0
1925,40237,twisp,WA,c2de4s,c2de4s6,c2de4s6,48.36361,-120.1211,48.3636111,-120.1211111,1976-01-30,2008-07-01,11841,1976,2008,1.0,2.99,594.0
2779,65154,san diego (pacific beach),CA,9mudn5,9mudn59,9mudn59,32.71528,-117.1564,32.7152778,-117.1563889,1981-02-15,2013-08-17,11871,1981,2013,1.0,2.98,595.0
2779,64935,san diego,CA,9mudn5,9mudn59,9mudn59,32.71528,-117.1564,32.7152778,-117.1563889,1981-02-15,2013-08-08,11862,1981,2013,1.0,2.98,595.0
18632,49145,barnwell,SC,djyjhs,djyjhsh,djyjhsh,33.245,-81.359,33.2447222,-81.3588889,1978-06-08,2010-09-15,11787,1978,2010,33.0,2.98,595.0
2779,65563,san diego,CA,9mudn5,9mudn59,9mudn59,32.71528,-117.1564,32.7152778,-117.1563889,1981-02-15,2013-09-04,11889,1981,2013,1.0,2.98,595.0
2779,65052,san diego (north of),CA,9mudn5,9mudn59,9mudn59,32.71528,-117.1564,32.7152778,-117.1563889,1981-02-15,2013-08-13,11867,1981,2013,1.0,2.98,595.0
2779,65054,san diego,CA,9mudn5,9mudn59,9mudn59,32.71528,-117.1564,32.7152778,-117.1563889,1981-02-15,2013-08-13,11867,1981,2013,1.0,2.98,595.0
2779,65804,san diego,CA,9mudn5,9mudn59,9mudn59,32.71528,-117.1564,32.7152778,-117.1563889,1981-02-15,2013-09-16,11901,1981,2013,1.0,2.98,595.0
2779,65652,san diego,CA,9mudn5,9mudn59,9mudn59,32.71528,-117.1564,32.7152778,-117.1563889,1981-02-15,2013-09-09,11894,1981,2013,1.0,2.98,595.0
2779,66134,san diego,CA,9mudn5,9mudn59,9mudn59,32.71528,-117.1564,32.7152778,-117.1563889,1981-02-15,2013-09-29,11914,1981,2013,1.0,2.97,596.0
39858,23750,granite falls,WA,c29389,c293893,c293893,48.0835,-121.9683,48.0841667,-121.9675,1971-10-15,2003-11-05,11709,1971,2003,95.0,2.97,596.0
39858,24227,granite falls,WA,c29389,c293893,c293893,48.0835,-121.9683,48.0841667,-121.9675,1971-10-15,2003-12-18,11752,1971,2003,95.0,2.96,597.0
2779,67226,san diego,CA,9mudn5,9mudn59,9mudn59,32.71528,-117.1564,32.7152778,-117.1563889,1981-02-15,2013-11-19,11965,1981,2013,1.0,2.96,597.0
2779,67291,san diego,CA,9mudn5,9mudn59,9mudn59,32.71528,-117.1564,32.7152778,-117.1563889,1981-02-15,2013-11-22,11968,1981,2013,1.0,2.96,597.0
2779,66773,san diego,CA,9mudn5,9mudn59,9mudn59,32.71528,-117.1564,32.7152778,-117.1563889,1981-02-15,2013-10-30,11945,1981,2013,1.0,2.96,597.0
2779,66795,san diego,CA,9mudn5,9mudn59,9mudn59,32.71528,-117.1564,32.7152778,-117.1563889,1981-02-15,2013-10-31,11946,1981,2013,1.0,2.96,597.0
2779,66957,san diego county,CA,9mudn5,9mudn59,9mudn59,32.71528,-117.1564,32.7152778,-117.1563889,1981-02-15,2013-11-06,11952,1981,2013,1.0,2.96,597.0
10653,35478,puyallup,WA,c23h3j,c23h3jv,c23h3jv,47.18556,-122.2917,47.1855556,-122.2916667,1974-06-27,2007-04-20,11985,1974,2007,3.0,2.95,598.0
2779,68091,san diego,CA,9mudn5,9mudn59,9mudn59,32.71528,-117.1564,32.7152778,-117.1563889,1981-02-15,2013-12-31,12007,1981,2013,1.0,2.95,598.0
2779,68237,san diego,CA,9mudn5,9mudn59,9mudn59,32.71528,-117.1564,32.7152778,-117.1563889,1981-02-15,2014-01-01,12008,1981,2014,1.0,2.95,598.0
2779,68320,san diego,CA,9mudn5,9mudn59,9mudn59,32.71528,-117.1564,32.7152778,-117.1563889,1981-02-15,2014-01-06,12013,1981,2014,1.0,2.95,598.0
2779,68070,san diego,CA,9mudn5,9mudn59,9mudn59,32.71528,-117.1564,32.7152778,-117.1563889,1981-02-15,2013-12-30,12006,1981,2013,1.0,2.95,598.0
2779,68069,san diego,CA,9mudn5,9mudn59,9mudn59,32.71528,-117.1564,32.7152778,-117.1563889,1981-02-15,2013-12-30,12006,1981,2013,1.0,2.95,598.0
2779,68066,san diego,CA,9mudn5,9mudn59,9mudn59,32.71528,-117.1564,32.7152778,-117.1563889,1981-02-15,2013-12-30,12006,1981,2013,1.0,2.95,598.0
2779,67924,san diego,CA,9mudn5,9mudn59,9mudn59,32.71528,-117.1564,32.7152778,-117.1563889,1981-02-15,2013-12-24,12000,1981,2013,1.0,2.95,598.0
2779,69122,san diego,CA,9mudn5,9mudn59,9mudn59,32.71528,-117.1564,32.7152778,-117.1563889,1981-02-15,2014-02-23,12061,1981,2014,1.0,2.94,599.0
2779,69681,san diego,CA,9mudn5,9mudn59,9mudn59,32.71528,-117.1564,32.7152778,-117.1563889,1981-02-15,2014-04-04,12101,1981,2014,1.0,2.93,600.0
10919,21305,jacksonville,AR,9ynqrg,9ynqrgb,9ynqrgp,34.87,-92.12,34.8661111,-92.11,1975-09-15,2003-01-18,9987,1975,2003,1010.0,2.93,600.0
2779,70195,san diego,CA,9mudn5,9mudn59,9mudn59,32.71528,-117.1564,32.7152778,-117.1563889,1981-02-15,2014-05-02,12129,1981,2014,1.0,2.92,601.0
2779,70062,san diego,CA,9mudn5,9mudn59,9mudn59,32.71528,-117.1564,32.7152778,-117.1563889,1981-02-15,2014-04-24,12121,1981,2014,1.0,2.92,601.0
10653,36893,puyallup,WA,c23h3j,c23h3jv,c23h3jv,47.18556,-122.2917,47.1855556,-122.2916667,1974-06-27,2007-09-01,12119,1974,2007,3.0,2.92,601.0
10653,36894,puyallup,WA,c23h3j,c23h3jv,c23h3jv,47.18556,-122.2917,47.1855556,-122.2916667,1974-06-27,2007-09-01,12119,1974,2007,3.0,2.92,601.0
1925,43855,twisp,WA,c2de4s,c2de4s6,c2de4s6,48.36361,-120.1211,48.3636111,-120.1211111,1976-01-30,2009-05-15,12159,1976,2009,1.0,2.91,602.0
1925,44693,twisp,WA,c2de4s,c2de4s6,c2de4s6,48.36361,-120.1211,48.3636111,-120.1211111,1976-01-30,2009-07-21,12226,1976,2009,1.0,2.9,603.0
39858,26484,granite falls,WA,c29389,c293893,c293893,48.0835,-121.9683,48.0841667,-121.9675,1971-10-15,2004-08-17,11995,1971,2004,95.0,2.9,603.0
39858,26477,granite falls,WA,c29389,c293893,c293893,48.0835,-121.9683,48.0841667,-121.9675,1971-10-15,2004-08-16,11994,1971,2004,95.0,2.9,603.0
4403,42978,maple valley,WA,c23jwy,c23jwyp,c23jwyp,47.40667,-122.0375,47.4066667,-122.0375,1975-07-31,2009-02-05,12243,1975,2009,0.0,2.89,604.0
13674,20795,chesnee,SC,dnjzcn,dnjzcnq,dnjzcnw,35.148,-81.861,35.1483333,-81.8611111,1969-07-18,2002-11-08,12166,1969,2002,38.0,2.89,604.0
1925,44943,twisp,WA,c2de4s,c2de4s6,c2de4s6,48.36361,-120.1211,48.3636111,-120.1211111,1976-01-30,2009-08-12,12248,1976,2009,1.0,2.89,604.0
10653,38805,puyallup,WA,c23h3j,c23h3jv,c23h3jv,47.18556,-122.2917,47.1855556,-122.2916667,1974-06-27,2008-02-20,12291,1974,2008,3.0,2.88,605.0
4403,44290,maple valley,WA,c23jwy,c23jwyp,c23jwyp,47.40667,-122.0375,47.4066667,-122.0375,1975-07-31,2009-06-27,12385,1975,2009,0.0,2.86,606.0
39858,28248,granite falls,WA,c29389,c293893,c293893,48.0835,-121.9683,48.0841667,-121.9675,1971-10-15,2005-02-22,12184,1971,2005,95.0,2.85,607.0
4403,46657,maple valley,WA,c23jwy,c23jwyp,c23jwyp,47.40667,-122.0375,47.4066667,-122.0375,1975-07-31,2010-01-29,12601,1975,2010,0.0,2.82,608.0
39858,29405,granite falls,WA,c29389,c293893,c293893,48.0835,-121.9683,48.0841667,-121.9675,1971-10-15,2005-07-04,12316,1971,2005,95.0,2.82,608.0
39858,31550,granite falls,WA,c29389,c293893,c293893,48.0835,-121.9683,48.0841667,-121.9675,1971-10-15,2006-02-08,12535,1971,2006,95.0,2.78,609.0
5260,50318,crescent city,CA,9prtt9,9prtt9r,9prtt9r,41.75611,-124.2006,41.7561111,-124.2005556,1975-09-01,2011-01-02,12907,1975,2011,4.0,2.75,610.0
39858,32609,granite falls,WA,c29389,c293893,c293893,48.0835,-121.9683,48.0841667,-121.9675,1971-10-15,2006-06-24,12671,1971,2006,95.0,2.75,610.0
10653,46259,puyallup,WA,c23h3j,c23h3jv,c23h3jv,47.18556,-122.2917,47.1855556,-122.2916667,1974-06-27,2009-12-03,12943,1974,2009,3.0,2.74,611.0
1925,52961,twisp,WA,c2de4s,c2de4s6,c2de4s6,48.36361,-120.1211,48.3636111,-120.1211111,1976-01-30,2011-08-25,12991,1976,2011,1.0,2.73,612.0
4403,51470,maple valley,WA,c23jwy,c23jwyp,c23jwyp,47.40667,-122.0375,47.4066667,-122.0375,1975-07-31,2011-05-21,13078,1975,2011,0.0,2.72,613.0
1925,54742,twisp,WA,c2de4s,c2de4s6,c2de4s6,48.36361,-120.1211,48.3636111,-120.1211111,1976-01-30,2011-12-22,13110,1976,2011,1.0,2.71,614.0
4403,52846,maple valley,WA,c23jwy,c23jwyp,c23jwyp,47.40667,-122.0375,47.4066667,-122.0375,1975-07-31,2011-08-19,13168,1975,2011,0.0,2.7,615.0
16823,1715,lake  wales,FL,dhvyxr,dhvyxrr,dhvyxrn,27.9013,-81.58581,27.9011111,-81.5861111,2006-12-01,1970-12-21,13129,2006,1970,36.0,2.69,616.0
4403,54308,maple valley,WA,c23jwy,c23jwyp,c23jwyp,47.40667,-122.0375,47.4066667,-122.0375,1975-07-31,2011-11-15,13256,1975,2011,0.0,2.68,617.0
51044,3400,panama city beach,FL,dj6gxm,dj6gxmq,dj6gxmq,30.1766,-85.8055,30.1763889,-85.8055556,2015-07-14,1979-05-06,13218,2015,1979,24.0,2.67,618.0
1724,58420,bonney lake,WA,c23h7s,c23h7s7,c23h7s7,47.1772,-122.1852,47.1772222,-122.1852778,1975-10-11,2012-07-27,13439,1975,2012,6.0,2.64,619.0
1724,60140,bonney lake,WA,c23h7s,c23h7s7,c23h7s7,47.1772,-122.1852,47.1772222,-122.1852778,1975-10-11,2012-10-15,13519,1975,2012,6.0,2.63,620.0
1724,59973,bonney lake,WA,c23h7s,c23h7s7,c23h7s7,47.1772,-122.1852,47.1772222,-122.1852778,1975-10-11,2012-10-06,13510,1975,2012,6.0,2.63,620.0
4403,57903,maple valley,WA,c23jwy,c23jwyp,c23jwyp,47.40667,-122.0375,47.4066667,-122.0375,1975-07-31,2012-07-04,13488,1975,2012,0.0,2.63,620.0
4403,58837,maple valley,WA,c23jwy,c23jwyp,c23jwyp,47.40667,-122.0375,47.4066667,-122.0375,1975-07-31,2012-08-12,13527,1975,2012,0.0,2.63,620.0
2779,6,san diego,CA,9mudn5,9mudn59,9mudn59,32.71528,-117.1564,32.7152778,-117.1563889,1981-02-15,1944-01-01,13560,1981,1944,1.0,2.62,621.0
10653,53025,puyallup,WA,c23h3j,c23h3jv,c23h3jv,47.18556,-122.2917,47.1855556,-122.2916667,1974-06-27,2011-08-28,13576,1974,2011,3.0,2.62,621.0
16823,1604,lake wales,FL,dhvyxr,dhvyxrr,dhvyxrn,27.9013,-81.58581,27.9011111,-81.5861111,2006-12-01,1970-01-16,13468,2006,1970,36.0,2.62,621.0
4403,59898,maple valley,WA,c23jwy,c23jwyp,c23jwyp,47.40667,-122.0375,47.4066667,-122.0375,1975-07-31,2012-10-02,13578,1975,2012,0.0,2.62,621.0
7731,51106,corning,CA,9r155u,9r155u8,9r155u8,39.92778,-122.1781,39.9277778,-122.1780556,1973-10-15,2011-04-08,13689,1973,2011,4.0,2.6,622.0
10653,55559,puyallup,WA,c23h3j,c23h3jv,c23h3jv,47.18556,-122.2917,47.1855556,-122.2916667,1974-06-27,2012-02-08,13740,1974,2012,3.0,2.59,623.0
10653,54854,puyallup,WA,c23h3j,c23h3jv,c23h3jv,47.18556,-122.2917,47.1855556,-122.2916667,1974-06-27,2011-12-27,13697,1974,2011,3.0,2.59,623.0
4403,63431,maple valley,WA,c23jwy,c23jwyp,c23jwyp,47.40667,-122.0375,47.4066667,-122.0375,1975-07-31,2013-06-02,13821,1975,2013,0.0,2.57,624.0
10653,56992,puyallup,WA,c23h3j,c23h3jv,c23h3jv,47.18556,-122.2917,47.1855556,-122.2916667,1974-06-27,2012-05-24,13846,1974,2012,3.0,2.57,624.0
13674,34785,chesnee,SC,dnjzcn,dnjzcnq,dnjzcnw,35.148,-81.861,35.1483333,-81.8611111,1969-07-18,2007-01-25,13705,1969,2007,38.0,2.57,624.0
10653,57874,puyallup,WA,c23h3j,c23h3jv,c23h3jv,47.18556,-122.2917,47.1855556,-122.2916667,1974-06-27,2012-07-04,13887,1974,2012,3.0,2.56,625.0
10653,57850,puyallup,WA,c23h3j,c23h3jv,c23h3jv,47.18556,-122.2917,47.1855556,-122.2916667,1974-06-27,2012-07-04,13887,1974,2012,3.0,2.56,625.0
10653,57889,puyallup,WA,c23h3j,c23h3jv,c23h3jv,47.18556,-122.2917,47.1855556,-122.2916667,1974-06-27,2012-07-04,13887,1974,2012,3.0,2.56,625.0
10653,58139,puyallup,WA,c23h3j,c23h3jv,c23h3jv,47.18556,-122.2917,47.1855556,-122.2916667,1974-06-27,2012-07-13,13896,1974,2012,3.0,2.56,625.0
5137,726,ontonagon,MI,f026xs,f026xse,f026xse,46.87111,-89.31389,46.8711111,-89.3138889,2002-07-20,1964-06-30,13899,2002,1964,0.0,2.56,625.0
1724,66876,bonney lake,WA,c23h7s,c23h7s7,c23h7s7,47.1772,-122.1852,47.1772222,-122.1852778,1975-10-11,2013-11-03,13903,1975,2013,6.0,2.56,625.0
10653,58396,puyallup,WA,c23h3j,c23h3jv,c23h3jv,47.18556,-122.2917,47.1855556,-122.2916667,1974-06-27,2012-07-26,13909,1974,2012,3.0,2.56,625.0
16823,1476,lake wales,FL,dhvyxr,dhvyxrr,dhvyxrn,27.9013,-81.58581,27.9011111,-81.5861111,2006-12-01,1969-01-20,13829,2006,1969,36.0,2.55,626.0
5260,70208,crescent city,CA,9prtt9,9prtt9r,9prtt9r,41.75611,-124.2006,41.7561111,-124.2005556,1975-09-01,2014-05-03,14124,1975,2014,4.0,2.52,627.0
7185,43943,sussex,NJ,dr6fqq,dr6fqqy,dr6fqq0,41.2145,-74.5995,41.2097222,-74.6080556,1976-10-18,2009-05-24,11906,1976,2009,891.0,2.52,627.0
528,7738,eureka,CA,9pr8ne,9pr8neg,9pr8neg,40.80222,-124.1625,40.8022222,-124.1625,1957-06-01,1996-02-09,14132,1957,1996,0.0,2.52,627.0
5260,70136,crescent city,CA,9prtt9,9prtt9r,9prtt9r,41.75611,-124.2006,41.7561111,-124.2005556,1975-09-01,2014-04-29,14120,1975,2014,4.0,2.52,627.0
10653,62007,puyallup,WA,c23h3j,c23h3jv,c23h3jv,47.18556,-122.2917,47.1855556,-122.2916667,1974-06-27,2013-01-31,14098,1974,2013,3.0,2.52,627.0
10653,64200,puyallup,WA,c23h3j,c23h3jv,c23h3jv,47.18556,-122.2917,47.1855556,-122.2916667,1974-06-27,2013-07-06,14254,1974,2013,3.0,2.5,628.0
10653,63186,puyallup,WA,c23h3j,c23h3jv,c23h3jv,47.18556,-122.2917,47.1855556,-122.2916667,1974-06-27,2013-05-18,14205,1974,2013,3.0,2.5,628.0
39858,46593,granite falls,WA,c29389,c293893,c293893,48.0835,-121.9683,48.0841667,-121.9675,1971-10-15,2010-01-17,13974,1971,2010,95.0,2.5,628.0
10653,64111,puyallup,WA,c23h3j,c23h3jv,c23h3jv,47.18556,-122.2917,47.1855556,-122.2916667,1974-06-27,2013-07-04,14252,1974,2013,3.0,2.5,628.0
528,8147,eureka,CA,9pr8ne,9pr8neg,9pr8neg,40.80222,-124.1625,40.8022222,-124.1625,1957-06-01,1996-08-12,14317,1957,1996,0.0,2.49,629.0
7860,69264,laytonville,CA,9r01y1,9r01y15,9r01y15,39.68833,-123.4817,39.6883333,-123.4816667,1974-09-01,2014-03-04,14429,1974,2014,3.0,2.47,630.0
10653,67972,puyallup,WA,c23h3j,c23h3jv,c23h3jv,47.18556,-122.2917,47.1855556,-122.2916667,1974-06-27,2013-12-26,14427,1974,2013,3.0,2.47,630.0
10653,68815,puyallup,WA,c23h3j,c23h3jv,c23h3jv,47.18556,-122.2917,47.1855556,-122.2916667,1974-06-27,2014-02-04,14467,1974,2014,3.0,2.46,631.0
10653,69333,puyallup,WA,c23h3j,c23h3jv,c23h3jv,47.18556,-122.2917,47.1855556,-122.2916667,1974-06-27,2014-03-09,14500,1974,2014,3.0,2.45,632.0
7185,49848,sussex,NJ,dr6fqq,dr6fqqy,dr6fqq0,41.2145,-74.5995,41.2097222,-74.6080556,1976-10-18,2010-11-10,12441,1976,2010,891.0,2.42,633.0
1564,38699,winlock (on interstate 5),WA,c2286x,c2286x2,c2286x2,46.49139,-122.9367,46.4913889,-122.9366667,1967-08-18,2008-02-13,14789,1967,2008,3.0,2.41,634.0
528,9394,eureka,CA,9pr8ne,9pr8neg,9pr8neg,40.80222,-124.1625,40.8022222,-124.1625,1957-06-01,1997-11-15,14777,1957,1997,0.0,2.41,634.0
39858,52836,granite falls,WA,c29389,c293893,c293893,48.0835,-121.9683,48.0841667,-121.9675,1971-10-15,2011-08-18,14552,1971,2011,95.0,2.4,635.0
528,11052,eureka,CA,9pr8ne,9pr8neg,9pr8neg,40.80222,-124.1625,40.8022222,-124.1625,1957-06-01,1999-01-12,15200,1957,1999,0.0,2.35,636.0
528,10893,eureka (sighted from),CA,9pr8ne,9pr8neg,9pr8neg,40.80222,-124.1625,40.8022222,-124.1625,1957-06-01,1998-12-09,15166,1957,1998,0.0,2.35,636.0
2428,42802,berea,KY,dnsj9z,dnsj9zr,dnsj9z1,37.57039,-84.28714,37.5686111,-84.2963889,1973-08-01,2009-01-22,12958,1973,2009,839.0,2.35,636.0
1564,44075,winlock,WA,c2286x,c2286x2,c2286x2,46.49139,-122.9367,46.4913889,-122.9366667,1967-08-18,2009-06-05,15267,1967,2009,3.0,2.33,637.0
10919,48867,jacksonville,AR,9ynqrg,9ynqrgb,9ynqrgp,34.87,-92.12,34.8661111,-92.11,1975-09-15,2010-08-27,12765,1975,2010,1010.0,2.31,638.0
528,12118,eureka,CA,9pr8ne,9pr8neg,9pr8neg,40.80222,-124.1625,40.8022222,-124.1625,1957-06-01,1999-08-06,15406,1957,1999,0.0,2.31,638.0
2428,45902,berea,KY,dnsj9z,dnsj9zr,dnsj9z1,37.57039,-84.28714,37.5686111,-84.2963889,1973-08-01,2009-10-23,13232,1973,2009,839.0,2.3,639.0
39858,67106,granite falls,WA,c29389,c293893,c293893,48.0835,-121.9683,48.0841667,-121.9675,1971-10-15,2013-11-14,15371,1971,2013,95.0,2.28,640.0
5652,40505,caseville,MI,dpuccp,dpuccp5,dpuccp5,43.94111,-83.27139,43.9411111,-83.2713889,1965-07-15,2008-07-17,15708,1965,2008,0.0,2.27,641.0
528,15282,eureka,CA,9pr8ne,9pr8neg,9pr8neg,40.80222,-124.1625,40.8022222,-124.1625,1957-06-01,2000-10-17,15844,1957,2000,0.0,2.25,642.0
10091,581,joyce,WA,c281b7,c281b74,c281b7h,48.1368,-123.7349,48.1366667,-123.7327778,2004-10-11,1962-06-16,15458,2004,1962,158.0,2.24,643.0
57013,1919,loveland,OH,dnup6s,dnup6se,dnup6s8,39.26903,-84.25986,39.2688889,-84.2638889,2013-10-12,1972-09-01,15016,2013,1972,347.0,2.22,644.0
6330,604,lodi,OH,dpm9mv,dpm9mv6,dpm9mvb,41.03,-82.0101,41.0333333,-82.0122222,2003-05-01,1962-08-08,14876,2003,1962,411.0,2.21,645.0
25012,16364,valentine,NE,9z87zu,9z87zuv,9z87zuv,42.87331,-100.5501,42.8727778,-100.5505556,1957-09-18,2001-03-26,15895,1957,2001,70.0,2.21,645.0
528,17158,eureka,CA,9pr8ne,9pr8neg,9pr8neg,40.80222,-124.1625,40.8022222,-124.1625,1957-06-01,2001-07-16,16116,1957,2001,0.0,2.21,645.0
13674,68947,chesnee,SC,dnjzcn,dnjzcnq,dnjzcnw,35.148,-81.861,35.1483333,-81.8611111,1969-07-18,2014-02-14,16282,1969,2014,38.0,2.18,646.0
528,21106,eureka,CA,9pr8ne,9pr8neg,9pr8neg,40.80222,-124.1625,40.8022222,-124.1625,1957-06-01,2002-12-23,16641,1957,2002,0.0,2.15,647.0
528,21727,eureka,CA,9pr8ne,9pr8neg,9pr8neg,40.80222,-124.1625,40.8022222,-124.1625,1957-06-01,2003-04-05,16744,1957,2003,0.0,2.13,648.0
7815,325,russellville,AR,9ymb8w,9ymb8wn,9ymb8wn,35.27833,-93.13361,35.2783333,-93.1336111,2003-08-12,1957-06-30,16844,2003,1957,0.0,2.12,649.0
528,24447,eureka,CA,9pr8ne,9pr8neg,9pr8neg,40.80222,-124.1625,40.8022222,-124.1625,1957-06-01,2004-01-12,17026,1957,2004,0.0,2.1,650.0
528,24219,eureka,CA,9pr8ne,9pr8neg,9pr8neg,40.80222,-124.1625,40.8022222,-124.1625,1957-06-01,2003-12-17,17000,1957,2003,0.0,2.1,650.0
528,24230,eureka,CA,9pr8ne,9pr8neg,9pr8neg,40.80222,-124.1625,40.8022222,-124.1625,1957-06-01,2003-12-18,17001,1957,2003,0.0,2.1,650.0
528,27041,eureka,CA,9pr8ne,9pr8neg,9pr8neg,40.80222,-124.1625,40.8022222,-124.1625,1957-06-01,2004-10-01,17289,1957,2004,0.0,2.07,651.0
528,26875,eureka,CA,9pr8ne,9pr8neg,9pr8neg,40.80222,-124.1625,40.8022222,-124.1625,1957-06-01,2004-09-15,17273,1957,2004,0.0,2.07,651.0
51044,1418,panama city beach,FL,dj6gxm,dj6gxmq,dj6gxmq,30.1766,-85.8055,30.1763889,-85.8055556,2015-07-14,1968-08-01,17148,2015,1968,24.0,2.07,651.0
528,26916,eureka,CA,9pr8ne,9pr8neg,9pr8neg,40.80222,-124.1625,40.8022222,-124.1625,1957-06-01,2004-09-17,17275,1957,2004,0.0,2.07,651.0
12812,329,talcott,WV,dnww4q,dnww4q9,dnww4qh,37.6541,-80.7582,37.6513889,-80.7544444,2001-09-05,1957-07-01,16137,2001,1957,447.0,2.03,652.0
528,32077,eureka,CA,9pr8ne,9pr8neg,9pr8neg,40.80222,-124.1625,40.8022222,-124.1625,1957-06-01,2006-04-18,17853,1957,2006,0.0,2.0,653.0
528,34724,eureka,CA,9pr8ne,9pr8neg,9pr8neg,40.80222,-124.1625,40.8022222,-124.1625,1957-06-01,2007-01-20,18130,1957,2007,0.0,1.97,654.0
51044,849,panama city beach,FL,dj6gxm,dj6gxmq,dj6gxmq,30.1766,-85.8055,30.1763889,-85.8055556,2015-07-14,1965-07-04,18272,2015,1965,24.0,1.95,655.0
528,46852,eureka,CA,9pr8ne,9pr8neg,9pr8neg,40.80222,-124.1625,40.8022222,-124.1625,1957-06-01,2010-03-06,19271,1957,2010,0.0,1.86,656.0
528,46941,eureka,CA,9pr8ne,9pr8neg,9pr8neg,40.80222,-124.1625,40.8022222,-124.1625,1957-06-01,2010-03-18,19283,1957,2010,0.0,1.86,656.0
528,49620,eureka,CA,9pr8ne,9pr8neg,9pr8neg,40.80222,-124.1625,40.8022222,-124.1625,1957-06-01,2010-10-23,19502,1957,2010,0.0,1.84,657.0
528,55200,eureka,CA,9pr8ne,9pr8neg,9pr8neg,40.80222,-124.1625,40.8022222,-124.1625,1957-06-01,2012-01-13,19949,1957,2012,0.0,1.8,658.0
528,54562,eureka,CA,9pr8ne,9pr8neg,9pr8neg,40.80222,-124.1625,40.8022222,-124.1625,1957-06-01,2011-12-06,19911,1957,2011,0.0,1.8,658.0
528,57687,eureka,CA,9pr8ne,9pr8neg,9pr8neg,40.80222,-124.1625,40.8022222,-124.1625,1957-06-01,2012-06-30,20118,1957,2012,0.0,1.78,659.0
528,57679,eureka,CA,9pr8ne,9pr8neg,9pr8neg,40.80222,-124.1625,40.8022222,-124.1625,1957-06-01,2012-06-29,20117,1957,2012,0.0,1.78,659.0
528,60494,eureka,CA,9pr8ne,9pr8neg,9pr8neg,40.80222,-124.1625,40.8022222,-124.1625,1957-06-01,2012-11-03,20244,1957,2012,0.0,1.77,660.0
528,62416,eureka,CA,9pr8ne,9pr8neg,9pr8neg,40.80222,-124.1625,40.8022222,-124.1625,1957-06-01,2013-03-15,20376,1957,2013,0.0,1.76,661.0
528,63785,eureka,CA,9pr8ne,9pr8neg,9pr8neg,40.80222,-124.1625,40.8022222,-124.1625,1957-06-01,2013-06-22,20475,1957,2013,0.0,1.75,662.0
528,69690,eureka,CA,9pr8ne,9pr8neg,9pr8neg,40.80222,-124.1625,40.8022222,-124.1625,1957-06-01,2014-04-05,20762,1957,2014,0.0,1.73,663.0
528,68601,eureka,CA,9pr8ne,9pr8neg,9pr8neg,40.80222,-124.1625,40.8022222,-124.1625,1957-06-01,2014-01-22,20689,1957,2014,0.0,1.73,663.0
