uap_id,datetime,city,state_code,latitude,longitude,geohash_7,year,month,season,hour,solar_kp_index,solar_ap_index,temperature_f,dew_point,cloud_cover,precip_in,wind_mph,weather_conditions
50278,2011-01-01 00:00:00,lincoln city,OR,44.9583333,-124.0166667,9pzzcbm,2011,1,winter,00,1.667,6,35.6,21.7,100.0,0.01,15.1,
50279,2011-01-01 00:00:00,farmington hills,MI,42.4852778,-83.3772222,dps9wwn,2011,1,winter,00,1.667,6,49.7,47.3,76.0,0.0,9.9,
50280,2011-01-01 00:00:00,clarksburg,WV,39.2805556,-80.3447222,dnyz7wy,2011,1,winter,00,1.667,6,42.5,40.5,90.0,0.0,8.6,
50281,2011-01-01 00:00:00,joppatowne,MD,39.4577778,-76.3555556,dr18qrp,2011,1,winter,00,1.667,6,37.0,33.1,38.0,0.0,4.9,
50282,2011-01-01 00:01:00,seminole,FL,27.8394444,-82.7913889,dhvnkh1,2011,1,winter,00,1.667,6,63.6,56.2,5.0,0.0,12.4,
50283,2011-01-01 00:02:00,woodbridge,VA,38.6580556,-77.25,dqc5fjk,2011,1,winter,00,1.667,6,38.2,36.0,61.0,0.0,6.8,
50284,2011-01-01 00:05:00,redlands,CA,34.0555556,-117.1816667,9qh9trw,2011,1,winter,00,1.667,6,34.0,23.7,100.0,0.0,5.2,
50285,2011-01-01 00:07:00,reynoldsburg,OH,39.9547222,-82.8122222,dpj5799,2011,1,winter,00,1.667,6,48.4,45.9,100.0,0.0,10.1,
50286,2011-01-01 00:07:00,salt lake city,UT,40.7608333,-111.8902778,9x0rvu7,2011,1,winter,00,1.667,6,12.2,7.6,46.0,0.0,3.1,
50287,2011-01-01 00:10:00,guffey,CO,38.7511111,-105.5208333,9wuuqy6,2011,1,winter,00,1.667,6,-15.2,-22.1,19.0,0.0,6.6,
50288,2011-01-01 00:11:00,bradenton,FL,27.4986111,-82.575,dhvk2vy,2011,1,winter,00,1.667,6,63.4,54.9,9.0,0.0,7.3,
50289,2011-01-01 00:13:00,oak lawn,IL,41.7108333,-87.7580556,dp3t710,2011,1,winter,00,1.667,6,53.5,53.2,98.0,0.0,16.3,
50290,2011-01-01 00:15:00,katy,TX,29.7855556,-95.8241667,9v7c7qq,2011,1,winter,00,1.667,6,58.0,33.8,100.0,0.0,12.1,
50291,2011-01-01 00:30:00,welches,OR,45.3283333,-121.9597222,c213bez,2011,1,winter,00,1.667,6,16.1,9.6,36.0,0.0,9.3,
50292,2011-01-01 00:30:00,orlando,FL,28.5380556,-81.3794444,djn4k5j,2011,1,winter,00,1.667,6,60.5,55.8,9.0,0.0,6.0,
50293,2011-01-01 00:30:00,manhattan,IL,41.4225,-87.9858333,dp37tud,2011,1,winter,00,1.667,6,54.1,53.5,97.0,0.0,14.2,
50294,2011-01-01 00:35:00,seminole,FL,27.8394444,-82.7913889,dhvnkh1,2011,1,winter,01,1.667,6,63.6,56.3,6.0,0.0,12.4,
50295,2011-01-01 00:38:00,miami,FL,25.7738889,-80.1938889,dhwfx5u,2011,1,winter,01,1.667,6,70.9,58.1,87.0,0.0,14.9,
50296,2011-01-01 00:55:00,salt lake city,UT,40.7608333,-111.8902778,9x0rvu7,2011,1,winter,01,1.667,6,10.4,7.5,33.0,0.0,3.8,
50297,2011-01-01 01:00:00,clermont,FL,28.5491667,-81.7730556,djjf7jn,2011,1,winter,01,1.667,6,59.6,55.6,7.0,0.0,6.8,
50298,2011-01-01 01:00:00,thayer,MO,36.5244444,-91.5380556,9yqzv10,2011,1,winter,01,1.667,6,45.1,25.0,62.0,0.0,10.3,
50299,2011-01-01 01:00:00,miami,FL,25.7738889,-80.1938889,dhwfx5u,2011,1,winter,01,1.667,6,70.9,58.1,87.0,0.0,14.9,
50300,2011-01-01 05:15:00,league city,TX,29.5072222,-95.0947222,9vhru5d,2011,1,winter,05,1.667,6,59.0,38.5,100.0,0.0,13.4,
50301,2011-01-01 07:25:00,murrieta,CA,33.5538889,-117.2130556,9muwuu2,2011,1,winter,07,1.667,6,32.0,25.2,1.0,0.0,5.4,
50302,2011-01-01 09:30:00,orlando,FL,28.5380556,-81.3794444,djn4k5j,2011,1,winter,10,1.667,6,62.4,56.6,17.0,0.0,6.7,
50303,2011-01-01 14:00:00,yuma,AZ,32.7252778,-114.6236111,9my6ptm,2011,1,winter,14,1.667,6,51.6,-2.1,0.0,0.0,4.6,
50304,2011-01-01 17:00:00,wichita,KS,37.6922222,-97.3372222,9ydy3j9,2011,1,winter,17,1.667,6,30.6,2.3,0.0,0.0,8.9,
50305,2011-01-01 17:00:00,jackson,TN,35.6144444,-88.8138889,dn2fdgr,2011,1,winter,17,1.667,6,43.6,20.0,62.0,0.0,8.3,
50306,2011-01-01 20:00:00,humphrey,NE,41.6916667,-97.4841667,9z6tjtw,2011,1,winter,20,1.667,6,5.8,-3.2,44.0,0.0,7.4,
50307,2011-01-01 20:45:00,friendswood,TX,29.5291667,-95.2008333,9vhrcxs,2011,1,winter,21,1.667,6,52.5,33.5,0.0,0.0,8.1,
50308,2011-01-01 22:00:00,sarasota,FL,27.3361111,-82.5308333,dhv79bq,2011,1,winter,22,1.667,6,66.0,60.1,97.0,0.0,6.8,
50309,2011-01-01 22:27:00,doylestown,PA,40.31,-75.1302778,dr4t665,2011,1,winter,22,1.667,6,47.8,47.3,100.0,0.0,8.0,
50310,2011-01-01 22:30:00,doylestown,PA,40.31,-75.1302778,dr4t665,2011,1,winter,22,1.667,6,47.8,47.3,100.0,0.0,8.0,
50311,2011-01-02 00:00:00,austin,TX,30.2669444,-97.7427778,9v6kpvc,2011,1,winter,00,0.667,3,40.5,25.9,13.0,0.0,6.5,
50312,2011-01-02 03:32:00,moreno valley,CA,33.9375,-117.2297222,9qh9h65,2011,1,winter,04,0.667,3,34.2,27.5,25.0,0.0,5.8,
50313,2011-01-02 05:30:00,seminole,AL,30.515,-87.4738889,dj3v97p,2011,1,winter,06,0.667,3,49.4,32.3,57.0,0.0,11.1,
50314,2011-01-02 18:00:00,north canton,OH,40.8758333,-81.4025,dpq0e9h,2011,1,winter,18,0.667,3,24.0,4.7,1.0,0.0,7.9,
50315,2011-01-02 18:40:00,homestead,FL,25.4683333,-80.4777778,dhwbbsm,2011,1,winter,19,0.667,3,72.6,60.7,0.0,0.0,5.6,
50316,2011-01-02 19:12:00,phoenix,AZ,33.4483333,-112.0733333,9tbq39n,2011,1,winter,19,0.667,3,44.9,36.0,99.0,0.0,4.5,
50317,2011-01-02 21:33:00,arlington,WI,43.3380556,-89.3802778,dp8qw17,2011,1,winter,22,0.667,3,15.3,3.3,44.0,0.0,7.9,
50318,2011-01-02 22:30:00,crescent city,CA,41.7561111,-124.2005556,9prtt9r,2011,1,winter,22,0.667,3,44.2,42.5,87.0,0.0,2.7,
50319,2011-01-02 23:30:00,adrian,PA,40.8847222,-79.5380556,dpr2w4f,2011,1,winter,00,0.667,3,41.5,41.1,100.0,0.01,9.6,
50320,2011-01-03 01:00:00,checotah,OK,35.47,-95.5227778,9yk1f34,2011,1,winter,01,2.667,12,31.3,21.8,0.0,0.0,7.6,
50321,2011-01-03 05:15:00,renton,WA,47.4830556,-122.2158333,c23n4uj,2011,1,winter,05,2.667,12,24.9,14.9,1.0,0.0,4.3,
50322,2011-01-03 05:30:00,selden,NY,40.8663889,-73.0361111,drk06p2,2011,1,winter,06,2.667,12,29.2,16.5,0.0,0.0,16.0,
50323,2011-01-03 16:40:00,fairless hills,PA,40.1794444,-74.8555556,dr4u8d7,2011,1,winter,17,2.667,12,34.6,13.2,0.0,0.0,7.4,
50324,2011-01-03 17:10:00,roosevelt,UT,40.2994444,-109.9880556,9x1v30m,2011,1,winter,17,2.667,12,11.4,1.2,0.0,0.0,0.9,
50325,2011-01-03 18:30:00,katy,TX,29.7855556,-95.8241667,9v7c7qq,2011,1,winter,18,2.667,12,59.0,42.2,81.0,0.0,7.1,
50326,2011-01-03 19:30:00,gainesville,FL,29.6513889,-82.325,djm2wtu,2011,1,winter,20,2.667,12,53.3,36.4,0.0,0.0,5.7,
50327,2011-01-03 21:40:00,wakefield,RI,41.4372222,-71.5019444,drm5szm,2011,1,winter,22,2.667,12,30.0,11.9,0.0,0.0,9.4,
50328,2011-01-03 22:00:00,hoquiam,WA,46.9811111,-123.8880556,c0rgkbe,2011,1,winter,22,2.667,12,29.6,27.7,94.0,0.0,3.1,
50329,2011-01-03 22:30:00,savoonga,AK,63.6941667,-170.4788889,b5qf2ej,2011,1,winter,22,2.667,12,7.4,3.2,100.0,0.0,14.8,
50330,2011-01-03 22:40:00,national city,CA,32.6780556,-117.0983333,9mu9zkg,2011,1,winter,23,2.667,12,49.0,46.5,29.0,0.0,4.3,
50331,2011-01-04 00:30:00,sand springs (west of),OK,36.1397222,-96.1086111,9y7tsgp,2011,1,winter,00,0.0,0,34.9,25.6,86.0,0.0,7.4,
50332,2011-01-04 02:00:00,lebanon,MO,37.6805556,-92.6636111,9ywn77s,2011,1,winter,02,0.0,0,29.9,25.1,11.0,0.0,4.7,
50333,2011-01-04 02:50:00,vincennes,IN,38.6772222,-87.5286111,dncu00z,2011,1,winter,03,0.0,0,30.9,16.1,40.0,0.0,8.6,
50334,2011-01-04 05:30:00,southbridge,MA,42.075,-72.0338889,drkz2gd,2011,1,winter,06,0.0,0,25.9,9.9,19.0,0.0,5.8,
50335,2011-01-04 17:15:00,woodward,IA,41.8569444,-93.9216667,9zmnngb,2011,1,winter,17,0.0,0,29.7,11.9,0.0,0.0,4.4,
50336,2011-01-04 18:58:00,holts summit,MO,38.6402778,-92.1222222,9yy7zdn,2011,1,winter,19,0.0,0,30.9,13.0,0.0,0.0,3.1,
50337,2011-01-04 19:00:00,topeka,KS,39.0483333,-95.6777778,9ygynu9,2011,1,winter,19,0.0,0,30.5,15.3,0.0,0.0,5.4,
50338,2011-01-04 19:40:00,moultrie,GA,31.1797222,-83.7891667,djs3mk4,2011,1,winter,20,0.0,0,50.8,35.6,0.0,0.0,5.3,
50339,2011-01-04 20:05:00,powers lake,WI,42.5536111,-88.2944444,dp94nf9,2011,1,winter,20,0.0,0,15.7,2.8,17.0,0.0,7.6,
50340,2011-01-04 20:17:00,harrodsburg,KY,37.7622222,-84.8433333,dnewv66,2011,1,winter,20,0.0,0,32.0,24.3,0.0,0.0,7.8,
50341,2011-01-04 21:45:00,winchester,CA,33.7069444,-117.0836111,9muxz8n,2011,1,winter,22,0.0,0,37.9,33.5,0.0,0.0,5.3,
50342,2011-01-04 22:25:00,felton,DE,39.0083333,-75.5783333,dqfmbjm,2011,1,winter,22,0.0,0,35.1,22.9,1.0,0.0,9.6,
50343,2011-01-05 01:30:00,north highlands,CA,38.6858333,-121.3711111,9qcsn4s,2011,1,winter,02,0.333,2,37.8,34.1,30.0,0.0,1.2,
50344,2011-01-05 03:25:00,guymon,OK,36.6827778,-101.4811111,9wxbdtz,2011,1,winter,03,0.333,2,23.7,15.5,0.0,0.0,7.0,
50345,2011-01-05 06:00:00,san francisco,CA,37.775,-122.4183333,9q8yyk9,2011,1,winter,06,0.333,2,36.4,36.2,100.0,0.0,3.5,
50346,2011-01-05 19:15:00,corpus christi,TX,27.8002778,-97.3961111,9ufwpsy,2011,1,winter,19,0.333,2,70.8,53.4,0.0,0.0,5.0,
50347,2011-01-05 19:30:00,richmond,KY,37.7477778,-84.2947222,dnsn9zf,2011,1,winter,20,0.333,2,31.7,18.3,98.0,0.0,2.0,
50348,2011-01-05 20:00:00,north pole,AK,64.7511111,-147.3494444,bex0qgx,2011,1,winter,20,0.333,2,0.5,-3.5,0.0,0.0,1.0,
50349,2011-01-06 03:30:00,penn yan,NY,42.6608333,-77.0541667,dr94ww4,2011,1,winter,04,2.667,12,20.7,10.2,95.0,0.0,4.0,
50350,2011-01-06 05:27:00,edinburg,PA,41.0144444,-80.4369444,dpqc3d7,2011,1,winter,05,2.667,12,22.9,10.1,98.0,0.0,2.6,
50351,2011-01-06 06:43:00,dayton,VA,38.4147222,-78.9388889,dnzfe9n,2011,1,winter,07,2.667,12,26.1,13.1,99.0,0.0,1.5,
50352,2011-01-06 15:00:00,broken arrow,OK,36.0525,-95.7905556,9y7vh5p,2011,1,winter,15,2.667,12,53.2,29.0,0.0,0.0,10.3,
50353,2011-01-06 18:30:00,eugene,OR,44.0522222,-123.0855556,9rb6x57,2011,1,winter,18,2.667,12,41.3,37.8,24.0,0.0,3.4,
50354,2011-01-06 18:30:00,warrenton,NC,36.3983333,-78.1555556,dq2rjd0,2011,1,winter,18,2.667,12,41.1,26.6,40.0,0.0,2.2,
50355,2011-01-06 18:43:00,dayton,VA,38.4147222,-78.9388889,dnzfe9n,2011,1,winter,19,2.667,12,31.7,16.7,53.0,0.0,4.3,
50356,2011-01-06 19:00:00,iowa city,IA,41.6611111,-91.53,9zqvj0j,2011,1,winter,19,2.667,12,24.7,12.2,100.0,0.0,7.4,
50357,2011-01-06 19:15:00,wildomar,CA,33.5988889,-117.2791667,9mux5hr,2011,1,winter,19,2.667,12,55.6,48.7,52.0,0.0,3.3,
50358,2011-01-06 19:20:00,wildomar,CA,33.5988889,-117.2791667,9mux5hr,2011,1,winter,19,2.667,12,55.6,48.7,52.0,0.0,3.3,
50359,2011-01-06 19:25:00,wildomar,CA,33.5988889,-117.2791667,9mux5hr,2011,1,winter,19,2.667,12,55.6,48.7,52.0,0.0,3.3,
50360,2011-01-06 19:30:00,wildomar,CA,33.5988889,-117.2791667,9mux5hr,2011,1,winter,20,2.667,12,52.0,47.9,65.0,0.0,4.3,
50361,2011-01-06 19:30:00,murrieta,CA,33.5538889,-117.2130556,9muwuu2,2011,1,winter,20,2.667,12,51.7,47.8,65.0,0.0,4.3,
50362,2011-01-06 20:30:00,fred,TX,30.5763889,-94.1761111,9vmjbyr,2011,1,winter,20,2.667,12,52.8,36.4,0.0,0.0,6.4,
50363,2011-01-06 21:35:00,murrieta,CA,33.5538889,-117.2130556,9muwuu2,2011,1,winter,22,2.667,12,47.4,44.5,49.0,0.0,3.0,
50364,2011-01-06 21:35:00,menifee,CA,33.7283333,-117.1455556,9muxyk1,2011,1,winter,22,2.667,12,46.1,40.0,42.0,0.0,3.0,
50365,2011-01-06 21:40:00,murrieta,CA,33.5538889,-117.2130556,9muwuu2,2011,1,winter,22,2.667,12,47.4,44.5,49.0,0.0,3.0,
50366,2011-01-06 21:40:00,lake elsinore,CA,33.6680556,-117.3263889,9muxd1j,2011,1,winter,22,2.667,12,49.4,43.4,42.0,0.0,3.0,
50367,2011-01-06 21:45:00,temecula,CA,33.4936111,-117.1475,9muww1r,2011,1,winter,22,2.667,12,48.1,45.2,49.0,0.0,3.0,
50368,2011-01-07 01:00:00,greer,SC,34.9386111,-82.2272222,dnjwbb7,2011,1,winter,01,1.667,6,32.1,24.3,3.0,0.0,7.2,
50369,2011-01-07 05:00:00,bremen,GA,33.7211111,-85.1455556,djgry6w,2011,1,winter,05,1.667,6,33.9,25.3,23.0,0.0,8.2,
50370,2011-01-07 07:30:00,vista,CA,33.2,-117.2416667,9musu5g,2011,1,winter,08,1.667,6,46.6,39.5,58.0,0.0,4.1,
50371,2011-01-07 20:00:00,cape coral,FL,26.5625,-81.9497222,dhtxp5w,2011,1,winter,20,1.667,6,62.5,47.2,12.0,0.0,8.9,
50372,2011-01-07 20:30:00,rosenberg,TX,29.5569444,-95.8083333,9v7b5ud,2011,1,winter,20,1.667,6,58.7,47.1,85.0,0.0,5.2,
50373,2011-01-08 01:05:00,edinburg,TX,26.3013889,-98.1630556,9udjwhp,2011,1,winter,01,2.667,12,65.5,63.5,68.0,0.0,6.7,
50374,2011-01-08 03:00:00,glenns ferry,ID,42.955,-115.3,9rwh279,2011,1,winter,03,2.667,12,24.1,18.2,11.0,0.0,3.0,
50375,2011-01-08 04:00:00,cape coral,FL,26.5625,-81.9497222,dhtxp5w,2011,1,winter,04,2.667,12,61.4,52.4,31.0,0.0,12.8,
50376,2011-01-08 07:08:00,port orange,FL,29.1380556,-80.9958333,djnmubk,2011,1,winter,07,2.667,12,55.2,48.6,0.0,0.0,12.1,
50377,2011-01-08 17:20:00,juneau,AK,58.3019444,-134.4197222,c427tjw,2011,1,winter,17,2.667,12,16.8,5.6,0.0,0.0,8.7,
50378,2011-01-08 20:00:00,cape coral,FL,26.5625,-81.9497222,dhtxp5w,2011,1,winter,20,2.667,12,63.8,56.9,34.0,0.0,5.0,
50379,2011-01-08 21:00:00,nottingham,MD,39.3638889,-76.4525,dqcxumb,2011,1,winter,21,2.667,12,25.8,5.1,3.0,0.0,16.8,
50380,2011-01-08 23:45:00,highlands,NC,35.0525,-83.1969444,dnhz6v1,2011,1,winter,00,2.667,12,25.7,22.1,11.0,0.0,8.9,
50381,2011-01-09 05:30:00,terrebonne,OR,44.3530556,-121.1766667,9rcu6d1,2011,1,winter,06,1.333,5,25.2,16.5,33.0,0.0,4.5,
50382,2011-01-09 11:40:00,wilson,NC,35.7211111,-77.9158333,dq2e4yz,2011,1,winter,12,1.333,5,31.1,7.7,0.0,0.0,8.7,
50383,2011-01-09 19:00:00,mount vernon,WA,48.4213889,-122.3327778,c2952nz,2011,1,winter,19,1.333,5,32.2,28.9,0.0,0.0,2.8,
50384,2011-01-09 19:10:00,brentwood,CA,37.9319444,-121.6947222,9q9ryc2,2011,1,winter,19,1.333,5,42.9,36.8,15.0,0.0,4.3,
50385,2011-01-09 23:45:00,little rock (south of),AR,34.7463889,-92.2894444,9ynmevk,2011,1,winter,00,1.333,5,33.1,16.4,8.0,0.0,9.5,
50386,2011-01-10 05:30:00,o&#39neals,CA,37.1283333,-119.6933333,9qdghr1,2011,1,winter,06,2.0,7,27.3,24.7,22.0,0.0,2.2,
50387,2011-01-10 07:00:00,salem,OR,44.9430556,-123.0338889,9rbx8m9,2011,1,winter,07,2.0,7,27.5,24.9,87.0,0.0,4.2,
50388,2011-01-10 07:00:00,kinsman,IL,41.1897222,-88.5694444,dp342d3,2011,1,winter,07,2.0,7,20.5,11.2,45.0,0.0,7.6,
50389,2011-01-10 09:45:00,mira mesa,CA,32.9155556,-117.1430556,9mueq25,2011,1,winter,10,2.0,7,52.0,45.2,31.0,0.0,1.8,
50390,2011-01-10 17:45:00,erie,PA,42.1291667,-80.0852778,dprp9t7,2011,1,winter,18,2.0,7,22.7,17.5,92.0,0.0,3.4,
50391,2011-01-10 18:35:00,madison,WI,43.0730556,-89.4011111,dp8mj9h,2011,1,winter,19,2.0,7,26.0,19.4,100.0,0.0,5.8,
50392,2011-01-10 19:30:00,burgaw,NC,34.5519444,-77.9263889,dq0sd9z,2011,1,winter,20,2.0,7,29.0,26.0,100.0,0.02,8.5,
50393,2011-01-10 21:30:00,port clinton,OH,41.5119444,-82.9377778,dpmh0tn,2011,1,winter,22,2.0,7,21.2,17.0,93.0,0.0,4.9,
50394,2011-01-11 00:00:00,waxhaw,NC,34.9244444,-80.7436111,dnnwdtu,2011,1,winter,00,2.333,9,26.8,25.9,100.0,0.01,8.4,
50395,2011-01-11 00:20:00,garden grove,CA,33.7738889,-117.9405556,9qh0hhq,2011,1,winter,00,2.333,9,45.6,39.8,62.0,0.0,5.6,
50396,2011-01-11 05:19:00,downingtown,PA,40.0063889,-75.7036111,dr45t6f,2011,1,winter,05,2.333,9,23.0,14.1,59.0,0.0,3.5,
50397,2011-01-11 06:03:00,delray beach,FL,26.4611111,-80.0730556,dhxn9ch,2011,1,winter,06,2.333,9,64.6,64.1,100.0,0.0,4.2,
50398,2011-01-11 07:00:00,college park,GA,33.6533333,-84.4494444,djgzqq3,2011,1,winter,07,2.333,9,27.7,26.5,100.0,0.0,1.7,
50399,2011-01-11 19:45:00,springfield,VT,43.2983333,-72.4827778,drsqqd5,2011,1,winter,20,2.333,9,18.3,8.5,90.0,0.0,3.4,
50400,2011-01-11 20:40:00,brandon,MS,32.2730556,-89.9858333,dj8p874,2011,1,winter,21,2.333,9,31.8,17.2,0.0,0.0,7.9,
50401,2011-01-11 21:00:00,pearl,MS,32.2744444,-90.1319444,9vxzsgr,2011,1,winter,21,2.333,9,32.3,17.3,0.0,0.0,7.9,
50402,2011-01-11 21:15:00,vicksburg,MS,32.3525,-90.8777778,9vz2h18,2011,1,winter,21,2.333,9,34.5,15.0,0.0,0.0,9.3,
50403,2011-01-11 23:43:00,centre hall,PA,40.8475,-77.6863889,dr2b2hn,2011,1,winter,00,2.333,9,15.4,7.3,23.0,0.0,4.8,
50404,2011-01-12 00:00:00,tacoma,WA,47.2530556,-122.4430556,c22uvdp,2011,1,winter,00,1.667,6,32.3,26.8,100.0,0.08,4.9,
50405,2011-01-12 03:33:00,winter springs,FL,28.6986111,-81.3083333,djn5mb3,2011,1,winter,04,1.667,6,44.7,39.1,5.0,0.0,8.6,
50406,2011-01-12 07:35:00,crow agency,MT,45.6016667,-107.4605556,c85e6tt,2011,1,winter,08,1.667,6,-9.6,-16.0,94.0,0.0,5.9,
50407,2011-01-12 08:52:00,san jose,CA,37.3394444,-121.8938889,9q9k6jr,2011,1,winter,09,1.667,6,50.6,44.9,99.0,0.0,2.9,
50408,2011-01-12 14:30:00,smithfield,VA,36.9822222,-76.6313889,dq9d2hq,2011,1,winter,14,1.667,6,37.0,14.4,98.0,0.0,14.7,
50409,2011-01-12 18:40:00,onamia,MN,46.0705556,-93.6675,cbjqhdc,2011,1,winter,19,1.667,6,15.8,11.8,44.0,0.0,3.7,
50410,2011-01-12 19:35:00,hutchinson,MN,44.8877778,-94.3694444,9zuzked,2011,1,winter,20,1.667,6,12.4,9.3,76.0,0.0,4.7,
50411,2011-01-12 21:10:00,cleveland,OH,41.4994444,-81.6955556,dpmuhfx,2011,1,winter,21,1.667,6,20.1,14.9,100.0,0.0,16.1,
50412,2011-01-12 23:00:00,mobile,AL,30.6941667,-88.0430556,dj3qse9,2011,1,winter,23,1.667,6,30.6,11.1,12.0,0.0,10.7,
50413,2011-01-12 23:25:00,grosse pointe park,MI,42.3758333,-82.9375,dpt10dq,2011,1,winter,23,1.667,6,15.7,9.8,14.0,0.0,8.6,
50414,2011-01-13 07:30:00,hampstead,NH,42.8744444,-71.1816667,drt7ujp,2011,1,winter,08,2.0,7,20.0,14.0,1.0,0.0,12.2,
50415,2011-01-13 19:30:00,jonesboro,AR,35.8422222,-90.7041667,9yr7zuz,2011,1,winter,20,2.0,7,26.4,14.4,91.0,0.0,5.2,
50416,2011-01-13 20:05:00,basye,VA,38.8069444,-78.7925,dnzuz09,2011,1,winter,20,2.0,7,22.2,9.8,4.0,0.0,7.8,
50417,2011-01-13 21:10:00,ogden,UT,41.2230556,-111.9730556,9x26ebr,2011,1,winter,21,2.0,7,29.8,27.9,100.0,0.04,2.3,
50418,2011-01-13 22:45:00,krum,TX,33.2613889,-97.2377778,9vfv5r1,2011,1,winter,23,2.0,7,24.6,16.9,2.0,0.0,7.0,
50419,2011-01-14 00:24:00,pewaukee,WI,43.0805556,-88.2611111,dp9jpdd,2011,1,winter,00,2.333,9,18.4,13.5,94.0,0.0,7.7,
50420,2011-01-14 01:30:00,knoxville,TN,35.9605556,-83.9208333,dnkkd66,2011,1,winter,02,2.333,9,23.6,12.2,26.0,0.0,1.4,
50421,2011-01-14 03:30:00,acworth,GA,34.0658333,-84.6769444,dn5cc1k,2011,1,winter,04,2.333,9,14.1,8.9,0.0,0.0,6.5,
50422,2011-01-14 18:00:00,holts summit,MO,38.6402778,-92.1222222,9yy7zdn,2011,1,winter,18,2.333,9,34.6,21.2,100.0,0.0,3.6,
50423,2011-01-14 18:00:00,sarasota,FL,27.3361111,-82.5308333,dhv79bq,2011,1,winter,18,2.333,9,65.1,40.4,0.0,0.0,2.2,
50424,2011-01-14 21:00:00,deerfield beach,FL,26.3180556,-80.1,dhxj9r0,2011,1,winter,21,2.333,9,62.7,49.3,5.0,0.0,6.8,
50425,2011-01-14 22:00:00,davis,CA,38.545,-121.7394444,9qc7mbb,2011,1,winter,22,2.333,9,51.5,46.1,14.0,0.0,4.9,
50426,2011-01-14 22:05:00,peoria,AZ,33.5805556,-112.2366667,9tbpjcp,2011,1,winter,22,2.333,9,54.6,34.2,46.0,0.0,7.6,
50427,2011-01-14 23:00:00,south bend,WA,46.6633333,-123.8033333,c0rcqyc,2011,1,winter,23,2.333,9,50.4,50.2,100.0,0.0,9.8,
50428,2011-01-15 00:00:00,scottsdale,AZ,33.5091667,-111.8983333,9tbqtsn,2011,1,winter,00,1.0,4,52.0,32.3,16.0,0.0,9.9,
50429,2011-01-15 01:00:00,cincinnati,OH,39.1619444,-84.4569444,dngyy1h,2011,1,winter,01,1.0,4,26.1,19.4,100.0,0.0,6.5,
50430,2011-01-15 01:30:00,shoshone,ID,42.9361111,-114.405,9rwsk8k,2011,1,winter,02,1.0,4,29.8,27.9,33.0,0.0,6.9,
50431,2011-01-15 04:45:00,plaquemine,LA,30.2888889,-91.2341667,9vrh7cv,2011,1,winter,05,1.0,4,42.9,31.4,100.0,0.0,4.2,
50432,2011-01-15 16:45:00,burbank,CA,34.1808333,-118.3080556,9q5f7y6,2011,1,winter,17,1.0,4,72.8,51.9,80.0,0.0,1.6,
50433,2011-01-15 20:00:00,watson,LA,30.5755556,-90.9530556,9vrmfq4,2011,1,winter,20,1.0,4,49.5,40.1,97.0,0.0,4.9,
50434,2011-01-15 20:49:00,gilbert,AZ,33.3527778,-111.7883333,9tbt8pw,2011,1,winter,21,1.0,4,55.3,35.2,4.0,0.0,4.5,
50435,2011-01-15 22:40:00,northfield falls,VT,44.1719444,-72.6513889,dru76c2,2011,1,winter,23,1.0,4,23.9,20.7,74.0,0.0,9.4,
50436,2011-01-15 22:43:00,burnsville,MN,44.7677778,-93.2775,9zvwtmt,2011,1,winter,23,1.0,4,5.6,0.6,23.0,0.0,5.4,
50437,2011-01-15 23:30:00,darien,IL,41.7519444,-87.9738889,dp3mw0e,2011,1,winter,00,1.0,4,23.4,16.6,100.0,0.0,8.4,
50438,2011-01-16 14:30:00,roswell,NM,33.3941667,-104.5225,9tvtvx1,2011,1,winter,14,2.333,9,59.0,19.3,0.0,0.0,6.3,
50439,2011-01-16 17:47:00,schaumburg,IL,42.0333333,-88.0833333,dp3r5eg,2011,1,winter,18,2.333,9,21.4,11.5,78.0,0.0,2.2,
50440,2011-01-16 19:00:00,ft. oglethorpe,GA,34.9488889,-85.2569444,dn5qgfm,2011,1,winter,19,2.333,9,45.9,35.2,57.0,0.0,2.1,
50441,2011-01-16 19:00:00,summertown,TN,35.4347222,-87.3127778,dn3ct4s,2011,1,winter,19,2.333,9,37.0,33.5,99.0,0.0,3.6,
50442,2011-01-16 19:10:00,ridgefield,CT,41.2813889,-73.4986111,dr7dz7p,2011,1,winter,19,2.333,9,22.0,12.8,0.0,0.0,6.6,
50443,2011-01-16 19:50:00,bothell,WA,47.7625,-122.2041667,c23penv,2011,1,winter,20,2.333,9,49.9,49.6,98.0,0.01,18.2,
50444,2011-01-16 20:12:00,gaithersburg,MD,39.1433333,-77.2016667,dqcnejz,2011,1,winter,20,2.333,9,28.5,11.5,19.0,0.0,4.2,
50445,2011-01-16 21:00:00,pawtucket,RI,41.8786111,-71.3830556,drmnpxu,2011,1,winter,21,2.333,9,18.5,12.9,0.0,0.0,7.9,
50446,2011-01-16 22:10:00,new york,NY,40.7141667,-74.0063889,dr5regy,2011,1,winter,22,2.333,9,16.4,8.1,2.0,0.0,6.9,
50447,2011-01-16 22:12:00,new york,NY,40.7141667,-74.0063889,dr5regy,2011,1,winter,22,2.333,9,16.4,8.1,2.0,0.0,6.9,
50448,2011-01-16 23:00:00,south san francisco,CA,37.6547222,-122.4066667,9q8ynwf,2011,1,winter,23,2.333,9,53.0,52.5,84.0,0.0,2.4,
50449,2011-01-17 18:32:00,coeur d&#39alene,ID,47.6777778,-116.7794444,c2kznx7,2011,1,winter,19,1.333,5,40.7,36.0,72.0,0.0,9.9,
50450,2011-01-17 19:55:00,west milford,NJ,40.5686111,-75.095,dr4wg1m,2011,1,winter,20,1.333,5,24.4,14.0,100.0,0.0,5.8,
50451,2011-01-17 20:00:00,casper,WY,42.8666667,-106.3125,9xs7ug9,2011,1,winter,20,1.333,5,33.1,27.7,63.0,0.0,5.1,
50452,2011-01-17 22:00:00,tempe,AZ,33.4147222,-111.9086111,9tbqj6y,2011,1,winter,22,1.333,5,55.3,41.1,0.0,0.0,3.3,
50453,2011-01-17 22:45:00,hendersonville,TN,36.3047222,-86.62,dn6qscj,2011,1,winter,23,1.333,5,41.0,39.3,96.0,0.0,8.3,
50454,2011-01-18 01:00:00,hendersonville,NC,35.3186111,-82.4611111,dnm2gt9,2011,1,winter,01,2.333,9,32.8,32.4,100.0,0.01,5.0,
50455,2011-01-18 05:45:00,seattle,WA,47.6063889,-122.3308333,c23nb63,2011,1,winter,06,2.333,9,39.9,34.5,99.0,0.0,6.2,
50456,2011-01-18 10:36:00,american canyon,CA,38.175,-122.2597222,9qc11vt,2011,1,winter,11,2.333,9,48.2,44.8,55.0,0.0,2.0,
50457,2011-01-18 19:30:00,glendale,AZ,33.5386111,-112.1852778,9tbnz1t,2011,1,winter,20,2.333,9,64.2,41.5,0.0,0.0,4.2,
50458,2011-01-18 21:45:00,lehi,UT,40.3916667,-111.85,9x0myc1,2011,1,winter,22,2.333,9,34.8,28.5,60.0,0.0,4.7,
50459,2011-01-18 22:07:00,ione,WA,48.7411111,-117.4161111,c2st21h,2011,1,winter,22,2.333,9,26.3,22.3,0.0,0.0,3.1,
50460,2011-01-18 22:30:00,ferndale,WA,48.8466667,-122.5897222,c28vfkk,2011,1,winter,22,2.333,9,34.4,32.4,64.0,0.0,5.0,
50461,2011-01-18 23:30:00,navarre,OH,40.7244444,-81.5222222,dpnp8vt,2011,1,winter,00,2.333,9,34.6,30.5,100.0,0.0,10.0,
50462,2011-01-19 02:00:00,tampa,FL,27.9472222,-82.4586111,dhvqgxe,2011,1,winter,02,0.667,3,60.2,59.2,12.0,0.0,7.2,
50463,2011-01-19 14:50:00,citrus heights,CA,38.7072222,-121.28,9qcu0nq,2011,1,winter,15,0.667,3,63.7,45.1,16.0,0.0,11.2,
50464,2011-01-19 20:00:00,ocean springs,MS,30.4111111,-88.8277778,dj2v48j,2011,1,winter,20,0.667,3,51.4,47.0,16.0,0.0,3.7,
50465,2011-01-19 20:00:00,fayetteville,NC,35.0525,-78.8786111,dnpzmj4,2011,1,winter,20,0.667,3,49.0,40.6,13.0,0.0,5.3,
50466,2011-01-19 20:00:00,district heights,MD,38.8575,-76.8897222,dqcm43f,2011,1,winter,20,0.667,3,38.4,32.1,19.0,0.0,8.4,
50467,2011-01-19 20:15:00,queen creek,AZ,33.2486111,-111.6336111,9tbt5sw,2011,1,winter,20,0.667,3,62.1,37.4,0.0,0.0,3.8,
50468,2011-01-19 20:45:00,siler city,NC,35.7233333,-79.4625,dnr7pz1,2011,1,winter,21,0.667,3,44.5,36.2,14.0,0.0,7.6,
50469,2011-01-19 20:50:00,alma,MI,43.3788889,-84.6597222,dpeyc8b,2011,1,winter,21,0.667,3,8.0,3.3,17.0,0.0,4.7,
50470,2011-01-19 21:00:00,lansing,MI,42.7325,-84.5555556,dpeg5gh,2011,1,winter,21,0.667,3,12.9,8.1,64.0,0.0,4.3,
50471,2011-01-20 00:02:00,new orleans,LA,29.9544444,-90.075,9vrfqm1,2011,1,winter,00,0.667,3,48.9,45.7,11.0,0.0,6.7,
50472,2011-01-20 07:00:00,la crosse,WI,43.8013889,-91.2394444,9zz15vc,2011,1,winter,07,0.667,3,3.2,-2.2,97.0,0.0,5.9,
50473,2011-01-20 07:00:00,scottsdale,AZ,33.5091667,-111.8983333,9tbqtsn,2011,1,winter,07,0.667,3,45.2,30.3,0.0,0.0,9.9,
50474,2011-01-20 09:00:00,sanford,MI,43.6727778,-84.3805556,dpgbry7,2011,1,winter,09,0.667,3,-7.8,-11.4,100.0,0.0,6.3,
50475,2011-01-20 20:33:00,colorado springs,CO,38.8338889,-104.8208333,9wvkytr,2011,1,winter,21,0.667,3,22.8,10.6,49.0,0.0,4.1,
50476,2011-01-21 03:58:00,church hill,TN,36.5222222,-82.7136111,dnmpvb9,2011,1,winter,04,1.667,6,28.2,16.7,45.0,0.0,8.6,
50477,2011-01-21 06:00:00,harvard,IL,42.4222222,-88.6136111,dp8crd9,2011,1,winter,06,1.667,6,-8.6,-13.9,0.0,0.0,6.9,
50478,2011-01-21 10:50:00,midland,TX,31.9972222,-102.0775,9txqj0v,2011,1,winter,11,1.667,6,39.4,15.6,0.0,0.0,12.7,
50479,2011-01-21 17:11:00,warwick,RI,41.7,-71.4166667,drmjnz7,2011,1,winter,17,1.667,6,28.5,16.6,0.0,0.0,13.5,
50480,2011-01-21 17:15:00,north eastham,MA,41.865,-69.9916667,drqnpm3,2011,1,winter,17,1.667,6,33.0,26.4,23.0,0.0,28.9,
50481,2011-01-21 17:15:00,sutton (south worcester co.),MA,42.15,-71.7633333,drkzycp,2011,1,winter,17,1.667,6,24.8,10.3,24.0,0.0,14.0,
50482,2011-01-21 18:45:00,napa,CA,38.2972222,-122.2844444,9qc1c7g,2011,1,winter,19,1.667,6,58.6,50.0,0.0,0.0,2.2,
50483,2011-01-22 00:00:00,white mills,KY,37.5552778,-86.0322222,dndvdk9,2011,1,winter,00,0.333,2,15.2,-2.4,29.0,0.0,2.9,
50484,2011-01-22 06:30:00,columbus,GA,32.4608333,-84.9877778,djg8dj3,2011,1,winter,06,0.333,2,26.7,9.1,36.0,0.0,6.7,
50485,2011-01-22 09:00:00,philadelphia,PA,39.9522222,-75.1641667,dr4e395,2011,1,winter,09,0.333,2,9.7,-1.2,98.0,0.0,8.1,
50486,2011-01-22 12:40:00,bel air,MD,39.5358333,-76.3486111,dr18ytk,2011,1,winter,13,0.333,2,20.1,0.5,100.0,0.0,4.4,
50487,2011-01-22 18:30:00,cypress,TX,29.9688889,-95.6969444,9v7fqre,2011,1,winter,18,0.333,2,55.5,33.4,0.0,0.0,7.1,
50488,2011-01-22 18:45:00,tallmadge,OH,41.1013889,-81.4419444,dpq1fdr,2011,1,winter,19,0.333,2,15.0,2.1,93.0,0.0,9.1,
50489,2011-01-22 19:15:00,cypress,TX,29.9688889,-95.6969444,9v7fqre,2011,1,winter,19,0.333,2,51.3,33.6,2.0,0.0,7.5,
50490,2011-01-22 20:35:00,gray court,SC,34.6080556,-82.1136111,dnjsgkn,2011,1,winter,21,0.333,2,31.1,15.3,0.0,0.0,4.8,
50491,2011-01-22 20:40:00,haymarket,VA,38.8119444,-77.6366667,dqbuc36,2011,1,winter,21,0.333,2,21.6,-2.2,0.0,0.0,2.4,
50492,2011-01-22 21:35:00,rochester,MN,44.0216667,-92.4697222,9zy4rvc,2011,1,winter,22,0.333,2,-1.8,-7.6,69.0,0.0,7.0,
50493,2011-01-23 03:11:00,sedona,AZ,34.8697222,-111.7602778,9w0w2gf,2011,1,winter,03,0.333,2,36.1,16.9,0.0,0.0,10.4,
50494,2011-01-23 04:30:00,tehachapi,CA,35.1322222,-118.4480556,9q5zbes,2011,1,winter,04,0.333,2,37.2,27.3,0.0,0.0,5.6,
50495,2011-01-23 17:00:00,simi valley,CA,34.2694444,-118.7805556,9q5dcnd,2011,1,winter,17,0.333,2,67.7,34.5,5.0,0.0,3.4,
50496,2011-01-24 00:00:00,peoria,AZ,33.5805556,-112.2366667,9tbpjcp,2011,1,winter,00,0.667,3,47.1,23.0,13.0,0.0,4.7,
50497,2011-01-24 00:30:00,buxton,ME,43.6377778,-70.5194444,drvb721,2011,1,winter,00,0.667,3,-4.7,-13.2,0.0,0.0,8.5,
50498,2011-01-24 01:10:00,merrill,WI,45.1805556,-89.6833333,f001p0y,2011,1,winter,01,0.667,3,5.8,1.2,100.0,0.0,11.6,
50499,2011-01-24 06:00:00,dallas,TX,32.7833333,-96.8,9vg4t20,2011,1,winter,06,0.667,3,27.5,24.3,0.0,0.0,4.8,
50500,2011-01-24 06:12:00,arvada,CO,39.8027778,-105.0869444,9xj62ty,2011,1,winter,06,0.667,3,24.9,13.7,100.0,0.01,2.9,
50501,2011-01-24 06:45:00,el dorado,KS,37.8172222,-96.8619444,9yep5u7,2011,1,winter,07,0.667,3,20.3,10.8,25.0,0.0,7.9,
50502,2011-01-24 15:50:00,houston,TX,29.7630556,-95.3630556,9vk1mfn,2011,1,winter,16,0.667,3,57.0,54.1,97.0,0.03,11.8,
50503,2011-01-24 17:30:00,lancaster,CA,34.6980556,-118.1358333,9q5vru8,2011,1,winter,18,0.667,3,58.7,30.8,0.0,0.0,5.4,
50504,2011-01-24 20:00:00,dallas,TX,32.7833333,-96.8,9vg4t20,2011,1,winter,20,0.667,3,46.0,32.6,73.0,0.0,6.2,
50505,2011-01-25 17:00:00,san ramon,CA,37.78,-121.9769444,9q9qbme,2011,1,winter,17,0.667,3,63.4,47.6,0.0,0.0,2.9,
50506,2011-01-25 17:15:00,broomfield,CO,39.9205556,-105.0861111,9xj70eq,2011,1,winter,17,0.667,3,34.7,23.4,100.0,0.0,2.4,
50507,2011-01-25 19:11:00,riverside,CA,33.9533333,-117.3952778,9qh90t5,2011,1,winter,19,0.667,3,65.0,36.4,0.0,0.0,1.3,
50508,2011-01-25 21:00:00,prescott valley,AZ,34.61,-112.315,9w0huhw,2011,1,winter,21,0.667,3,35.7,21.1,0.0,0.0,5.0,
50509,2011-01-26 00:30:00,gila bend,AZ,32.9477778,-112.7161111,9mzg7jf,2011,1,winter,00,0.0,0,58.2,10.3,0.0,0.0,3.6,
50510,2011-01-26 03:00:00,new york city (brooklyn),NY,40.7141667,-74.0063889,dr5regy,2011,1,winter,03,0.0,0,20.6,19.0,99.0,0.0,6.0,
50511,2011-01-26 19:05:00,lehi,UT,40.3916667,-111.85,9x0myc1,2011,1,winter,19,0.0,0,29.3,24.8,28.0,0.0,0.3,
50512,2011-01-26 19:15:00,american fork,UT,40.3769444,-111.795,9x0t8n3,2011,1,winter,19,0.0,0,29.5,25.1,28.0,0.0,0.3,
50513,2011-01-26 19:17:00,american fork,UT,40.3769444,-111.795,9x0t8n3,2011,1,winter,19,0.0,0,29.5,25.1,28.0,0.0,0.3,
50514,2011-01-26 22:15:00,san francisco,CA,37.775,-122.4183333,9q8yyk9,2011,1,winter,22,0.0,0,50.2,45.5,23.0,0.0,4.8,
50515,2011-01-27 01:00:00,el cajon,CA,32.7947222,-116.9616667,9mufd6p,2011,1,winter,01,1.0,4,48.5,35.7,0.0,0.0,2.8,
50516,2011-01-27 02:38:00,pensacola,FL,30.4211111,-87.2169444,dj3vp3f,2011,1,winter,03,1.0,4,39.4,33.1,90.0,0.0,5.3,
50517,2011-01-27 09:55:00,watsonville,CA,36.9102778,-121.7558333,9q93vrk,2011,1,winter,10,1.0,4,51.9,46.0,5.0,0.0,4.4,
50518,2011-01-27 18:30:00,homosassa,FL,28.7811111,-82.6152778,djj78p3,2011,1,winter,18,1.0,4,50.9,36.8,63.0,0.0,9.3,
50519,2011-01-27 19:00:00,los angeles,CA,34.0522222,-118.2427778,9q5ctr4,2011,1,winter,19,1.0,4,63.9,42.5,0.0,0.0,4.6,
50520,2011-01-27 19:45:00,bald knob,AR,35.3097222,-91.5677778,9yqbu7f,2011,1,winter,20,1.0,4,45.3,28.4,53.0,0.0,8.9,
50521,2011-01-27 21:21:00,miami,FL,25.7738889,-80.1938889,dhwfx5u,2011,1,winter,21,1.0,4,66.1,55.4,95.0,0.0,5.6,
50522,2011-01-27 22:05:00,corvallis,OR,44.5647222,-123.2608333,9rbme0u,2011,1,winter,22,1.0,4,41.2,39.1,83.0,0.0,2.2,
50523,2011-01-28 00:00:00,lanham,MD,38.9669444,-76.8622222,dqcmdvw,2011,1,winter,00,1.667,6,24.9,19.2,93.0,0.0,4.7,
50524,2011-01-28 18:17:00,brewster,MA,41.76,-70.0833333,drqjt4n,2011,1,winter,18,1.667,6,34.5,20.6,96.0,0.0,1.9,
50525,2011-01-28 20:45:00,encinitas,CA,33.0369444,-117.2911111,9muefyp,2011,1,winter,21,1.667,6,53.8,48.8,0.0,0.0,3.6,
50526,2011-01-28 21:35:00,harvest,AL,34.8555556,-86.7508333,dn4q3cm,2011,1,winter,22,1.667,6,41.5,34.8,0.0,0.0,1.4,
50527,2011-01-28 22:16:00,lynnwood,WA,47.8211111,-122.3138889,c29009t,2011,1,winter,22,1.667,6,45.8,43.7,79.0,0.0,11.0,
50528,2011-01-28 22:30:00,galesburg,MI,42.2886111,-85.4180556,dpe2862,2011,1,winter,22,1.667,6,17.2,14.6,55.0,0.0,4.2,
50529,2011-01-28 22:30:00,gainesville,GA,34.2977778,-83.8241667,dnh7he9,2011,1,winter,22,1.667,6,38.8,31.1,0.0,0.0,5.9,
50530,2011-01-29 02:00:00,scranton,SC,33.9175,-79.7441667,dnp2cqk,2011,1,winter,02,0.333,2,38.6,33.6,0.0,0.0,6.0,
50531,2011-01-29 02:00:00,parkville,MD,39.3772222,-76.54,dr18423,2011,1,winter,02,0.333,2,25.7,22.4,3.0,0.0,7.9,
50532,2011-01-29 17:42:00,doral,FL,25.8191667,-80.3555556,dhwfgkn,2011,1,winter,18,0.333,2,69.5,41.1,0.0,0.0,2.2,
50533,2011-01-29 18:00:00,mcgill,NV,39.405,-114.7777778,9rn2hjm,2011,1,winter,18,0.333,2,36.5,29.3,59.0,0.0,3.6,
50534,2011-01-29 19:00:00,mansfield,TX,32.5630556,-97.1413889,9vfcjrz,2011,1,winter,19,0.333,2,67.2,53.9,9.0,0.0,10.0,
50535,2011-01-29 19:30:00,louisburg,NC,36.0988889,-78.3013889,dq2m65w,2011,1,winter,20,0.333,2,46.1,31.0,0.0,0.0,9.8,
50536,2011-01-29 20:30:00,plainville,CT,41.6744444,-72.8586111,drkjn49,2011,1,winter,20,0.333,2,28.2,23.4,100.0,0.0,3.4,
50537,2011-01-29 21:45:00,shelburne falls,MA,42.6041667,-72.7397222,drs62gb,2011,1,winter,22,0.333,2,19.8,15.5,23.0,0.0,3.7,
50538,2011-01-29 21:50:00,ashburnham,MA,42.6361111,-71.9083333,drsfe9t,2011,1,winter,22,0.333,2,20.9,15.6,0.0,0.0,5.4,
50539,2011-01-29 23:30:00,chino,CA,34.0122222,-117.6880556,9qh33zw,2011,1,winter,00,0.333,2,52.8,38.5,0.0,0.0,2.1,
50540,2011-01-30 18:30:00,geneseo,IL,41.4480556,-90.1541667,9zrgu3r,2011,1,winter,18,0.667,3,29.0,23.9,96.0,0.0,8.1,
50541,2011-01-30 22:00:00,stamford,CT,41.0533333,-73.5391667,dr79w9d,2011,1,winter,22,0.667,3,26.8,21.4,0.0,0.0,7.1,
50542,2011-01-31 19:00:00,atlantic beach,FL,30.3341667,-81.3988889,djqhedp,2011,1,winter,19,2.667,12,62.6,54.5,42.0,0.0,6.5,
50543,2011-01-31 20:00:00,sacramento,CA,38.5816667,-121.4933333,9qce7re,2011,1,winter,20,2.667,12,55.7,40.3,7.0,0.0,2.7,
50544,2011-01-31 21:00:00,dunedin,FL,28.0194444,-82.7719444,dhvpkkz,2011,1,winter,21,2.667,12,58.6,55.9,8.0,0.0,2.6,
50545,2011-01-31 21:45:00,jacksonville,FL,30.3319444,-81.6558333,djmutcu,2011,1,winter,22,2.667,12,57.7,53.9,39.0,0.0,4.9,
50546,2011-01-31 23:40:00,hampton,TN,36.2841667,-82.1727778,dnmw6j7,2011,1,winter,00,2.667,12,47.3,41.9,91.0,0.0,1.9,
50547,2011-02-01 00:00:00,downingtown,PA,40.0063889,-75.7036111,dr45t6f,2011,2,winter,00,2.0,7,25.5,21.3,100.0,0.0,5.9,
50548,2011-02-01 09:00:00,lake havasu city,AZ,34.4838889,-114.3216667,9qnsnt9,2011,2,winter,09,2.0,7,46.1,29.0,0.0,0.0,3.3,
50549,2011-02-01 18:00:00,nashville,TN,36.1658333,-86.7844444,dn6m9pv,2011,2,winter,18,2.0,7,51.7,51.3,100.0,0.09,13.1,
50550,2011-02-01 19:00:00,tucson,AZ,32.2216667,-110.9258333,9t9p7cf,2011,2,winter,19,2.0,7,51.2,17.8,5.0,0.0,9.5,
50551,2011-02-01 19:30:00,vancouver,WA,45.6388889,-122.6602778,c20g8u3,2011,2,winter,20,2.0,7,35.6,11.8,1.0,0.0,4.8,
50552,2011-02-01 20:00:00,greenbank,WA,48.0983333,-122.5716667,c28cdu4,2011,2,winter,20,2.0,7,36.4,30.4,8.0,0.0,3.7,
50553,2011-02-02 00:15:00,redding,CA,40.5866667,-122.3905556,9r0yyut,2011,2,winter,00,0.333,2,41.8,26.3,0.0,0.0,5.6,
50554,2011-02-02 18:20:00,janesville,WI,42.6827778,-89.0186111,dp8dy64,2011,2,winter,18,0.333,2,14.5,3.8,18.0,0.0,6.6,
50555,2011-02-02 20:00:00,charlotte hall,MD,38.4808333,-76.7783333,dqc6uv5,2011,2,winter,20,0.333,2,41.4,29.2,67.0,0.0,14.7,
50556,2011-02-02 20:30:00,medina,WA,47.6211111,-122.2263889,c23nftj,2011,2,winter,20,0.333,2,36.8,31.4,63.0,0.0,0.8,
50557,2011-02-02 21:00:00,seattle,WA,47.6063889,-122.3308333,c23nb63,2011,2,winter,21,0.333,2,35.6,30.7,100.0,0.0,4.3,
50558,2011-02-02 21:30:00,seattle,WA,47.6063889,-122.3308333,c23nb63,2011,2,winter,22,0.333,2,34.3,30.2,97.0,0.0,4.4,
50559,2011-02-02 23:00:00,west palm beach,FL,26.7052778,-80.0366667,dhxpftx,2011,2,winter,23,0.333,2,69.1,66.8,95.0,0.0,5.2,
50560,2011-02-03 08:00:00,rochester,NY,43.1547222,-77.6158333,dr8v9b1,2011,2,winter,08,3.333,18,7.5,3.8,2.0,0.0,9.0,
50561,2011-02-03 17:40:00,groton,CT,41.35,-72.0788889,drkepz9,2011,2,winter,18,3.333,18,24.9,14.7,0.0,0.0,3.6,
50562,2011-02-03 19:12:00,aliso viejo,CA,33.6083333,-117.7444444,9mur0wj,2011,2,winter,19,3.333,18,50.8,44.8,0.0,0.0,3.8,
50563,2011-02-03 20:40:00,gilbert,AZ,33.3527778,-111.7883333,9tbt8pw,2011,2,winter,21,3.333,18,40.2,-7.8,0.0,0.0,1.6,
50564,2011-02-03 22:00:00,durham,NC,35.9938889,-78.8988889,dnruu87,2011,2,winter,22,3.333,18,36.6,26.7,100.0,0.0,1.0,
50565,2011-02-03 22:30:00,galveston,TX,29.3011111,-94.7975,9vhwdy4,2011,2,winter,22,3.333,18,36.2,28.0,100.0,0.0,11.1,
50566,2011-02-04 19:00:00,marathon,NY,42.4416667,-76.0325,dr9cmy6,2011,2,winter,19,3.667,22,23.5,15.8,0.0,0.0,4.2,
50567,2011-02-04 20:30:00,waterbury,VT,44.3377778,-72.7566667,druk0rk,2011,2,winter,20,3.667,22,18.6,12.0,0.0,0.0,4.0,
50568,2011-02-04 20:55:00,libertyville,IL,42.2830556,-87.9530556,dp92w96,2011,2,winter,21,3.667,22,16.7,8.5,12.0,0.0,14.6,
50569,2011-02-04 21:00:00,ferrisburgh,VT,44.2055556,-73.2466667,drggmpr,2011,2,winter,21,3.667,22,17.9,12.0,0.0,0.0,4.7,
50570,2011-02-04 22:00:00,porter (ne outside houston),TX,30.1022222,-95.2294444,9vk71pb,2011,2,winter,22,3.667,22,27.4,18.8,0.0,0.0,4.1,
50571,2011-02-05 01:00:00,groton,CT,41.35,-72.0788889,drkepz9,2011,2,winter,01,2.667,12,25.1,20.9,0.0,0.0,7.3,
50572,2011-02-05 08:30:00,ewan,WA,47.1169444,-117.7338889,c2kk0ck,2011,2,winter,08,2.667,12,33.3,31.0,94.0,0.0,7.4,
50573,2011-02-05 11:00:00,gallatin,TN,36.3883333,-86.4466667,dn6x0b7,2011,2,winter,11,2.667,12,33.5,27.9,84.0,0.0,15.7,
50574,2011-02-05 11:45:00,salt lake city (rose park),UT,40.7608333,-111.8902778,9x0rvu7,2011,2,winter,12,2.667,12,35.3,32.4,76.0,0.0,3.7,
50575,2011-02-05 17:00:00,san diego,CA,32.7152778,-117.1563889,9mudn59,2011,2,winter,17,2.667,12,58.5,51.3,0.0,0.0,4.6,
50576,2011-02-05 17:30:00,roseville,CA,38.7522222,-121.2869444,9qcu2n9,2011,2,winter,18,2.667,12,67.5,48.5,82.0,0.0,12.2,
50577,2011-02-05 17:35:00,indio,CA,33.7205556,-116.2147222,9mvrg6x,2011,2,winter,18,2.667,12,78.3,49.9,15.0,0.0,3.8,
50578,2011-02-05 17:41:00,pomona,CA,34.0552778,-117.7513889,9qh38x8,2011,2,winter,18,2.667,12,65.5,50.6,22.0,0.0,3.2,
50579,2011-02-05 17:45:00,holts summit,MO,38.6402778,-92.1222222,9yy7zdn,2011,2,winter,18,2.667,12,35.9,25.1,2.0,0.0,5.6,
50580,2011-02-05 18:00:00,latham,NY,42.7469444,-73.7594444,dree1tf,2011,2,winter,18,2.667,12,32.5,28.2,100.0,0.08,7.1,
50581,2011-02-05 18:50:00,raleigh,NC,35.7719444,-78.6388889,dq25d80,2011,2,winter,19,2.667,12,47.4,45.5,88.0,0.0,11.8,
50582,2011-02-05 20:00:00,mcminnville,OR,45.2102778,-123.1975,c203hw6,2011,2,winter,20,2.667,12,46.8,45.3,87.0,0.0,2.4,
50583,2011-02-05 20:00:00,huntington beach,CA,33.6602778,-117.9983333,9mup6zs,2011,2,winter,20,2.667,12,54.1,51.6,86.0,0.0,3.5,
50584,2011-02-05 20:30:00,north salt lake,UT,40.8486111,-111.9061111,9x22ms2,2011,2,winter,20,2.667,12,34.7,30.1,48.0,0.0,4.1,
50585,2011-02-05 21:00:00,conway,AR,35.0886111,-92.4419444,9ynr87t,2011,2,winter,21,2.667,12,31.7,22.8,0.0,0.0,7.4,
50586,2011-02-05 21:50:00,fayetteville,NC,35.0525,-78.8786111,dnpzmj4,2011,2,winter,22,2.667,12,46.6,41.7,100.0,0.0,11.5,
50587,2011-02-05 22:45:00,oxford,OH,39.5069444,-84.7452778,dp58z84,2011,2,winter,23,2.667,12,28.1,24.1,97.0,0.0,8.7,
50588,2011-02-06 00:08:00,seaside,CA,36.6111111,-121.8505556,9q9270z,2011,2,winter,00,0.667,3,56.6,47.3,89.0,0.0,6.5,
50589,2011-02-06 01:00:00,fair oaks,CA,38.6447222,-121.2711111,9qcgb7j,2011,2,winter,01,0.667,3,56.7,40.8,67.0,0.0,9.2,
50590,2011-02-06 04:25:00,whittier,CA,33.9791667,-118.0319444,9qh161e,2011,2,winter,04,0.667,3,49.0,42.5,77.0,0.0,2.3,
50591,2011-02-06 06:30:00,fitchburg,MA,42.5833333,-71.8027778,drsfq04,2011,2,winter,06,0.667,3,34.7,27.5,70.0,0.0,15.0,
50592,2011-02-06 13:30:00,center conway,NH,43.9947222,-71.0613889,drv6qby,2011,2,winter,14,0.667,3,31.4,18.3,66.0,0.0,10.0,
50593,2011-02-06 19:15:00,capitola,CA,36.9752778,-121.9522222,9q962gj,2011,2,winter,19,0.667,3,64.1,50.8,0.0,0.0,8.5,
50594,2011-02-06 19:20:00,miami,FL,25.7738889,-80.1938889,dhwfx5u,2011,2,winter,19,0.667,3,76.1,68.1,20.0,0.0,5.9,
50595,2011-02-06 19:30:00,orange county,CA,33.7877778,-117.8522222,9qh0nny,2011,2,winter,20,0.667,3,63.5,54.4,0.0,0.0,1.0,
50596,2011-02-06 20:00:00,modesto,CA,37.6391667,-120.9958333,9q9ynsj,2011,2,winter,20,0.667,3,57.2,49.7,0.0,0.0,4.3,
50597,2011-02-07 16:30:00,tacoma,WA,47.2530556,-122.4430556,c22uvdp,2011,2,winter,16,2.667,12,47.5,34.9,54.0,0.0,4.7,
50598,2011-02-07 16:32:00,tacoma,WA,47.2530556,-122.4430556,c22uvdp,2011,2,winter,17,2.667,12,45.9,36.7,50.0,0.0,2.7,
50599,2011-02-07 18:00:00,redondo beach,CA,33.8491667,-118.3875,9q5bd40,2011,2,winter,18,2.667,12,64.8,49.0,1.0,0.0,7.6,
50600,2011-02-07 19:04:00,corpus christi,TX,27.8002778,-97.3961111,9ufwpsy,2011,2,winter,19,2.667,12,56.5,33.3,0.0,0.0,5.7,
50601,2011-02-07 19:30:00,oak park,CA,34.1791667,-118.7619444,9q5d3w0,2011,2,winter,20,2.667,12,58.3,48.8,0.0,0.0,0.5,
50602,2011-02-07 19:30:00,oak park,CA,34.1791667,-118.7619444,9q5d3w0,2011,2,winter,20,2.667,12,58.3,48.8,0.0,0.0,0.5,
50603,2011-02-08 01:00:00,tulsa,OK,36.1538889,-95.9925,9y7txts,2011,2,winter,01,0.0,0,22.5,18.5,0.0,0.0,6.5,
50604,2011-02-08 07:30:00,fair grove,MO,37.3838889,-93.1511111,9ytu8m9,2011,2,winter,08,0.0,0,9.3,6.6,100.0,0.0,6.2,
50605,2011-02-08 15:00:00,dunwoody,GA,33.9461111,-84.3347222,dnh10gt,2011,2,winter,15,0.0,0,41.9,21.3,0.0,0.0,11.6,
50606,2011-02-08 17:50:00,river forest,IL,41.8977778,-87.8138889,dp3w3er,2011,2,winter,18,0.0,0,11.7,2.8,43.0,0.0,10.0,
50607,2011-02-08 18:00:00,rancho cordova,CA,38.5891667,-121.3016667,9qcex8y,2011,2,winter,18,0.0,0,57.6,25.3,0.0,0.0,12.8,
50608,2011-02-08 19:15:00,brockton,MA,42.0833333,-71.0188889,drmrrvj,2011,2,winter,19,0.0,0,27.4,15.8,27.0,0.0,16.3,
50609,2011-02-08 21:00:00,prescott valley,AZ,34.61,-112.315,9w0huhw,2011,2,winter,21,0.0,0,33.7,9.8,0.0,0.0,5.9,
50610,2011-02-08 21:00:00,wilton manors,FL,26.16,-80.1391667,dhxhb6k,2011,2,winter,21,0.0,0,64.4,47.9,0.0,0.0,5.8,
50611,2011-02-09 01:20:00,carol stream,IL,41.9125,-88.1347222,dp3q6my,2011,2,winter,01,1.0,4,1.6,-4.5,100.0,0.0,10.6,
50612,2011-02-09 12:15:00,lake forest,CA,33.6469444,-117.6883333,9mur3vj,2011,2,winter,12,1.0,4,63.5,26.4,0.0,0.0,8.2,
50613,2011-02-09 19:10:00,troy,IL,38.7291667,-89.8830556,dnbh6dm,2011,2,winter,19,1.0,4,17.1,6.4,68.0,0.0,3.8,
50614,2011-02-09 20:00:00,lenox (general area),MA,42.3563889,-73.2852778,drebuqe,2011,2,winter,20,1.0,4,17.1,9.2,100.0,0.0,8.0,
50615,2011-02-09 21:30:00,moab,UT,38.5733333,-109.5491667,9wf57nh,2011,2,winter,22,1.0,4,21.4,5.3,91.0,0.0,2.8,
50616,2011-02-10 00:00:00,laurinburg,NC,34.7738889,-79.4630556,dnpmzf2,2011,2,winter,00,1.667,6,41.7,29.7,100.0,0.0,5.8,
50617,2011-02-10 05:55:00,yakima,WA,46.6022222,-120.5047222,c2631ge,2011,2,winter,06,1.667,6,27.0,19.8,92.0,0.0,2.9,
50618,2011-02-10 06:00:00,north caldwell,NJ,40.8647222,-74.2586111,dr70qpn,2011,2,winter,06,1.667,6,19.5,13.5,87.0,0.0,5.9,
50619,2011-02-10 07:28:00,rochester,MN,44.0216667,-92.4697222,9zy4rvc,2011,2,winter,07,1.667,6,-11.3,-16.3,0.0,0.0,8.4,
50620,2011-02-10 13:50:00,grosse pointe woods,MI,42.4436111,-82.9069444,dpt13qt,2011,2,winter,14,1.667,6,6.7,-1.0,1.0,0.0,10.3,
50621,2011-02-10 14:40:00,round rock,TX,30.5080556,-97.6786111,9v6t93b,2011,2,winter,15,1.667,6,38.9,16.7,0.0,0.0,6.7,
50622,2011-02-10 16:40:00,fresno,CA,36.7477778,-119.7713889,9qdc499,2011,2,winter,17,1.667,6,59.5,34.4,0.0,0.0,2.4,
50623,2011-02-10 19:00:00,lansdale,PA,40.2413889,-75.2841667,dr4kyve,2011,2,winter,19,1.667,6,21.1,4.3,0.0,0.0,4.7,
50624,2011-02-10 20:00:00,nashville,TN,36.1658333,-86.7844444,dn6m9pv,2011,2,winter,20,1.667,6,25.2,10.7,0.0,0.0,3.6,
50625,2011-02-10 21:00:00,ruidoso,NM,33.3316667,-105.6725,9tuve7g,2011,2,winter,21,1.667,6,15.9,-0.3,0.0,0.0,1.0,
50626,2011-02-10 21:30:00,pedro,OH,38.6302778,-82.6675,dnv5yb7,2011,2,winter,22,1.667,6,23.8,0.3,60.0,0.0,4.2,
50627,2011-02-10 22:00:00,jacksonville beach,FL,30.2944444,-81.3933333,djqh7fg,2011,2,winter,22,1.667,6,52.7,45.2,100.0,0.0,6.9,
50628,2011-02-10 22:15:00,bakersfield,CA,35.3733333,-119.0177778,9q735xt,2011,2,winter,22,1.667,6,50.3,39.3,0.0,0.0,1.6,
50629,2011-02-10 23:00:00,laguna beach,CA,33.5422222,-117.7822222,9munzf1,2011,2,winter,23,1.667,6,52.0,39.9,0.0,0.0,5.5,
50630,2011-02-11 02:00:00,clearwater,FL,27.9655556,-82.8002778,dhvp5ff,2011,2,winter,02,2.0,7,56.9,51.1,99.0,0.0,12.7,
50631,2011-02-11 08:00:00,fairbanks,AK,64.8377778,-147.7163889,bewbyek,2011,2,winter,08,2.0,7,-4.6,-9.1,100.0,0.0,4.8,
50632,2011-02-11 10:30:00,jacksonville,NC,34.7538889,-77.4305556,dq0vwnb,2011,2,winter,10,2.0,7,37.3,27.4,96.0,0.0,5.8,
50633,2011-02-11 11:30:00,sacramento,CA,38.5816667,-121.4933333,9qce7re,2011,2,winter,12,2.0,7,55.1,37.9,17.0,0.0,1.1,
50634,2011-02-11 13:25:00,round rock,TX,30.5080556,-97.6786111,9v6t93b,2011,2,winter,13,2.0,7,46.7,22.9,0.0,0.0,2.2,
50635,2011-02-11 13:43:00,lakewood,CA,33.8536111,-118.1330556,9q5bxff,2011,2,winter,14,2.0,7,72.7,19.8,0.0,0.0,5.1,
50636,2011-02-11 14:00:00,san diego,CA,32.7152778,-117.1563889,9mudn59,2011,2,winter,14,2.0,7,68.3,28.9,0.0,0.0,4.2,
50637,2011-02-11 15:00:00,brea,CA,33.9166667,-117.8991667,9qh0vnk,2011,2,winter,15,2.0,7,73.1,21.7,0.0,0.0,2.5,
50638,2011-02-11 19:00:00,litchfield park,AZ,33.4933333,-112.3572222,9tbne1r,2011,2,winter,19,2.0,7,66.6,5.4,0.0,0.0,5.5,
50639,2011-02-11 19:00:00,oswego,IL,41.6827778,-88.3513889,dp3jjs0,2011,2,winter,19,2.0,7,23.0,18.9,46.0,0.0,8.4,
50640,2011-02-11 19:14:00,elkton,KY,36.81,-87.1541667,dnd12v0,2011,2,winter,19,2.0,7,28.0,14.2,0.0,0.0,7.4,
50641,2011-02-11 19:15:00,midland,TX,31.9972222,-102.0775,9txqj0v,2011,2,winter,19,2.0,7,53.0,7.3,0.0,0.0,4.7,
50642,2011-02-12 01:55:00,cape may,NJ,38.935,-74.9063889,dqftrry,2011,2,winter,02,0.0,0,34.5,26.3,0.0,0.0,6.4,
50643,2011-02-12 05:30:00,jackson,MI,42.2458333,-84.4013889,dpebr6s,2011,2,winter,06,0.0,0,25.8,21.6,54.0,0.0,13.6,
50644,2011-02-12 05:30:00,niagara falls,NY,43.0944444,-79.0569444,dpxv1j0,2011,2,winter,06,0.0,0,24.4,20.6,100.0,0.01,16.9,
50645,2011-02-12 06:00:00,calumet,OK,35.6011111,-98.1183333,9y64x2b,2011,2,winter,06,0.0,0,20.1,8.2,0.0,0.0,5.8,
50646,2011-02-12 09:00:00,salt lake city,UT,40.7608333,-111.8902778,9x0rvu7,2011,2,winter,09,0.0,0,17.1,8.9,4.0,0.0,5.0,
50647,2011-02-12 22:00:00,carlsbad,CA,33.1580556,-117.3497222,9mus9sh,2011,2,winter,22,0.0,0,59.5,47.4,21.0,0.0,1.7,
50648,2011-02-12 22:00:00,clovis,CA,36.8252778,-119.7019444,9qdckpg,2011,2,winter,22,0.0,0,45.8,44.0,0.0,0.0,3.9,
50649,2011-02-13 15:36:00,maryland heights,MO,38.7130556,-90.4297222,9yzsnpr,2011,2,winter,16,0.0,0,57.7,34.2,19.0,0.0,11.1,
50650,2011-02-13 16:35:00,jacksonville,MD,39.5180556,-76.5597222,dr18cf4,2011,2,winter,17,0.0,0,46.6,29.1,77.0,0.0,11.0,
50651,2011-02-13 16:50:00,quincy,IL,39.9355556,-91.4097222,9zngpyj,2011,2,winter,17,0.0,0,49.4,32.7,0.0,0.0,14.6,
50652,2011-02-13 19:00:00,frankfort,IL,41.4958333,-87.8486111,dp3s0fn,2011,2,winter,19,0.0,0,39.1,31.7,0.0,0.0,18.9,
50653,2011-02-13 20:00:00,richmond,VA,37.5536111,-77.4605556,dq8vtk6,2011,2,winter,20,0.0,0,48.1,27.0,95.0,0.0,12.1,
50654,2011-02-13 20:00:00,san bernardino,CA,34.1083333,-117.2888889,9qhd510,2011,2,winter,20,0.0,0,58.8,35.1,38.0,0.0,4.3,
50655,2011-02-14 00:45:00,gastonia,NC,35.2619444,-81.1875,dnq28e1,2011,2,winter,01,1.667,6,44.1,30.8,0.0,0.0,10.6,
50656,2011-02-14 03:00:00,iron mountain,MI,45.8202778,-88.0658333,f01ksj2,2011,2,winter,03,1.667,6,34.8,30.4,100.0,0.0,15.4,
50657,2011-02-14 04:00:00,pasadena,MD,39.1072222,-76.5713889,dqcw3x6,2011,2,winter,04,1.667,6,43.6,27.5,73.0,0.0,16.3,
50658,2011-02-14 05:00:00,hermitage,TN,36.1961111,-86.6225,dn6muv7,2011,2,winter,05,1.667,6,43.1,31.1,0.0,0.0,9.9,
50659,2011-02-14 12:35:00,tuckahoe,NY,40.9502778,-73.8277778,dr78bnb,2011,2,winter,13,1.667,6,49.7,33.3,0.0,0.0,11.9,
50660,2011-02-14 18:05:00,pittsburgh,PA,40.4405556,-79.9961111,dppn59u,2011,2,winter,18,1.667,6,39.2,31.6,46.0,0.0,11.4,
50661,2011-02-14 18:45:00,taos,NM,36.4072222,-105.5725,9wkzjes,2011,2,winter,19,1.667,6,42.0,19.3,0.0,0.0,4.0,
50662,2011-02-14 19:20:00,winneconne,WI,44.1108333,-88.7125,dpbfvq1,2011,2,winter,19,1.667,6,33.7,23.9,43.0,0.0,4.3,
50663,2011-02-14 19:30:00,millbrook,NY,41.785,-73.6944444,dr7ten9,2011,2,winter,20,1.667,6,38.3,29.5,56.0,0.0,10.4,
50664,2011-02-14 21:41:00,prescott valley,AZ,34.61,-112.315,9w0huhw,2011,2,winter,22,1.667,6,43.4,10.4,0.0,0.0,3.9,
50665,2011-02-14 22:00:00,hampton,NH,42.9375,-70.8394444,drtsk08,2011,2,winter,22,1.667,6,36.9,31.0,31.0,0.0,15.4,
50666,2011-02-14 22:30:00,lake havasu city,AZ,34.4838889,-114.3216667,9qnsnt9,2011,2,winter,22,1.667,6,64.1,16.9,50.0,0.0,2.4,
50667,2011-02-15 12:00:00,conway,AR,35.0886111,-92.4419444,9ynr87t,2011,2,winter,12,2.333,9,51.6,39.4,54.0,0.0,6.5,
50668,2011-02-15 16:45:00,solon,OH,41.3897222,-81.4413889,dpq56yb,2011,2,winter,17,2.333,9,34.5,15.3,78.0,0.0,3.5,
50669,2011-02-15 17:00:00,vicksburg,AZ,33.7444444,-113.7513889,9mzpgwb,2011,2,winter,17,2.333,9,74.2,18.5,4.0,0.0,6.1,
50670,2011-02-15 20:00:00,safford,AZ,32.8338889,-109.7069444,9tcfz91,2011,2,winter,20,2.333,9,67.2,5.3,0.0,0.0,3.3,
50671,2011-02-15 20:30:00,bandera,TX,29.7263889,-99.0733333,9v391e9,2011,2,winter,20,2.333,9,66.5,52.2,0.0,0.0,6.2,
50672,2011-02-15 20:45:00,salisbury,NC,35.6708333,-80.4744444,dnqfbv8,2011,2,winter,21,2.333,9,44.4,27.1,100.0,0.0,5.9,
50673,2011-02-15 23:00:00,portland,OR,45.5236111,-122.675,c20fbrq,2011,2,winter,23,2.333,9,37.3,36.3,68.0,0.01,10.3,
50674,2011-02-15 23:26:00,mountain home,AR,36.3352778,-92.385,9yqq9wx,2011,2,winter,23,2.333,9,51.6,48.2,66.0,0.0,6.6,
50675,2011-02-16 00:00:00,indian wells,CA,33.7186111,-116.3075,9mvrc67,2011,2,winter,00,0.0,0,54.6,49.5,55.0,0.0,5.1,
50676,2011-02-16 00:30:00,benwood,WV,40.0180556,-80.7344444,dpnedv4,2011,2,winter,00,0.0,0,31.1,10.3,100.0,0.0,6.8,
50677,2011-02-16 14:00:00,fort smith,AR,35.3858333,-94.3983333,9ykc7cv,2011,2,winter,14,0.0,0,62.4,55.9,100.0,0.0,12.3,
50678,2011-02-16 19:02:00,santa maria,CA,34.9530556,-120.4347222,9q4qg7n,2011,2,winter,19,0.0,0,49.5,39.1,15.0,0.0,7.8,
50679,2011-02-16 20:00:00,barstow,TX,31.4611111,-103.3933333,9tw6zpr,2011,2,winter,20,0.0,0,82.3,14.4,0.0,0.0,5.9,
50680,2011-02-16 21:00:00,yadkinville,NC,36.1344444,-80.6597222,dnqtsd1,2011,2,winter,21,0.0,0,47.0,37.0,1.0,0.0,4.7,
50681,2011-02-17 10:15:00,houma,LA,29.5955556,-90.7194444,9vr2res,2011,2,winter,10,4.667,39,64.5,60.0,3.0,0.0,7.8,
50682,2011-02-17 17:20:00,franconia,AZ,34.7394444,-114.2675,9qntxu0,2011,2,winter,17,4.667,39,64.8,26.4,2.0,0.0,7.9,
50683,2011-02-17 18:00:00,washougal,WA,45.5827778,-122.3522222,c20grf1,2011,2,winter,18,4.667,39,42.8,31.4,41.0,0.0,2.3,
50684,2011-02-17 18:30:00,austin,TX,30.2669444,-97.7427778,9v6kpvc,2011,2,winter,18,4.667,39,74.4,60.0,99.0,0.0,10.5,
50685,2011-02-17 19:30:00,dwarf,KY,37.335,-83.1313889,dnsukk9,2011,2,winter,20,4.667,39,58.0,41.7,6.0,0.0,11.8,
50686,2011-02-17 20:30:00,robersonville,NC,35.825,-77.2494444,dq35f1s,2011,2,winter,20,4.667,39,59.1,49.9,57.0,0.0,10.4,
50687,2011-02-17 21:00:00,tampa,FL,27.9472222,-82.4586111,dhvqgxe,2011,2,winter,21,4.667,39,62.9,58.1,50.0,0.0,6.2,
50688,2011-02-18 01:00:00,lebanon,OH,39.4352778,-84.2030556,dph07fv,2011,2,winter,01,1.667,6,57.8,49.9,100.0,0.0,15.8,
50689,2011-02-18 08:00:00,goldthwaite,TX,31.4497222,-98.5705556,9v9fuvp,2011,2,winter,08,1.667,6,59.6,59.2,100.0,0.0,6.0,
50690,2011-02-18 08:00:00,goldthwaite,TX,31.4497222,-98.5705556,9v9fuvp,2011,2,winter,08,1.667,6,59.6,59.2,100.0,0.0,6.0,
50691,2011-02-18 10:00:00,barboursville,WV,38.4094444,-82.2947222,dnv6x24,2011,2,winter,10,1.667,6,57.3,53.5,97.0,0.0,9.5,
50692,2011-02-18 17:03:00,apple valley,CA,34.5008333,-117.185,9qhsm2s,2011,2,winter,17,1.667,6,48.9,37.5,98.0,0.02,10.5,
50693,2011-02-18 18:00:00,tyler,TX,32.3511111,-95.3008333,9vu0p3k,2011,2,winter,18,1.667,6,69.7,62.5,100.0,0.0,3.2,
50694,2011-02-18 18:25:00,austin,TX,30.2669444,-97.7427778,9v6kpvc,2011,2,winter,18,1.667,6,74.6,58.8,35.0,0.0,9.3,
50695,2011-02-18 18:26:00,north bend,WA,47.4958333,-121.7855556,c23qhwq,2011,2,winter,18,1.667,6,39.0,32.1,78.0,0.0,2.1,
50696,2011-02-18 19:10:00,sag harbor,NY,40.9977778,-72.2930556,drk94zm,2011,2,winter,19,1.667,6,49.3,44.7,53.0,0.0,19.8,
50697,2011-02-18 20:30:00,chino hills,CA,33.8936111,-117.7263889,9qh2c44,2011,2,winter,20,1.667,6,49.3,47.0,100.0,0.15,8.2,
50698,2011-02-18 20:45:00,tallahassee,FL,30.4380556,-84.2808333,djkj4jh,2011,2,winter,21,1.667,6,59.1,54.0,1.0,0.0,6.1,
50699,2011-02-18 21:00:00,tallahassee,FL,30.4380556,-84.2808333,djkj4jh,2011,2,winter,21,1.667,6,59.1,54.0,1.0,0.0,6.1,
50700,2011-02-19 00:00:00,quartzsite,AZ,33.6638889,-114.2291667,9myz88k,2011,2,winter,00,1.0,4,57.3,37.5,96.0,0.02,7.6,
50701,2011-02-19 04:00:00,hampton,TN,36.2841667,-82.1727778,dnmw6j7,2011,2,winter,04,1.0,4,42.6,36.9,31.0,0.0,3.7,
50702,2011-02-19 05:00:00,decatur,IL,39.8402778,-88.9547222,dp0dxu9,2011,2,winter,05,1.0,4,30.5,24.7,95.0,0.0,5.2,
50703,2011-02-19 05:23:00,milwaukee,WI,43.0388889,-87.9063889,dp9kzdu,2011,2,winter,05,1.0,4,22.2,11.6,76.0,0.0,10.6,
50704,2011-02-19 06:30:00,endicott,NY,42.0983333,-76.0497222,dr3zmry,2011,2,winter,06,1.0,4,29.5,20.9,88.0,0.0,12.8,
50705,2011-02-19 19:00:00,north bend,WA,47.4958333,-121.7855556,c23qhwq,2011,2,winter,19,1.0,4,34.0,27.3,0.0,0.0,4.0,
50706,2011-02-19 19:30:00,snohomish,WA,47.9130556,-122.0969444,c290td7,2011,2,winter,20,1.0,4,37.6,26.3,0.0,0.0,3.7,
50707,2011-02-19 20:15:00,sacramento,CA,38.5816667,-121.4933333,9qce7re,2011,2,winter,20,1.0,4,45.2,37.9,94.0,0.0,4.2,
50708,2011-02-19 21:21:00,shalimar,FL,30.4455556,-86.5791667,dj6mjy6,2011,2,winter,21,1.0,4,62.7,59.6,16.0,0.0,4.7,
50709,2011-02-20 01:00:00,fort collins,CO,40.5852778,-105.0838889,9xjqbu2,2011,2,winter,01,2.667,12,32.7,29.6,83.0,0.0,2.8,
50710,2011-02-20 15:20:00,huntington beach,CA,33.6602778,-117.9983333,9mup6zs,2011,2,winter,15,2.667,12,54.2,40.0,19.0,0.0,4.2,
50711,2011-02-20 19:00:00,vancouver,WA,45.6388889,-122.6602778,c20g8u3,2011,2,winter,19,2.667,12,38.2,30.0,91.0,0.0,4.3,
50712,2011-02-20 19:00:00,vancouver,WA,45.6388889,-122.6602778,c20g8u3,2011,2,winter,19,2.667,12,38.2,30.0,91.0,0.0,4.3,
50713,2011-02-20 19:45:00,vancouver,WA,45.6388889,-122.6602778,c20g8u3,2011,2,winter,20,2.667,12,36.5,30.0,94.0,0.0,3.9,
50714,2011-02-20 19:45:00,fullerton,CA,33.8702778,-117.9244444,9qh0stf,2011,2,winter,20,2.667,12,47.4,43.3,99.0,0.0,3.5,
50715,2011-02-20 19:45:00,vancouver,WA,45.6388889,-122.6602778,c20g8u3,2011,2,winter,20,2.667,12,36.5,30.0,94.0,0.0,3.9,
50716,2011-02-20 20:10:00,hannacroix,NY,42.4288889,-73.8097222,dre927v,2011,2,winter,20,2.667,12,21.3,13.1,100.0,0.0,5.9,
50717,2011-02-20 21:30:00,miami,FL,25.7738889,-80.1938889,dhwfx5u,2011,2,winter,22,2.667,12,71.6,58.9,18.0,0.0,5.3,
50718,2011-02-20 21:50:00,san diego,CA,32.7152778,-117.1563889,9mudn59,2011,2,winter,22,2.667,12,48.1,43.4,92.0,0.0,3.2,
50719,2011-02-20 22:30:00,fontana,CA,34.0922222,-117.4341667,9qh3zwr,2011,2,winter,22,2.667,12,42.0,38.1,98.0,0.0,1.9,
50720,2011-02-21 02:00:00,bloomington,MN,44.8408333,-93.2980556,9zvxhgn,2011,2,winter,02,0.667,3,21.6,18.4,100.0,0.03,13.3,
50721,2011-02-21 05:50:00,avon lake,OH,41.5052778,-82.0283333,dpmsj7u,2011,2,winter,06,0.667,3,27.6,25.9,100.0,0.04,16.2,
50722,2011-02-21 06:30:00,richmond,VA,37.5536111,-77.4605556,dq8vtk6,2011,2,winter,06,0.667,3,48.8,33.4,98.0,0.0,13.2,
50723,2011-02-21 18:40:00,miami,FL,25.7738889,-80.1938889,dhwfx5u,2011,2,winter,19,0.667,3,75.6,62.7,0.0,0.0,11.0,
50724,2011-02-21 18:48:00,omaha,NE,41.2586111,-95.9375,9z7f8yu,2011,2,winter,19,0.667,3,24.0,4.4,27.0,0.0,12.3,
50725,2011-02-21 18:52:00,raytown,MO,39.0086111,-94.4633333,9yuvfmm,2011,2,winter,19,0.667,3,33.4,12.4,0.0,0.0,9.6,
50726,2011-02-21 19:00:00,pipersville,PA,40.4252778,-75.1397222,dr4tfph,2011,2,winter,19,0.667,3,32.3,16.7,100.0,0.0,7.9,
50727,2011-02-21 19:00:00,glenrock,WY,42.8613889,-105.8716667,9xseyfd,2011,2,winter,19,0.667,3,24.7,14.5,5.0,0.0,16.7,
50728,2011-02-21 19:15:00,marysville,CA,39.1458333,-121.5902778,9qcw9nk,2011,2,winter,19,0.667,3,50.6,31.4,32.0,0.0,2.7,
50729,2011-02-21 19:30:00,hillsboro,OR,45.5230556,-122.9886111,c20dcr4,2011,2,winter,20,0.667,3,40.5,37.2,81.0,0.0,4.3,
50730,2011-02-22 01:45:00,germantown,MD,39.1730556,-77.2719444,dqcnceh,2011,2,winter,02,0.667,3,26.3,21.3,100.0,0.05,7.4,
50731,2011-02-22 12:00:00,gillsville,GA,34.3077778,-83.6336111,dnhe0ve,2011,2,winter,12,0.667,3,60.6,45.2,34.0,0.0,7.7,
50732,2011-02-22 13:30:00,redding,CT,41.3025,-73.3838889,dr7ffng,2011,2,winter,14,0.667,3,25.4,7.1,0.0,0.0,8.8,
50733,2011-02-22 15:00:00,plano,TX,33.0197222,-96.6986111,9vg5ze4,2011,2,winter,15,0.667,3,62.8,39.1,37.0,0.0,7.3,
50734,2011-02-22 15:10:00,kettering,OH,39.6894444,-84.1688889,dph1u9n,2011,2,winter,15,0.667,3,29.8,21.7,100.0,0.0,5.8,
50735,2011-02-22 18:00:00,cody,WY,44.5263889,-109.0558333,9xfmq3g,2011,2,winter,18,0.667,3,28.9,13.2,64.0,0.0,1.6,
50736,2011-02-22 19:40:00,redding,CA,40.5866667,-122.3905556,9r0yyut,2011,2,winter,20,0.667,3,43.9,36.5,1.0,0.0,4.2,
50737,2011-02-22 20:00:00,weston,CT,41.2008333,-73.3811111,dr7f6hm,2011,2,winter,20,0.667,3,25.1,12.7,0.0,0.0,9.8,
50738,2011-02-22 22:00:00,dunnellon,FL,29.0488889,-82.4611111,djjm781,2011,2,winter,22,0.667,3,64.2,62.8,0.0,0.0,6.5,
50739,2011-02-22 22:18:00,prunedale,CA,36.7758333,-121.6686111,9q93pqg,2011,2,winter,22,0.667,3,44.4,41.0,0.0,0.0,6.9,
50740,2011-02-23 01:15:00,loves park,IL,42.32,-89.0580556,dp88v2j,2011,2,winter,01,1.667,6,25.0,18.8,94.0,0.0,5.5,
50741,2011-02-23 02:05:00,van nuys,CA,34.1866667,-118.4480556,9q5f2xk,2011,2,winter,02,1.667,6,42.3,40.0,0.0,0.0,2.5,
50742,2011-02-23 03:30:00,tremont,PA,40.6283333,-76.3875,dr1xju0,2011,2,winter,04,1.667,6,14.4,5.1,0.0,0.0,5.1,
50743,2011-02-23 05:13:00,whitemarsh,PA,40.1219444,-75.2169444,dr4s0ru,2011,2,winter,05,1.667,6,24.8,8.0,0.0,0.0,6.5,
50744,2011-02-23 05:13:00,blue bell,PA,40.1522222,-75.2666667,dr4krm2,2011,2,winter,05,1.667,6,23.7,7.0,0.0,0.0,6.1,
50745,2011-02-23 07:15:00,central valley,NY,41.3316667,-74.1213889,dr771k4,2011,2,winter,07,1.667,6,13.4,2.7,0.0,0.0,4.9,
50746,2011-02-23 19:50:00,holley,NY,43.2263889,-78.0269444,dr8tbmn,2011,2,winter,20,1.667,6,24.7,13.1,0.0,0.0,6.5,
50747,2011-02-23 22:00:00,cathedral city,CA,33.7797222,-116.4644444,9qj0jv3,2011,2,winter,22,1.667,6,45.4,40.9,54.0,0.0,5.8,
50748,2011-02-24 19:50:00,jacksonville,FL,30.3319444,-81.6558333,djmutcu,2011,2,winter,20,0.333,2,68.0,58.2,95.0,0.0,6.0,
50749,2011-02-24 20:30:00,jacksonville,FL,30.3319444,-81.6558333,djmutcu,2011,2,winter,20,0.333,2,68.0,58.2,95.0,0.0,6.0,
50750,2011-02-24 21:30:00,carpinteria,CA,34.3988889,-119.5175,9q558q4,2011,2,winter,22,0.333,2,47.3,43.8,32.0,0.0,1.9,
50751,2011-02-24 22:30:00,escondido,CA,33.1191667,-117.0855556,9musrth,2011,2,winter,22,0.333,2,48.0,42.9,95.0,0.0,2.8,
50752,2011-02-25 04:00:00,georgetown,TX,30.6325,-97.6769444,9v6w323,2011,2,winter,04,0.333,2,53.1,27.1,0.0,0.0,10.3,
50753,2011-02-25 12:30:00,fair grove,MO,37.3838889,-93.1511111,9ytu8m9,2011,2,winter,12,0.333,2,34.0,24.6,100.0,0.0,4.5,
50754,2011-02-25 15:57:00,bessemer city,NC,35.2847222,-81.2841667,dnq0wr6,2011,2,winter,16,0.333,2,65.4,39.1,1.0,0.0,15.5,
50755,2011-02-25 16:10:00,new port richey,FL,28.2438889,-82.7194444,djj0ttt,2011,2,winter,16,0.333,2,72.8,62.4,10.0,0.0,12.1,
50756,2011-02-25 20:00:00,everett,WA,47.9791667,-122.2008333,c290gq2,2011,2,winter,20,0.333,2,26.3,11.0,0.0,0.0,7.9,
50757,2011-02-25 21:00:00,bloomfield hills,MI,42.5836111,-83.2455556,dpsf38n,2011,2,winter,21,0.333,2,21.2,14.9,0.0,0.0,2.9,
50758,2011-02-25 21:30:00,windsor,CO,40.4775,-104.9008333,9xjqkbt,2011,2,winter,22,0.333,2,22.6,12.2,87.0,0.0,5.3,
50759,2011-02-25 22:30:00,mill creek,WA,47.8602778,-122.2030556,c29070w,2011,2,winter,22,0.333,2,24.5,11.0,31.0,0.0,4.5,
50760,2011-02-26 00:10:00,oakland,CA,37.8044444,-122.2697222,9q9p1dj,2011,2,winter,00,0.0,0,37.8,27.6,17.0,0.0,4.3,
50761,2011-02-26 03:30:00,travelers rest,SC,34.9675,-82.4436111,dnjqgvw,2011,2,winter,04,0.0,0,39.0,29.0,18.0,0.0,5.3,
50762,2011-02-26 05:30:00,graham,NC,36.0688889,-79.4008333,dnrt1nn,2011,2,winter,06,0.0,0,33.0,25.6,53.0,0.0,4.6,
50763,2011-02-26 19:15:00,gonzales,LA,30.2383333,-90.92,9vrk50d,2011,2,winter,19,0.0,0,71.5,65.2,17.0,0.0,7.5,
50764,2011-02-26 20:30:00,valrico,FL,27.9455556,-82.2580556,dhvwbpm,2011,2,winter,20,0.0,0,71.9,63.7,3.0,0.0,7.5,
50765,2011-02-26 22:15:00,pacific grove,CA,36.6177778,-121.9155556,9q923dp,2011,2,winter,22,0.0,0,44.0,29.4,0.0,0.0,6.6,
50766,2011-02-27 08:47:00,ellington,CT,41.9038889,-72.4702778,drkqquk,2011,2,winter,09,0.333,2,31.5,29.9,94.0,0.01,2.8,
50767,2011-02-27 20:30:00,ormond beach,FL,29.2855556,-81.0561111,djnqee2,2011,2,winter,20,0.333,2,71.5,64.0,0.0,0.0,7.9,
50768,2011-02-27 23:00:00,santa rosa,CA,38.4405556,-122.7133333,9qbdxtf,2011,2,winter,23,0.333,2,41.5,38.4,67.0,0.0,3.5,
50769,2011-02-28 00:30:00,sumter,SC,33.9202778,-80.3416667,dnnbgyb,2011,2,winter,00,2.333,9,61.4,50.8,49.0,0.0,9.9,
50770,2011-02-28 09:35:00,fresno,CA,36.7477778,-119.7713889,9qdc499,2011,2,winter,10,2.333,9,46.1,29.9,0.0,0.0,1.9,
50771,2011-02-28 10:00:00,imperial beach,CA,32.5838889,-117.1122222,9mu9r59,2011,2,winter,10,2.333,9,53.9,36.4,90.0,0.0,5.6,
50772,2011-02-28 10:10:00,paso robles,CA,35.6266667,-120.69,9q64tts,2011,2,winter,10,2.333,9,44.0,41.2,0.0,0.0,3.0,
50773,2011-02-28 15:30:00,west covina,CA,34.09,-117.8894444,9qh1vmg,2011,2,winter,16,2.333,9,60.1,40.1,89.0,0.0,5.8,
50774,2011-02-28 17:02:00,round rock,TX,30.5080556,-97.6786111,9v6t93b,2011,2,winter,17,2.333,9,65.5,36.6,0.0,0.0,12.1,
50775,2011-02-28 19:00:00,lexington,SC,33.9813889,-81.2363889,dnn1r6j,2011,2,winter,19,2.333,9,76.6,55.6,99.0,0.0,7.6,
50776,2011-02-28 19:10:00,flower mound,TX,33.0144444,-97.0966667,9vfgyd0,2011,2,winter,19,2.333,9,59.0,36.1,0.0,0.0,4.3,
50777,2011-02-28 20:00:00,denver (east of; weld co.),CO,39.7391667,-104.9841667,9xj6542,2011,2,winter,20,2.333,9,40.3,16.8,0.0,0.0,2.4,
50778,2011-02-28 20:00:00,ridgecrest,CA,35.6225,-117.67,9qk6dkg,2011,2,winter,20,2.333,9,50.7,28.8,4.0,0.0,1.8,
50779,2011-02-28 20:30:00,cornell,MI,45.9013889,-87.2222222,f01vphn,2011,2,winter,20,2.333,9,17.7,6.5,0.0,0.0,3.6,
50780,2011-03-01 00:00:00,reading,PA,40.3355556,-75.9272222,dr4j2nz,2011,3,spring,00,3.667,22,36.4,24.2,1.0,0.0,10.6,
50781,2011-03-01 00:00:00,reading,PA,40.3355556,-75.9272222,dr4j2nz,2011,3,spring,00,3.667,22,36.4,24.2,1.0,0.0,10.6,
50782,2011-03-01 05:15:00,burley,ID,42.5358333,-113.7919444,9rx1fx7,2011,3,spring,05,3.667,22,16.4,5.3,27.0,0.0,5.8,
50783,2011-03-01 07:00:00,bemidji,MN,47.4736111,-94.88,cbkw0fq,2011,3,spring,07,3.667,22,17.9,12.9,95.0,0.0,10.0,
50784,2011-03-01 08:00:00,orlando,FL,28.5380556,-81.3794444,djn4k5j,2011,3,spring,08,3.667,22,65.3,62.7,96.0,0.0,6.6,
50785,2011-03-01 09:31:00,youngsville,LA,30.0994444,-91.99,9vqe4xq,2011,3,spring,10,3.667,22,54.7,41.5,0.0,0.0,11.5,
50786,2011-03-01 10:00:00,tumwater,WA,47.0075,-122.9080556,c22e7jm,2011,3,spring,10,3.667,22,34.7,34.4,100.0,0.01,3.0,
50787,2011-03-01 13:00:00,cohoes,NY,42.7741667,-73.7005556,dree6fu,2011,3,spring,13,3.667,22,28.5,11.5,0.0,0.0,6.0,
50788,2011-03-01 15:30:00,san bernardino,CA,34.1083333,-117.2888889,9qhd510,2011,3,spring,16,3.667,22,61.6,42.1,35.0,0.0,5.1,
50789,2011-03-01 17:15:00,new york city (manhattan),NY,40.7141667,-74.0063889,dr5regy,2011,3,spring,17,3.667,22,43.4,13.4,71.0,0.0,3.8,
50790,2011-03-01 18:00:00,conshohocken,PA,40.0791667,-75.3019444,dr4kn2n,2011,3,spring,18,3.667,22,44.9,18.1,0.0,0.0,2.1,
50791,2011-03-01 19:45:00,waterbury,CT,41.5580556,-73.0519444,drkh3tm,2011,3,spring,20,3.667,22,26.4,16.7,100.0,0.0,3.2,
50792,2011-03-01 19:46:00,wolcott,CT,41.6022222,-72.9872222,drkhejk,2011,3,spring,20,3.667,22,25.2,15.5,100.0,0.0,3.2,
50793,2011-03-01 21:00:00,round rock,TX,30.5080556,-97.6786111,9v6t93b,2011,3,spring,21,3.667,22,58.6,33.5,1.0,0.0,5.0,
50794,2011-03-01 21:30:00,worthington,OH,40.0930556,-83.0180556,dphunfs,2011,3,spring,22,3.667,22,35.8,22.9,0.0,0.0,6.9,
50795,2011-03-01 22:30:00,red oak,TX,32.5175,-96.8041667,9vg0vpt,2011,3,spring,22,3.667,22,53.0,38.5,97.0,0.0,5.9,
50796,2011-03-02 00:00:00,murfreesboro,TN,35.8455556,-86.3902778,dn6efjk,2011,3,spring,00,3.0,15,41.9,34.8,0.0,0.0,1.0,
50797,2011-03-02 01:00:00,bloomington,IN,39.1652778,-86.5263889,dnfqz1c,2011,3,spring,01,3.0,15,35.0,26.2,0.0,0.0,7.0,
50798,2011-03-02 05:40:00,san diego,CA,32.7152778,-117.1563889,9mudn59,2011,3,spring,06,3.0,15,49.9,47.0,23.0,0.0,1.7,
50799,2011-03-02 06:45:00,phoenix,AZ,33.4483333,-112.0733333,9tbq39n,2011,3,spring,07,3.0,15,42.2,38.0,0.0,0.0,4.3,
50800,2011-03-02 06:46:00,globe,AZ,33.3941667,-110.7858333,9tcjzp0,2011,3,spring,07,3.0,15,36.9,28.1,0.0,0.0,2.9,
50801,2011-03-02 16:25:00,escondido,CA,33.1191667,-117.0855556,9musrth,2011,3,spring,16,3.0,15,60.5,46.6,87.0,0.0,5.8,
50802,2011-03-02 16:30:00,lisle,IL,41.8011111,-88.0747222,dp3mgc9,2011,3,spring,16,3.0,15,31.6,17.6,22.0,0.0,9.2,
50803,2011-03-02 16:45:00,chantilly,VA,38.8941667,-77.4313889,dqbvq02,2011,3,spring,17,3.0,15,57.6,31.2,8.0,0.0,12.4,
50804,2011-03-02 17:15:00,harrisburg,PA,40.2736111,-76.8847222,dr1m47w,2011,3,spring,17,3.0,15,46.6,23.3,33.0,0.0,14.9,
50805,2011-03-02 19:15:00,katy,TX,29.7855556,-95.8241667,9v7c7qq,2011,3,spring,19,3.0,15,70.5,42.9,0.0,0.0,5.7,
50806,2011-03-02 20:00:00,coleman,TX,31.8272222,-99.4261111,9v9m19b,2011,3,spring,20,3.0,15,68.8,27.6,0.0,0.0,9.7,
50807,2011-03-02 21:00:00,echo,TX,31.9280556,-99.3175,9v9meur,2011,3,spring,21,3.0,15,65.6,27.2,0.0,0.0,11.3,
50808,2011-03-02 21:50:00,lockport,IL,41.5894444,-88.0577778,dp3ks5n,2011,3,spring,22,3.0,15,23.3,15.0,0.0,0.0,6.8,
50809,2011-03-02 22:00:00,irvine,CA,33.6694444,-117.8222222,9mupwck,2011,3,spring,22,3.0,15,54.0,51.0,100.0,0.0,2.8,
50810,2011-03-02 22:00:00,san marcos,TX,29.8830556,-97.9411111,9v66521,2011,3,spring,22,3.0,15,60.3,41.1,0.0,0.0,5.7,
50811,2011-03-02 23:30:00,great falls,VA,38.9980556,-77.2886111,dqcjc72,2011,3,spring,00,3.0,15,34.8,24.6,30.0,0.0,6.9,
50812,2011-03-03 01:20:00,sedona,AZ,34.8697222,-111.7602778,9w0w2gf,2011,3,spring,01,2.667,12,38.9,27.4,99.0,0.0,2.4,
50813,2011-03-03 02:15:00,uintah,UT,41.1441667,-111.9225,9x26j4h,2011,3,spring,02,2.667,12,37.9,27.3,51.0,0.0,3.7,
50814,2011-03-03 12:00:00,gloucester,VA,37.4136111,-76.5258333,dq9sfdg,2011,3,spring,12,2.667,12,34.6,15.7,2.0,0.0,11.0,
50815,2011-03-03 16:05:00,west hartford,CT,41.7636111,-72.6855556,drkm9fz,2011,3,spring,16,2.667,12,27.7,4.0,0.0,0.0,6.6,
50816,2011-03-03 19:04:00,honea path,SC,34.4463889,-82.3916667,dnj7vnu,2011,3,spring,19,2.667,12,57.1,29.8,99.0,0.0,7.5,
50817,2011-03-03 19:15:00,north dartmouth,MA,41.6388889,-70.9708333,drmsch0,2011,3,spring,19,2.667,12,26.6,3.2,0.0,0.0,3.4,
50818,2011-03-03 20:00:00,fishers,IN,39.9555556,-86.0138889,dp4g69w,2011,3,spring,20,2.667,12,43.5,23.5,100.0,0.0,9.3,
50819,2011-03-03 20:30:00,rising sun,MD,39.6977778,-76.0630556,dr1cv4u,2011,3,spring,20,2.667,12,31.5,15.8,97.0,0.0,2.4,
50820,2011-03-03 21:00:00,fort bragg,CA,39.4458333,-123.8041667,9ppbqub,2011,3,spring,21,2.667,12,48.9,45.0,0.0,0.0,4.2,
50821,2011-03-03 21:03:00,blanchester,OH,39.2930556,-83.9888889,dnur8c1,2011,3,spring,21,2.667,12,42.6,18.4,100.0,0.0,9.7,
50822,2011-03-03 22:00:00,blue ridge,GA,34.8638889,-84.3241667,dnhn34v,2011,3,spring,22,2.667,12,50.4,30.9,88.0,0.0,11.4,
50823,2011-03-04 01:00:00,elyria,OH,41.3683333,-82.1077778,dpme7df,2011,3,spring,01,2.333,9,32.6,15.2,32.0,0.0,10.8,
50824,2011-03-04 01:30:00,groton,CT,41.35,-72.0788889,drkepz9,2011,3,spring,02,2.333,9,22.0,3.0,49.0,0.0,3.9,
50825,2011-03-04 02:00:00,seminole,OK,35.2244444,-96.6702778,9y722hq,2011,3,spring,02,2.333,9,58.2,44.1,92.0,0.0,11.1,
50826,2011-03-04 02:10:00,littlerock,CA,34.5211111,-117.9827778,9qhh7hr,2011,3,spring,02,2.333,9,46.0,36.5,4.0,0.0,2.3,
50827,2011-03-04 08:45:00,raleigh,NC,35.7719444,-78.6388889,dq25d80,2011,3,spring,09,2.333,9,33.7,25.6,5.0,0.0,6.2,
50828,2011-03-04 11:15:00,new york city (queens),NY,40.7141667,-74.0063889,dr5regy,2011,3,spring,11,2.333,9,35.5,18.4,93.0,0.0,9.5,
50829,2011-03-04 11:20:00,new york city (time square),NY,40.7141667,-74.0063889,dr5regy,2011,3,spring,11,2.333,9,35.5,18.4,93.0,0.0,9.5,
50830,2011-03-04 19:00:00,manteno,IL,41.2505556,-87.8313889,dp3d9m7,2011,3,spring,19,2.333,9,53.9,51.6,100.0,0.01,4.3,
50831,2011-03-04 21:30:00,raleigh,NC,35.7719444,-78.6388889,dq25d80,2011,3,spring,22,2.333,9,46.7,38.0,100.0,0.0,7.1,
50832,2011-03-04 22:00:00,tracy,CA,37.7397222,-121.4241667,9q9wsym,2011,3,spring,22,2.333,9,52.7,48.5,100.0,0.0,2.4,
50833,2011-03-04 22:00:00,elkton,MD,39.6066667,-75.8336111,dr41665,2011,3,spring,22,2.333,9,37.6,32.1,94.0,0.0,8.1,
50834,2011-03-05 03:00:00,downey,CA,33.94,-118.1316667,9q5cpfe,2011,3,spring,03,1.333,5,46.6,44.1,88.0,0.0,4.5,
50835,2011-03-05 18:40:00,islamorada,FL,24.9238889,-80.6280556,dhqtv32,2011,3,spring,19,1.333,5,73.6,60.4,40.0,0.0,12.9,
50836,2011-03-05 20:00:00,missoula,MT,46.8722222,-113.9930556,c2qfwhb,2011,3,spring,20,1.333,5,38.2,25.4,8.0,0.0,3.7,
50837,2011-03-05 20:30:00,delmar,MD,38.4558333,-75.5777778,dqf6b0t,2011,3,spring,20,1.333,5,55.1,46.6,100.0,0.0,11.5,
50838,2011-03-05 21:50:00,rockport,TX,28.0202778,-97.0541667,9ufzrkz,2011,3,spring,22,1.333,5,59.6,41.5,0.0,0.0,15.5,
50839,2011-03-05 23:05:00,vista,CA,33.2,-117.2416667,9musu5g,2011,3,spring,23,1.333,5,60.1,50.9,52.0,0.0,2.1,
50840,2011-03-06 04:45:00,las vegas,NV,36.175,-115.1363889,9qqju12,2011,3,spring,05,2.0,7,51.0,20.9,93.0,0.0,2.7,
50841,2011-03-06 05:30:00,valley center,CA,33.2183333,-117.0333333,9muubz4,2011,3,spring,06,2.0,7,45.9,37.8,82.0,0.0,2.7,
50842,2011-03-06 10:28:00,mahwah,NJ,41.0886111,-74.1441667,dr738zc,2011,3,spring,10,2.0,7,51.5,46.1,100.0,0.02,11.6,
50843,2011-03-06 17:10:00,oneida,WI,44.4986111,-88.1827778,dpcm1ke,2011,3,spring,17,2.0,7,24.2,12.0,97.0,0.0,5.4,
50844,2011-03-06 19:00:00,jacksonville,FL,30.3319444,-81.6558333,djmutcu,2011,3,spring,19,2.0,7,69.7,50.7,0.0,0.0,8.9,
50845,2011-03-07 01:00:00,sierraville,CA,39.5897222,-120.3663889,9r43hzp,2011,3,spring,01,1.667,6,35.7,35.4,99.0,0.02,4.1,
50846,2011-03-07 02:30:00,griffin,GA,33.2466667,-84.2641667,djuj4s2,2011,3,spring,02,1.667,6,38.4,28.8,1.0,0.0,9.1,
50847,2011-03-07 02:45:00,clearfield,PA,41.0272222,-78.4394444,dr21rhf,2011,3,spring,03,1.667,6,25.0,17.1,100.0,0.01,12.0,
50848,2011-03-07 18:50:00,wakefield,RI,41.4372222,-71.5019444,drm5szm,2011,3,spring,19,1.667,6,35.9,18.7,0.0,0.0,16.1,
50849,2011-03-07 19:00:00,lynnwood,WA,47.8211111,-122.3138889,c29009t,2011,3,spring,19,1.667,6,42.3,30.6,21.0,0.0,3.2,
50850,2011-03-07 19:45:00,van nuys,CA,34.1866667,-118.4480556,9q5f2xk,2011,3,spring,20,1.667,6,53.2,43.9,97.0,0.0,4.9,
50851,2011-03-07 20:00:00,cary,NC,35.7913889,-78.7813889,dnrgx79,2011,3,spring,20,1.667,6,47.9,29.4,100.0,0.0,3.9,
50852,2011-03-07 21:00:00,yakima,WA,46.6022222,-120.5047222,c2631ge,2011,3,spring,21,1.667,6,33.7,23.0,19.0,0.0,3.3,
50853,2011-03-07 21:00:00,ninilchik,AK,60.0513889,-151.6688889,bdsjssn,2011,3,spring,21,1.667,6,23.3,19.5,0.0,0.0,5.5,
50854,2011-03-07 21:00:00,culpeper,VA,38.4730556,-77.9969444,dqbdc5u,2011,3,spring,21,1.667,6,40.0,21.2,100.0,0.0,4.3,
50855,2011-03-07 21:05:00,yakima,WA,46.6022222,-120.5047222,c2631ge,2011,3,spring,21,1.667,6,33.7,23.0,19.0,0.0,3.3,
50856,2011-03-07 22:00:00,eugene,OR,44.0522222,-123.0855556,9rb6x57,2011,3,spring,22,1.667,6,40.2,36.1,100.0,0.0,4.0,
50857,2011-03-08 03:00:00,midway,GA,31.8055556,-81.4308333,djwhfyp,2011,3,spring,03,0.667,3,48.9,44.4,16.0,0.0,6.7,
50858,2011-03-08 18:30:00,belle mead,NJ,40.4666667,-74.6611111,dr4yjn9,2011,3,spring,18,0.667,3,45.2,25.4,100.0,0.0,3.2,
50859,2011-03-08 19:30:00,canoga park,CA,34.2011111,-118.5972222,9q5dt60,2011,3,spring,20,0.667,3,59.4,47.4,0.0,0.0,4.9,
50860,2011-03-08 20:00:00,west springfield,PA,39.9305556,-75.3205556,dr47nj1,2011,3,spring,20,0.667,3,40.9,22.3,37.0,0.0,5.8,
50861,2011-03-08 20:15:00,greensburg,PA,40.3013889,-79.5391667,dppmq09,2011,3,spring,20,0.667,3,38.0,25.4,90.0,0.0,9.4,
50862,2011-03-08 21:00:00,west springfield,PA,39.9305556,-75.3205556,dr47nj1,2011,3,spring,21,0.667,3,38.3,23.9,2.0,0.0,6.7,
50863,2011-03-08 22:00:00,wickenburg,AZ,33.9686111,-112.7288889,9qpc4zc,2011,3,spring,22,0.667,3,53.2,28.3,0.0,0.0,5.6,
50864,2011-03-08 23:35:00,edray,WV,38.2744444,-80.0916667,dnz19rx,2011,3,spring,00,0.667,3,27.4,17.9,99.0,0.0,3.2,
50865,2011-03-09 03:30:00,naples,FL,26.1416667,-81.795,dhtudwy,2011,3,spring,04,2.333,9,68.7,63.8,1.0,0.0,11.5,
50866,2011-03-09 06:20:00,oceanside,CA,33.1958333,-117.3786111,9musbgp,2011,3,spring,06,2.333,9,46.4,44.9,0.0,0.0,5.9,
50867,2011-03-09 18:44:00,tampa,FL,27.9472222,-82.4586111,dhvqgxe,2011,3,spring,19,2.333,9,76.8,61.7,4.0,0.0,8.3,
50868,2011-03-09 19:30:00,apache junction,AZ,33.415,-111.5488889,9tbwjeh,2011,3,spring,20,2.333,9,70.8,18.4,0.0,0.0,3.3,
50869,2011-03-09 23:30:00,lake springs,MO,37.4536111,-90.7947222,9yxmjfj,2011,3,spring,00,2.333,9,47.9,47.9,100.0,0.02,8.0,
50870,2011-03-09 23:30:00,rolla,MO,37.9513889,-91.7711111,9ywxzsy,2011,3,spring,00,2.333,9,45.8,45.8,100.0,0.02,6.2,
50871,2011-03-10 00:15:00,laurel,MT,45.6691667,-108.7708333,c84eucg,2011,3,spring,00,5.333,56,36.8,17.3,57.0,0.0,8.9,
50872,2011-03-10 03:00:00,san diego,CA,32.7152778,-117.1563889,9mudn59,2011,3,spring,03,5.333,56,49.2,46.0,35.0,0.0,3.6,
50873,2011-03-10 07:46:00,lake havasu city,AZ,34.4838889,-114.3216667,9qnsnt9,2011,3,spring,08,5.333,56,52.6,40.0,0.0,0.0,3.8,
50874,2011-03-10 16:47:00,oak lawn,IL,41.7108333,-87.7580556,dp3t710,2011,3,spring,17,5.333,56,37.6,24.4,96.0,0.0,10.4,
50875,2011-03-10 17:40:00,running springs,CA,34.2077778,-117.1083333,9qhdx5k,2011,3,spring,18,5.333,56,57.4,31.2,0.0,0.0,4.9,
50876,2011-03-10 18:00:00,avalon,CA,33.3427778,-118.3269444,9mgvemu,2011,3,spring,18,5.333,56,56.6,52.9,0.0,0.0,12.6,
50877,2011-03-10 20:00:00,winters,TX,31.9563889,-99.9619444,9v8vv33,2011,3,spring,20,5.333,56,63.1,17.8,0.0,0.0,7.0,
50878,2011-03-10 21:35:00,everett,WA,47.9791667,-122.2008333,c290gq2,2011,3,spring,22,5.333,56,41.3,39.2,90.0,0.02,10.3,
50879,2011-03-10 23:00:00,kermit,TX,31.8575,-103.0922222,9twtnp6,2011,3,spring,23,5.333,56,61.0,21.8,87.0,0.0,16.7,
50880,2011-03-10 23:52:00,gilroy,CA,37.0058333,-121.5672222,9q9d98t,2011,3,spring,00,5.333,56,55.6,49.9,1.0,0.0,1.0,
50881,2011-03-11 00:00:00,los angeles,CA,34.0522222,-118.2427778,9q5ctr4,2011,3,spring,00,2.667,12,54.1,50.4,1.0,0.0,2.9,
50882,2011-03-11 00:08:00,baraboo,WI,43.4711111,-89.7441667,dp8pmcd,2011,3,spring,00,2.667,12,24.5,20.0,0.0,0.0,7.3,
50883,2011-03-11 01:30:00,orland,CA,39.7475,-122.1952778,9r1457u,2011,3,spring,02,2.667,12,45.7,41.5,99.0,0.0,2.6,
50884,2011-03-11 01:30:00,north windham,CT,41.7494444,-72.155,drktw06,2011,3,spring,02,2.667,12,45.6,45.6,100.0,0.0,16.3,
50885,2011-03-11 05:10:00,appleton (lawrence university),WI,44.2619444,-88.4152778,dpc5u19,2011,3,spring,05,2.667,12,18.7,13.3,0.0,0.0,5.1,
50886,2011-03-11 13:30:00,west palm beach,FL,26.7052778,-80.0366667,dhxpftx,2011,3,spring,14,2.667,12,65.1,38.0,0.0,0.0,10.3,
50887,2011-03-11 20:30:00,mesa,AZ,33.4222222,-111.8219444,9tbqpkm,2011,3,spring,20,2.667,12,77.6,13.3,82.0,0.0,1.1,
50888,2011-03-11 21:26:00,north platte,NE,41.1238889,-100.765,9z23gn3,2011,3,spring,21,2.667,12,43.1,23.8,84.0,0.0,6.7,
50889,2011-03-11 21:55:00,toms river,NJ,39.9536111,-74.1983333,dr55r96,2011,3,spring,22,2.667,12,44.6,32.6,3.0,0.0,9.9,
50890,2011-03-11 22:00:00,colleyville,TX,32.8808333,-97.1547222,9vfgj1y,2011,3,spring,22,2.667,12,65.2,30.0,0.0,0.0,14.4,
50891,2011-03-11 22:33:00,waretown,NJ,39.7913889,-74.1955556,dr54reu,2011,3,spring,23,2.667,12,43.0,30.9,24.0,0.0,10.8,
50892,2011-03-11 23:00:00,tomball,TX,30.0969444,-95.6158333,9vk50ny,2011,3,spring,23,2.667,12,57.5,46.5,88.0,0.0,8.6,
50893,2011-03-11 23:00:00,comfort,TX,29.9675,-98.9047222,9v3dmr7,2011,3,spring,23,2.667,12,59.9,43.8,0.0,0.0,12.8,
50894,2011-03-12 04:00:00,spring grove,PA,39.8744444,-76.8661111,dr16ffg,2011,3,spring,04,0.333,2,35.0,27.1,3.0,0.0,8.1,
50895,2011-03-12 07:30:00,santa cruz,CA,36.9741667,-122.0297222,9q94r4u,2011,3,spring,08,0.333,2,49.2,44.0,55.0,0.0,1.6,
50896,2011-03-12 17:45:00,englewood,FL,26.9616667,-82.3527778,dhv3qh0,2011,3,spring,18,0.333,2,69.3,37.2,0.0,0.0,5.4,
50897,2011-03-12 20:30:00,kenner,LA,29.9938889,-90.2416667,9vrfds0,2011,3,spring,20,0.333,2,62.2,54.5,28.0,0.0,8.5,
50898,2011-03-12 20:35:00,fort worth,TX,32.7252778,-97.3205556,9vff1mm,2011,3,spring,21,0.333,2,72.3,49.5,99.0,0.0,12.2,
50899,2011-03-12 22:00:00,morgan mill,TX,32.3880556,-98.1669444,9vf0q0j,2011,3,spring,22,0.333,2,72.5,48.7,96.0,0.0,14.2,
50900,2011-03-12 22:35:00,mt. vernon,TX,33.1886111,-95.2211111,9vukc1y,2011,3,spring,23,0.333,2,62.0,50.9,18.0,0.0,8.1,
50901,2011-03-13 00:40:00,lorain,OH,41.4527778,-82.1825,dpmecfh,2011,3,spring,01,1.667,6,33.1,27.0,23.0,0.0,15.4,
50902,2011-03-13 01:00:00,henrico,VA,36.5925,-78.6163889,dq805j3,2011,3,spring,01,1.667,6,52.5,39.4,43.0,0.0,10.2,
50903,2011-03-13 15:00:00,atlanta,GA,33.7488889,-84.3880556,djgzzxy,2011,3,spring,15,1.667,6,70.2,52.2,45.0,0.0,5.4,
50904,2011-03-13 16:30:00,four oaks,NC,35.4447222,-78.4272222,dq21xke,2011,3,spring,16,1.667,6,73.5,48.5,5.0,0.0,5.8,
50905,2011-03-13 20:19:00,visalia,CA,36.3302778,-119.2911111,9q7ntmw,2011,3,spring,20,1.667,6,57.1,50.4,71.0,0.0,4.9,
50906,2011-03-13 22:00:00,plattekill,NY,41.6175,-74.0763889,dr7kf25,2011,3,spring,22,1.667,6,36.1,26.9,70.0,0.0,7.2,
50907,2011-03-13 23:00:00,aspen,CO,39.1911111,-106.8169444,9wuncqd,2011,3,spring,23,1.667,6,26.7,19.2,0.0,0.0,2.5,
50908,2011-03-13 23:34:00,san antonio,TX,29.4238889,-98.4933333,9v1zqsr,2011,3,spring,00,1.667,6,62.1,57.9,63.0,0.0,9.8,
50909,2011-03-14 06:45:00,union city,CA,37.5958333,-122.0180556,9q9jzkj,2011,3,spring,07,0.333,2,53.8,53.7,100.0,0.01,2.6,
50910,2011-03-14 12:00:00,alhambra,CA,34.0952778,-118.1261111,9q5czyz,2011,3,spring,12,0.333,2,71.6,46.7,89.0,0.0,4.6,
50911,2011-03-14 19:30:00,lake havasu city,AZ,34.4838889,-114.3216667,9qnsnt9,2011,3,spring,20,0.333,2,79.1,38.0,99.0,0.0,0.5,
50912,2011-03-14 21:00:00,des moines,IA,41.6005556,-93.6088889,9zmktvh,2011,3,spring,21,0.333,2,34.6,27.1,0.0,0.0,6.3,
50913,2011-03-14 21:00:00,perry,GA,32.4580556,-83.7316667,dju2wsu,2011,3,spring,21,0.333,2,61.4,47.4,87.0,0.0,6.9,
50914,2011-03-15 00:00:00,east moline,IL,41.5008333,-90.4441667,9zrsjfu,2011,3,spring,00,0.0,0,32.9,27.7,98.0,0.0,6.5,
50915,2011-03-15 00:03:00,hooper bay,AK,61.5311111,-166.0966667,b6cyh3k,2011,3,spring,00,0.0,0,8.2,1.4,1.0,0.0,10.7,
50916,2011-03-15 12:00:00,glasgow,MT,48.1969444,-106.6361111,c8s4jmv,2011,3,spring,12,0.0,0,36.7,30.0,45.0,0.0,7.3,
50917,2011-03-15 13:10:00,ruthven,IA,43.1291667,-94.8988889,9zst2e2,2011,3,spring,13,0.0,0,48.0,30.3,99.0,0.01,9.2,
50918,2011-03-15 14:00:00,las vegas,NV,36.175,-115.1363889,9qqju12,2011,3,spring,14,0.0,0,76.6,26.9,19.0,0.0,2.3,
50919,2011-03-15 15:00:00,boardman,OH,41.0241667,-80.6630556,dpq9kkn,2011,3,spring,15,0.0,0,43.8,41.4,100.0,0.04,6.6,
50920,2011-03-15 20:30:00,dillon,CO,39.6302778,-106.0427778,9xh96yq,2011,3,spring,20,0.0,0,28.7,21.3,2.0,0.0,5.0,
50921,2011-03-16 02:39:00,holts summit,MO,38.6402778,-92.1222222,9yy7zdn,2011,3,spring,03,1.333,5,28.9,24.8,1.0,0.0,6.1,
50922,2011-03-16 10:30:00,greensboro,NC,36.0725,-79.7922222,dnrm0qc,2011,3,spring,10,1.333,5,47.9,45.8,100.0,0.0,4.0,
50923,2011-03-16 10:30:00,canoga park,CA,34.2011111,-118.5972222,9q5dt60,2011,3,spring,10,1.333,5,62.4,53.2,60.0,0.0,2.7,
50924,2011-03-16 15:20:00,downey,CA,33.94,-118.1316667,9q5cpfe,2011,3,spring,15,1.333,5,68.1,54.2,64.0,0.0,5.2,
50925,2011-03-16 16:30:00,wayland,MI,42.6738889,-85.6447222,dpe4g0e,2011,3,spring,16,1.333,5,53.2,35.9,7.0,0.0,8.4,
50926,2011-03-16 21:16:00,chamberlain,SD,43.8108333,-99.3302778,9zc35xt,2011,3,spring,21,1.333,5,50.2,38.3,77.0,0.0,7.2,
50927,2011-03-16 21:35:00,louisville,KY,38.2541667,-85.7594444,dng187z,2011,3,spring,22,1.333,5,47.1,37.8,0.0,0.0,6.5,
50928,2011-03-16 21:45:00,salinas,CA,36.6777778,-121.6544444,9q92xsv,2011,3,spring,22,1.333,5,49.8,43.2,100.0,0.0,5.1,
50929,2011-03-17 17:30:00,middletown,NY,41.4458333,-74.4233333,dr75f2y,2011,3,spring,18,0.667,3,57.6,38.5,98.0,0.0,4.5,
50930,2011-03-17 19:00:00,dahlonega,GA,34.5325,-83.985,dnhk2y7,2011,3,spring,19,0.667,3,65.3,47.9,0.0,0.0,6.3,
50931,2011-03-17 20:25:00,lawton,OK,34.6086111,-98.39,9y4hch6,2011,3,spring,20,0.667,3,82.5,51.7,0.0,0.0,12.8,
50932,2011-03-17 21:15:00,bristol,VA,36.5963889,-82.1886111,dnt81y0,2011,3,spring,21,0.667,3,56.7,43.0,0.0,0.0,3.2,
50933,2011-03-17 23:00:00,machesney park,IL,42.3472222,-89.0388889,dp88vv5,2011,3,spring,23,0.667,3,52.3,48.0,77.0,0.0,10.9,
50934,2011-03-17 23:30:00,raleigh,NC,35.7719444,-78.6388889,dq25d80,2011,3,spring,00,0.667,3,50.0,40.2,13.0,0.0,7.5,
50935,2011-03-18 00:40:00,beverly,WA,46.8369444,-119.9319444,c26dqyk,2011,3,spring,01,0.333,2,39.9,28.9,99.0,0.0,3.9,
50936,2011-03-18 05:00:00,seattle,WA,47.6063889,-122.3308333,c23nb63,2011,3,spring,05,0.333,2,37.7,27.2,100.0,0.0,8.3,
50937,2011-03-18 19:00:00,arizona city,AZ,32.7558333,-111.6702778,9tbd6gh,2011,3,spring,19,0.333,2,81.2,24.8,60.0,0.0,9.2,
50938,2011-03-18 19:00:00,fredericksburg,VA,38.3030556,-77.4608333,dqbcvkf,2011,3,spring,19,0.333,2,72.1,58.3,28.0,0.0,4.2,
50939,2011-03-18 19:35:00,glendale,AZ,33.5386111,-112.1852778,9tbnz1t,2011,3,spring,20,0.333,2,77.6,24.6,69.0,0.0,5.2,
50940,2011-03-18 19:40:00,litchfield park,AZ,33.4933333,-112.3572222,9tbne1r,2011,3,spring,20,0.333,2,77.9,24.6,69.0,0.0,5.2,
50941,2011-03-18 19:40:00,surprise,AZ,33.6305556,-112.3325,9tbp7f3,2011,3,spring,20,0.333,2,77.3,24.4,69.0,0.0,4.7,
50942,2011-03-18 20:40:00,walhalla,SC,34.7647222,-83.0641667,dnhvvbd,2011,3,spring,21,0.333,2,65.3,53.7,0.0,0.0,7.3,
50943,2011-03-19 03:40:00,waxahachie,TX,32.3863889,-96.8480556,9vg0hpv,2011,3,spring,04,1.333,5,65.7,62.6,76.0,0.0,10.5,
50944,2011-03-19 19:45:00,ewing,NJ,40.2697222,-74.8002778,dr4v1fu,2011,3,spring,20,1.333,5,43.7,25.0,0.0,0.0,8.4,
50945,2011-03-19 20:00:00,belen,NM,34.6627778,-106.7758333,9whj4q0,2011,3,spring,20,1.333,5,68.2,0.3,7.0,0.0,8.3,
50946,2011-03-19 20:00:00,north bend,WA,47.4958333,-121.7855556,c23qhwq,2011,3,spring,20,1.333,5,41.7,36.7,98.0,0.0,2.1,
50947,2011-03-19 20:50:00,taylors,SC,34.9202778,-82.2963889,dnjqxm1,2011,3,spring,21,1.333,5,63.4,55.1,98.0,0.0,4.9,
50948,2011-03-19 21:00:00,elkhart,IN,41.6819444,-85.9766667,dp6v5ec,2011,3,spring,21,1.333,5,43.0,32.0,94.0,0.0,4.6,
50949,2011-03-19 21:30:00,elkhart,IN,41.6819444,-85.9766667,dp6v5ec,2011,3,spring,22,1.333,5,41.3,31.7,94.0,0.0,6.2,
50950,2011-03-19 21:30:00,san jose,CA,37.3394444,-121.8938889,9q9k6jr,2011,3,spring,22,1.333,5,49.5,47.1,100.0,0.17,19.5,
50951,2011-03-19 21:30:00,vero beach,FL,27.6383333,-80.3975,dhyv4x2,2011,3,spring,22,1.333,5,69.1,57.8,0.0,0.0,3.5,
50952,2011-03-19 22:00:00,lake worth,FL,26.6155556,-80.0572222,dhxp6m0,2011,3,spring,22,1.333,5,68.0,61.1,0.0,0.0,4.7,
50953,2011-03-19 22:30:00,boise,ID,43.6136111,-116.2025,9rv25ex,2011,3,spring,22,1.333,5,39.1,25.4,92.0,0.0,7.1,
50954,2011-03-19 23:45:00,hockley,TX,30.0266667,-95.8441667,9v7fg40,2011,3,spring,00,1.333,5,65.7,64.6,73.0,0.0,9.4,
50955,2011-03-20 01:00:00,yacolt,WA,45.8661111,-122.405,c20uyte,2011,3,spring,01,0.667,3,35.0,31.2,84.0,0.0,5.6,
50956,2011-03-20 01:35:00,concord,NH,43.2080556,-71.5380556,drtju1g,2011,3,spring,02,0.667,3,24.8,16.3,6.0,0.0,5.7,
50957,2011-03-20 04:50:00,portland,OR,45.5236111,-122.675,c20fbrq,2011,3,spring,05,0.667,3,37.2,31.6,100.0,0.0,7.0,
50958,2011-03-20 19:00:00,chicago,IL,41.85,-87.65,dp3wj6x,2011,3,spring,19,0.667,3,49.1,43.1,69.0,0.0,8.9,
50959,2011-03-20 19:40:00,elliottsburg,PA,40.3888889,-77.2891667,dr1jc0x,2011,3,spring,20,0.667,3,42.2,26.0,79.0,0.0,7.2,
50960,2011-03-20 20:00:00,lafayette,CO,39.9936111,-105.0891667,9xj788s,2011,3,spring,20,0.667,3,53.4,24.0,100.0,0.0,2.3,
50961,2011-03-20 20:25:00,broomfield,CO,39.9205556,-105.0861111,9xj70eq,2011,3,spring,20,0.667,3,52.2,23.5,100.0,0.0,2.3,
50962,2011-03-20 20:45:00,lafayette,CO,39.9936111,-105.0891667,9xj788s,2011,3,spring,21,0.667,3,48.1,28.1,100.0,0.0,2.6,
50963,2011-03-20 21:35:00,goleta,CA,34.4358333,-119.8266667,9q4gckb,2011,3,spring,22,0.667,3,48.0,47.4,54.0,0.02,1.6,
50964,2011-03-20 22:00:00,sylvania,OH,41.7188889,-83.7130556,dpkmr4d,2011,3,spring,22,0.667,3,46.8,41.0,100.0,0.0,9.2,
50965,2011-03-20 22:00:00,lafayette (near denver),CO,39.9936111,-105.0891667,9xj788s,2011,3,spring,22,0.667,3,45.9,29.5,98.0,0.0,3.4,
50966,2011-03-21 00:55:00,des moines,IA,41.6005556,-93.6088889,9zmktvh,2011,3,spring,01,3.333,18,48.8,47.6,95.0,0.0,5.4,
50967,2011-03-21 18:30:00,sarasota,FL,27.3361111,-82.5308333,dhv79bq,2011,3,spring,18,3.333,18,79.5,58.8,30.0,0.0,11.5,
50968,2011-03-21 21:27:00,vero beach,FL,27.6383333,-80.3975,dhyv4x2,2011,3,spring,21,3.333,18,68.9,56.1,2.0,0.0,4.3,
50969,2011-03-22 02:00:00,livermore,CA,37.6819444,-121.7669444,9q9qm5u,2011,3,spring,02,2.0,7,39.9,37.6,98.0,0.0,4.3,
50970,2011-03-22 05:00:00,faribault,MN,44.295,-93.2686111,9zvevxe,2011,3,spring,05,2.0,7,36.9,34.3,100.0,0.15,14.1,
50971,2011-03-22 15:00:00,shaver lake,CA,37.1041667,-119.3166667,9qe5hfs,2011,3,spring,15,2.0,7,35.4,21.8,40.0,0.0,5.2,
50972,2011-03-22 17:45:00,seattle,WA,47.6063889,-122.3308333,c23nb63,2011,3,spring,18,2.0,7,48.7,35.2,92.0,0.0,3.2,
50973,2011-03-22 19:30:00,dillon,SC,34.4163889,-79.3713889,dnpecc7,2011,3,spring,20,2.0,7,75.2,47.8,47.0,0.0,5.3,
50974,2011-03-22 20:00:00,bark river,MI,45.7102778,-87.3047222,f01uj36,2011,3,spring,20,2.0,7,29.5,23.2,100.0,0.0,12.9,
50975,2011-03-22 20:30:00,holden beach,NC,33.9133333,-78.3041667,dq02fjs,2011,3,spring,20,2.0,7,68.8,60.3,35.0,0.0,12.4,
50976,2011-03-22 21:40:00,mesa,AZ,33.4222222,-111.8219444,9tbqpkm,2011,3,spring,22,2.0,7,51.1,40.6,0.0,0.0,4.4,
50977,2011-03-22 21:50:00,shady spring,WV,37.7055556,-81.0986111,dnwqd81,2011,3,spring,22,2.0,7,56.5,50.2,100.0,0.0,5.7,
50978,2011-03-22 22:02:00,university place,WA,47.2358333,-122.5491667,c22uer4,2011,3,spring,22,2.0,7,42.3,37.4,40.0,0.0,3.0,
50979,2011-03-22 22:40:00,palm coast,FL,29.5847222,-81.2080556,djq221d,2011,3,spring,23,2.0,7,70.4,60.2,0.0,0.0,6.2,
50980,2011-03-23 00:05:00,burlington,MA,42.5047222,-71.1961111,drt3gcs,2011,3,spring,00,0.0,0,33.0,24.6,4.0,0.0,7.4,
50981,2011-03-23 21:10:00,san antonio,TX,29.4238889,-98.4933333,9v1zqsr,2011,3,spring,21,0.0,0,75.4,60.1,13.0,0.0,7.2,
50982,2011-03-23 21:20:00,shawnee,OK,35.3272222,-96.925,9y70frj,2011,3,spring,21,0.0,0,61.1,34.4,0.0,0.0,5.7,
50983,2011-03-23 22:00:00,seaside,OR,45.9933333,-123.9213889,c0pvshg,2011,3,spring,22,0.0,0,45.1,41.3,86.0,0.0,5.4,
50984,2011-03-23 22:00:00,eau claire,WI,44.8113889,-91.4983333,9zyyvvs,2011,3,spring,22,0.0,0,17.1,8.8,1.0,0.0,8.9,
50985,2011-03-24 00:10:00,brighton,MI,42.5294444,-83.7802778,dps3vw1,2011,3,spring,00,0.0,0,25.6,22.5,100.0,0.0,10.6,
50986,2011-03-24 01:00:00,st. charles,MO,38.7838889,-90.4811111,9yzsth3,2011,3,spring,01,0.0,0,44.4,25.9,99.0,0.0,14.8,
50987,2011-03-24 01:30:00,haltom city,TX,32.7994444,-97.2688889,9vffddf,2011,3,spring,02,0.0,0,58.8,31.6,0.0,0.0,6.9,
50988,2011-03-24 05:40:00,vancouver,WA,45.6388889,-122.6602778,c20g8u3,2011,3,spring,06,0.0,0,36.9,36.1,94.0,0.02,6.2,
50989,2011-03-24 10:16:00,laporte,IN,41.6105556,-86.7225,dp6kdwf,2011,3,spring,10,0.0,0,30.0,17.1,83.0,0.0,9.0,
50990,2011-03-24 20:40:00,holt (near),FL,30.7155556,-86.7458333,dj6qdp9,2011,3,spring,21,0.0,0,66.3,37.8,0.0,0.0,6.5,
50991,2011-03-24 20:45:00,marana,AZ,32.4366667,-111.2247222,9tbbt0b,2011,3,spring,21,0.0,0,63.4,18.9,0.0,0.0,4.4,
50992,2011-03-24 21:50:00,coral gables,FL,25.7211111,-80.2686111,dhwfm6q,2011,3,spring,22,0.0,0,75.2,62.2,0.0,0.0,7.9,
50993,2011-03-24 23:05:00,smyrna,DE,39.2997222,-75.605,dqfpxd6,2011,3,spring,23,0.0,0,37.8,23.1,0.0,0.0,9.1,
50994,2011-03-25 06:35:00,port orange,FL,29.1380556,-80.9958333,djnmubk,2011,3,spring,07,0.333,2,61.7,57.1,0.0,0.0,6.5,
50995,2011-03-25 07:00:00,hollywood,FL,26.0108333,-80.1497222,dhx5bph,2011,3,spring,07,0.333,2,67.2,65.8,81.0,0.0,7.9,
50996,2011-03-25 11:15:00,atlantic city,NJ,39.3641667,-74.4233333,dqgpfqn,2011,3,spring,11,0.333,2,35.9,18.8,0.0,0.0,6.2,
50997,2011-03-25 19:00:00,holladay,UT,40.6688889,-111.8238889,9x0rr7s,2011,3,spring,19,0.333,2,41.2,18.1,16.0,0.0,2.7,
50998,2011-03-25 20:30:00,myrtle beach,SC,33.6888889,-78.8869444,djzzsuu,2011,3,spring,20,0.333,2,57.9,50.9,2.0,0.0,6.7,
50999,2011-03-25 20:30:00,chesapeake,VA,36.8188889,-76.2752778,dq9c2qd,2011,3,spring,20,0.333,2,48.1,33.9,94.0,0.0,5.9,
51000,2011-03-25 22:00:00,tomahawk,WI,45.4711111,-89.7297222,f004wju,2011,3,spring,22,0.333,2,13.6,4.2,0.0,0.0,10.3,
51001,2011-03-25 23:00:00,naples,FL,26.1416667,-81.795,dhtudwy,2011,3,spring,23,0.333,2,70.5,67.9,33.0,0.0,5.0,
51002,2011-03-26 00:50:00,stratford,CT,41.1844444,-73.1336111,dr7frc3,2011,3,spring,01,0.0,0,29.4,9.3,0.0,0.0,11.0,
51003,2011-03-26 11:20:00,dunnellon,FL,29.0488889,-82.4611111,djjm781,2011,3,spring,11,0.0,0,75.0,62.4,0.0,0.0,3.0,
51004,2011-03-26 18:00:00,billings,MT,45.7833333,-108.5,c84u7n8,2011,3,spring,18,0.0,0,49.0,27.1,15.0,0.0,7.9,
51005,2011-03-26 21:00:00,seward,AK,60.1041667,-149.4422222,bdttzme,2011,3,spring,21,0.0,0,35.1,29.4,7.0,0.0,2.7,
51006,2011-03-26 21:00:00,jacksonville,FL,30.3319444,-81.6558333,djmutcu,2011,3,spring,21,0.0,0,74.5,59.5,54.0,0.0,8.4,
51007,2011-03-26 21:30:00,san diego,CA,32.7152778,-117.1563889,9mudn59,2011,3,spring,22,0.0,0,53.2,49.0,37.0,0.0,3.4,
51008,2011-03-26 22:00:00,morrisville,PA,40.2113889,-74.7883333,dr4uf0k,2011,3,spring,22,0.0,0,30.0,13.4,100.0,0.0,5.4,
51009,2011-03-26 22:30:00,modesto,CA,37.6391667,-120.9958333,9q9ynsj,2011,3,spring,22,0.0,0,47.9,46.3,31.0,0.0,4.4,
51010,2011-03-27 06:40:00,greenfield (rural),MO,37.4152778,-93.8408333,9ytkbe5,2011,3,spring,07,0.0,0,31.7,26.2,95.0,0.0,8.5,
51011,2011-03-27 08:39:00,moss bluff,LA,30.3025,-93.1905556,9vmsrkk,2011,3,spring,09,0.0,0,70.4,68.6,100.0,0.01,2.9,
51012,2011-03-27 11:15:00,ann arbor,MI,42.2708333,-83.7263889,dps2qz0,2011,3,spring,11,0.0,0,27.9,3.4,0.0,0.0,5.6,
51013,2011-03-27 22:59:00,independence,MO,39.0911111,-94.4152778,9yuy7s2,2011,3,spring,23,0.0,0,34.5,28.3,99.0,0.01,4.6,
51014,2011-03-28 00:00:00,traverse city,MI,44.7630556,-85.6205556,dpgnesv,2011,3,spring,00,0.0,0,12.3,5.3,0.0,0.0,6.3,
51015,2011-03-28 00:05:00,pembroke pines,FL,26.0027778,-80.2241667,dhwgymw,2011,3,spring,00,0.0,0,76.0,69.7,100.0,0.0,6.7,
51016,2011-03-28 02:25:00,wayne,MI,42.2813889,-83.3863889,dps8w3p,2011,3,spring,02,0.0,0,20.0,13.0,0.0,0.0,4.4,
51017,2011-03-28 03:45:00,prescott,AZ,34.54,-112.4677778,9w0h2xz,2011,3,spring,04,0.0,0,38.7,30.4,0.0,0.0,4.0,
51018,2011-03-28 11:00:00,huntley,IL,42.1680556,-88.4280556,dp3pgu2,2011,3,spring,11,0.0,0,30.4,2.9,17.0,0.0,8.7,
51019,2011-03-28 13:30:00,reading,PA,40.3355556,-75.9272222,dr4j2nz,2011,3,spring,14,0.0,0,41.5,13.1,87.0,0.0,9.6,
51020,2011-03-28 19:00:00,smyrna,TN,35.9827778,-86.5186111,dn6kxnr,2011,3,spring,19,0.0,0,50.1,39.0,12.0,0.0,3.8,
51021,2011-03-28 20:30:00,sacramento,CA,38.5816667,-121.4933333,9qce7re,2011,3,spring,20,0.0,0,54.2,42.5,96.0,0.0,4.0,
51022,2011-03-28 23:30:00,nashville,TN,36.1658333,-86.7844444,dn6m9pv,2011,3,spring,00,0.0,0,41.7,31.0,78.0,0.01,6.8,
51023,2011-03-29 04:58:00,la jolla,CA,32.8472222,-117.2733333,9mudg7s,2011,3,spring,05,1.333,5,50.9,48.8,85.0,0.0,3.7,
51024,2011-03-29 09:46:00,rancho cucamonga,CA,34.1063889,-117.5922222,9qh6h0g,2011,3,spring,10,1.333,5,63.3,47.9,12.0,0.0,0.4,
51025,2011-03-29 17:43:00,virginia beach,VA,36.8527778,-75.9783333,dq9cxhf,2011,3,spring,18,1.333,5,46.7,31.2,3.0,0.0,6.7,
51026,2011-03-29 20:00:00,myrtle beach,SC,33.6888889,-78.8869444,djzzsuu,2011,3,spring,20,1.333,5,55.8,48.1,3.0,0.0,5.5,
51027,2011-03-29 20:00:00,oakdale,NY,40.7438889,-73.1391667,dr5zz9j,2011,3,spring,20,1.333,5,41.0,24.7,0.0,0.0,10.5,
51028,2011-03-29 20:18:00,mead,CO,40.2333333,-104.9980556,9xjkfsq,2011,3,spring,20,1.333,5,39.7,18.6,98.0,0.0,5.2,
51029,2011-03-29 21:00:00,baltimore,MD,39.2902778,-76.6125,dqcx88s,2011,3,spring,21,1.333,5,39.3,28.3,54.0,0.0,5.2,
51030,2011-03-29 21:00:00,fond du lac,WI,43.7730556,-88.4469444,dpc152d,2011,3,spring,21,1.333,5,25.4,18.0,11.0,0.0,4.8,
51031,2011-03-29 21:00:00,ocean isle beach,NC,33.8941667,-78.4269444,dq00z65,2011,3,spring,21,1.333,5,55.7,46.5,4.0,0.0,7.9,
51032,2011-03-29 23:00:00,yucaipa,CA,34.0336111,-117.0422222,9qhc8es,2011,3,spring,23,1.333,5,53.3,49.7,39.0,0.0,3.2,
51033,2011-03-30 00:00:00,floyd,IA,43.1277778,-92.7361111,9zwj3ep,2011,3,spring,00,0.333,2,27.1,18.1,0.0,0.0,4.1,
51034,2011-03-30 01:45:00,easton,MD,38.7741667,-76.0766667,dqcusfd,2011,3,spring,02,0.333,2,39.4,30.8,55.0,0.0,3.5,
51035,2011-03-30 19:10:00,benson,AZ,31.9677778,-110.2938889,9t9tf5w,2011,3,spring,19,0.333,2,70.4,20.0,43.0,0.0,6.9,
51036,2011-03-30 21:00:00,chico,CA,39.7286111,-121.8363889,9r16583,2011,3,spring,21,0.333,2,62.1,50.3,0.0,0.0,7.3,
51037,2011-03-30 23:30:00,ann arbor,MI,42.2708333,-83.7263889,dps2qz0,2011,3,spring,00,0.333,2,24.5,18.1,32.0,0.0,7.0,
51038,2011-03-31 00:00:00,bloomington,IL,40.4841667,-88.9936111,dp0wqcu,2011,3,spring,00,1.0,4,35.8,23.8,93.0,0.0,7.1,
51039,2011-03-31 00:15:00,escondido,CA,33.1191667,-117.0855556,9musrth,2011,3,spring,00,1.0,4,58.2,55.6,0.0,0.0,2.9,
51040,2011-03-31 15:30:00,las vegas,NV,36.175,-115.1363889,9qqju12,2011,3,spring,16,1.0,4,86.3,25.3,2.0,0.0,3.2,
51041,2011-03-31 19:30:00,arizona city,AZ,32.7558333,-111.6702778,9tbd6gh,2011,3,spring,20,1.0,4,84.3,28.3,0.0,0.0,5.7,
51042,2011-03-31 20:00:00,richmond,ME,44.0872222,-69.7994444,dry6g9v,2011,3,spring,20,1.0,4,36.4,31.6,100.0,0.0,4.3,
51043,2011-03-31 20:00:00,woolwich,ME,43.9186111,-69.8016667,dry3ge5,2011,3,spring,20,1.0,4,37.5,32.2,100.0,0.0,4.3,
51044,2011-03-31 21:00:00,sedona,AZ,34.8697222,-111.7602778,9w0w2gf,2011,3,spring,21,1.0,4,58.1,36.5,0.0,0.0,4.6,
51045,2011-03-31 23:24:00,russellville,AR,35.2783333,-93.1336111,9ymb8wn,2011,3,spring,23,1.0,4,44.3,42.9,78.0,0.0,1.0,
51046,2011-04-01 00:02:00,new berlin,WI,42.9763889,-88.1083333,dp9k7p9,2011,4,spring,00,3.333,18,27.3,14.7,69.0,0.0,3.4,
51047,2011-04-01 01:00:00,melbourne,FL,28.0833333,-80.6083333,dhyxv8q,2011,4,spring,01,3.333,18,69.2,66.8,89.0,0.0,10.2,
51048,2011-04-01 08:00:00,wichita,KS,37.6922222,-97.3372222,9ydy3j9,2011,4,spring,08,3.333,18,41.2,38.7,2.0,0.0,3.2,
51049,2011-04-01 21:00:00,lakewood,CO,39.7047222,-105.0808333,9xj3bu4,2011,4,spring,21,3.333,18,50.8,35.1,26.0,0.0,3.2,
51050,2011-04-01 21:00:00,homer glen,IL,41.6,-87.9380556,dp3kwvj,2011,4,spring,21,3.333,18,39.1,36.4,62.0,0.01,6.5,
51051,2011-04-01 21:10:00,cheyenne,WY,41.14,-104.8197222,9xm6nc2,2011,4,spring,21,3.333,18,48.0,22.8,16.0,0.0,4.9,
51052,2011-04-01 22:10:00,conway,AR,35.0886111,-92.4419444,9ynr87t,2011,4,spring,22,3.333,18,55.2,48.9,0.0,0.0,7.2,
51053,2011-04-01 22:15:00,garden city,SC,33.5927778,-79.0088889,djzz457,2011,4,spring,22,3.333,18,54.2,39.1,2.0,0.0,7.2,
51054,2011-04-01 22:30:00,fort myers,FL,26.6402778,-81.8725,dhtz8cw,2011,4,spring,22,3.333,18,70.1,55.7,0.0,0.0,4.6,
51055,2011-04-01 22:35:00,adrian,MN,43.635,-95.9325,9zgb1p8,2011,4,spring,23,3.333,18,38.1,22.9,0.0,0.0,8.8,
51056,2011-04-01 23:30:00,naches,WA,46.7311111,-120.6983333,c261v7n,2011,4,spring,00,3.333,18,44.2,35.4,33.0,0.0,4.2,
51057,2011-04-02 00:01:00,escondido,CA,33.1191667,-117.0855556,9musrth,2011,4,spring,00,3.333,18,58.0,56.7,25.0,0.0,2.7,
51058,2011-04-02 00:30:00,sedona,AZ,34.8697222,-111.7602778,9w0w2gf,2011,4,spring,00,3.333,18,67.3,13.9,0.0,0.0,1.4,
51059,2011-04-02 00:36:00,springville,NY,42.5083333,-78.6675,dr81cfk,2011,4,spring,01,3.333,18,28.3,24.8,62.0,0.0,7.4,
51060,2011-04-02 01:30:00,deerfield,IL,42.1711111,-87.8444444,dp3xcj1,2011,4,spring,02,3.333,18,34.0,31.0,0.0,0.0,9.9,
51061,2011-04-02 06:15:00,rocky mount,MO,38.2722222,-92.7194444,9yy1dp5,2011,4,spring,06,3.333,18,40.4,36.1,61.0,0.0,3.8,
51062,2011-04-02 17:30:00,lincolnshire,IL,42.19,-87.9083333,dp92p87,2011,4,spring,18,3.333,18,45.3,31.6,5.0,0.0,3.1,
51063,2011-04-02 20:00:00,wichita falls,TX,33.9136111,-98.4930556,9y1bytz,2011,4,spring,20,3.333,18,81.0,57.6,0.0,0.0,14.0,
51064,2011-04-02 20:30:00,nokomis,FL,27.1188889,-82.4444444,dhv67bv,2011,4,spring,20,3.333,18,72.9,60.2,0.0,0.0,7.3,
51065,2011-04-02 23:00:00,parsippany (west of),NJ,40.8577778,-74.4263889,dr706mu,2011,4,spring,23,3.333,18,38.8,25.6,4.0,0.0,8.5,
51066,2011-04-03 03:30:00,kearns,UT,40.66,-111.9955556,9x0r73z,2011,4,spring,04,2.667,12,35.0,32.6,100.0,0.04,4.4,
51067,2011-04-03 14:35:00,henderson,NV,36.0397222,-114.9811111,9qqjp8c,2011,4,spring,15,2.667,12,75.5,33.3,27.0,0.0,10.4,
51068,2011-04-03 22:15:00,boulder creek,CA,37.1261111,-122.1211111,9q95jnd,2011,4,spring,22,2.667,12,52.5,45.3,82.0,0.0,3.8,
51069,2011-04-03 22:30:00,phoenix,AZ,33.4483333,-112.0733333,9tbq39n,2011,4,spring,22,2.667,12,74.8,31.0,0.0,0.0,5.2,
51070,2011-04-03 23:45:00,san bernardino,CA,34.1083333,-117.2888889,9qhd510,2011,4,spring,00,2.667,12,53.4,51.0,57.0,0.0,3.2,
51071,2011-04-04 03:00:00,venice,CA,33.9908333,-118.4591667,9q5c27u,2011,4,spring,03,1.667,6,53.9,49.8,35.0,0.0,4.4,
51072,2011-04-04 04:00:00,wasilla,AK,61.5813889,-149.4394444,bdvwr6t,2011,4,spring,04,1.667,6,25.4,23.8,96.0,0.0,2.3,
51073,2011-04-04 06:00:00,orange,CA,33.7877778,-117.8522222,9qh0nny,2011,4,spring,06,1.667,6,50.0,49.8,58.0,0.0,2.8,
51074,2011-04-04 08:30:00,las vegas,NV,36.175,-115.1363889,9qqju12,2011,4,spring,08,1.667,6,51.2,10.3,0.0,0.0,5.3,
51075,2011-04-04 20:32:00,lipan (sw of),TX,32.5183333,-98.0455556,9vf2bzv,2011,4,spring,21,1.667,6,58.6,8.3,0.0,0.0,10.6,
51076,2011-04-04 20:41:00,venice,CA,33.9908333,-118.4591667,9q5c27u,2011,4,spring,21,1.667,6,62.4,57.6,0.0,0.0,5.4,
51077,2011-04-04 22:30:00,carson city,NV,39.1638889,-119.7663889,9qfyf9s,2011,4,spring,22,1.667,6,41.9,38.0,0.0,0.0,5.3,
51078,2011-04-04 23:27:00,buellton,CA,34.6136111,-120.1916667,9q4sbvp,2011,4,spring,23,1.667,6,58.6,52.9,0.0,0.0,2.5,
51079,2011-04-04 23:30:00,vancouver,WA,45.6388889,-122.6602778,c20g8u3,2011,4,spring,00,1.667,6,42.7,36.9,100.0,0.0,3.3,
51080,2011-04-05 03:00:00,grand rapids,MI,42.9633333,-85.6680556,dpeh6t4,2011,4,spring,03,2.667,12,33.2,24.9,0.0,0.0,11.5,
51081,2011-04-05 11:30:00,west covina,CA,34.09,-117.8894444,9qh1vmg,2011,4,spring,12,2.667,12,72.5,47.5,4.0,0.0,3.3,
51082,2011-04-05 18:25:00,simi valley,CA,34.2694444,-118.7805556,9q5dcnd,2011,4,spring,18,2.667,12,63.6,53.5,0.0,0.0,3.9,
51083,2011-04-05 20:00:00,la jolla,CA,32.8472222,-117.2733333,9mudg7s,2011,4,spring,20,2.667,12,58.3,53.8,90.0,0.0,4.9,
51084,2011-04-05 20:35:00,new castle,PA,41.0036111,-80.3472222,dpqc78k,2011,4,spring,21,2.667,12,37.3,19.9,0.0,0.0,7.4,
51085,2011-04-05 20:40:00,vacaville,CA,38.3566667,-121.9866667,9qc60ns,2011,4,spring,21,2.667,12,60.2,53.2,49.0,0.0,4.9,
51086,2011-04-05 21:16:00,lowry city,MO,38.14,-93.7266667,9yv2gpn,2011,4,spring,21,2.667,12,54.3,32.3,0.0,0.0,10.1,
51087,2011-04-05 22:00:00,san francisco,CA,37.775,-122.4183333,9q8yyk9,2011,4,spring,22,2.667,12,51.6,44.9,33.0,0.0,3.6,
51088,2011-04-05 23:15:00,center barnstead,NH,43.3391667,-71.26,drtqd3w,2011,4,spring,23,2.667,12,33.5,30.8,0.0,0.0,11.3,
51089,2011-04-06 01:00:00,mystic,CT,41.3541667,-71.9669444,drkg627,2011,4,spring,01,2.0,7,38.7,26.0,0.0,0.0,11.2,
51090,2011-04-06 01:23:00,south williamsport,PA,41.2319444,-76.9994444,dr34xf4,2011,4,spring,01,2.0,7,33.8,20.1,1.0,0.0,7.1,
51091,2011-04-06 03:15:00,hatfield,MA,42.3708333,-72.5986111,drs35cr,2011,4,spring,03,2.0,7,33.5,17.9,0.0,0.0,10.5,
51092,2011-04-06 15:21:00,san antonio,TX,29.4238889,-98.4933333,9v1zqsr,2011,4,spring,15,2.0,7,83.0,54.2,0.0,0.0,11.9,
51093,2011-04-06 17:00:00,las vegas,NV,36.175,-115.1363889,9qqju12,2011,4,spring,17,2.0,7,69.2,31.5,100.0,0.0,8.3,
51094,2011-04-06 17:39:00,bothell,WA,47.7625,-122.2041667,c23penv,2011,4,spring,18,2.0,7,41.4,34.7,83.0,0.05,2.3,
51095,2011-04-06 21:20:00,knoxville,TN,35.9605556,-83.9208333,dnkkd66,2011,4,spring,21,2.0,7,56.7,37.5,45.0,0.0,9.7,
51096,2011-04-07 01:40:00,grand forks,ND,47.9252778,-97.0325,cbdbxux,2011,4,spring,02,0.333,2,30.4,28.2,0.0,0.0,4.8,
51097,2011-04-07 02:00:00,san antonio,TX,29.4238889,-98.4933333,9v1zqsr,2011,4,spring,02,0.333,2,64.6,61.5,92.0,0.0,8.9,
51098,2011-04-07 05:03:00,fishers,IN,39.9555556,-86.0138889,dp4g69w,2011,4,spring,05,0.333,2,43.1,40.3,2.0,0.0,7.5,
51099,2011-04-07 09:00:00,new york,NY,40.7141667,-74.0063889,dr5regy,2011,4,spring,09,0.333,2,41.8,38.1,97.0,0.0,8.2,
51100,2011-04-07 19:00:00,valatie,NY,42.4133333,-73.6736111,dre9790,2011,4,spring,19,0.333,2,47.6,28.0,3.0,0.0,4.8,
51101,2011-04-07 20:47:00,murray,KY,36.6102778,-88.3147222,dn90q2e,2011,4,spring,21,0.333,2,62.5,54.7,1.0,0.0,9.6,
51102,2011-04-07 21:00:00,lexington,KY,37.9886111,-84.4777778,dngbjet,2011,4,spring,21,0.333,2,60.2,55.6,64.0,0.0,2.5,
51103,2011-04-07 21:54:00,stamford,CT,41.0533333,-73.5391667,dr79w9d,2011,4,spring,22,0.333,2,41.3,38.1,4.0,0.0,6.3,
51104,2011-04-07 23:05:00,munford,TN,35.4491667,-89.815,dn21sjq,2011,4,spring,23,0.333,2,63.8,58.5,37.0,0.0,5.4,
51105,2011-04-08 01:00:00,auburn,NY,42.9316667,-76.5663889,dr9s1xq,2011,4,spring,01,2.667,12,31.4,27.3,100.0,0.0,3.3,
51106,2011-04-08 03:00:00,corning,CA,39.9277778,-122.1780556,9r155u8,2011,4,spring,03,2.667,12,40.0,23.5,79.0,0.0,8.8,
51107,2011-04-08 03:57:00,easton,MA,42.0244444,-71.1291667,drmrj6m,2011,4,spring,04,2.667,12,33.3,31.3,5.0,0.0,5.7,
51108,2011-04-08 04:30:00,hollywood,FL,26.0108333,-80.1497222,dhx5bph,2011,4,spring,04,2.667,12,74.2,68.5,4.0,0.0,7.2,
51109,2011-04-08 12:40:00,spokane,WA,47.6588889,-117.425,c2krpuj,2011,4,spring,13,2.667,12,50.0,24.4,0.0,0.0,8.1,
51110,2011-04-08 20:30:00,unionville,TN,35.6216667,-86.5925,dn66ts9,2011,4,spring,20,2.667,12,70.2,64.5,3.0,0.0,6.8,
51111,2011-04-08 21:00:00,huntington beach,CA,33.6602778,-117.9983333,9mup6zs,2011,4,spring,21,2.667,12,46.6,39.3,73.0,0.0,4.2,
51112,2011-04-08 22:00:00,orlando,FL,28.5380556,-81.3794444,djn4k5j,2011,4,spring,22,2.667,12,75.5,66.1,36.0,0.0,2.2,
51113,2011-04-08 23:00:00,irmo,SC,34.0858333,-81.1833333,dnn3bth,2011,4,spring,23,2.667,12,69.1,64.5,3.0,0.0,9.1,
51114,2011-04-08 23:00:00,woodland,WA,45.9047222,-122.7427778,c20tnut,2011,4,spring,23,2.667,12,42.6,37.4,100.0,0.0,4.4,
51115,2011-04-09 00:00:00,garden grove,CA,33.7738889,-117.9405556,9qh0hhq,2011,4,spring,00,0.0,0,47.7,35.6,76.0,0.0,1.8,
51116,2011-04-09 00:15:00,annapolis,MD,38.9783333,-76.4925,dqcterg,2011,4,spring,00,0.0,0,42.2,39.6,100.0,0.01,8.5,
51117,2011-04-09 01:00:00,fortuna,CA,40.5983333,-124.1561111,9ppwyy8,2011,4,spring,01,0.0,0,45.0,42.8,92.0,0.0,6.5,
51118,2011-04-09 01:30:00,buffalo,NY,42.8863889,-78.8786111,dpxgvp4,2011,4,spring,02,0.0,0,37.5,34.7,65.0,0.0,5.4,
51119,2011-04-09 05:00:00,coeur d&#39alene,ID,47.6777778,-116.7794444,c2kznx7,2011,4,spring,05,0.0,0,33.5,26.2,3.0,0.0,3.3,
51120,2011-04-09 05:30:00,travelers rest,SC,34.9675,-82.4436111,dnjqgvw,2011,4,spring,06,0.0,0,55.3,54.4,70.0,0.0,2.2,
51121,2011-04-09 18:45:00,orlando,FL,28.5380556,-81.3794444,djn4k5j,2011,4,spring,19,0.0,0,84.0,64.8,3.0,0.0,3.5,
51122,2011-04-09 21:30:00,hampton,VA,37.0297222,-76.3455556,dq9dwtn,2011,4,spring,22,0.0,0,47.9,44.3,100.0,0.01,6.0,
51123,2011-04-09 22:05:00,asbury park,NJ,40.2202778,-74.0125,dr5kgcc,2011,4,spring,22,0.0,0,42.6,32.7,98.0,0.0,6.0,
51124,2011-04-09 22:15:00,college place,WA,46.0494444,-118.3872222,c25vfp1,2011,4,spring,22,0.0,0,48.8,33.3,93.0,0.0,9.7,
51125,2011-04-09 23:00:00,canton,IL,40.5580556,-90.035,9zpyxpq,2011,4,spring,23,0.0,0,71.0,65.5,96.0,0.0,14.3,
51126,2011-04-09 23:00:00,east peoria,IL,40.6661111,-89.58,dp0r3e1,2011,4,spring,23,0.0,0,71.1,65.7,94.0,0.0,14.7,
51127,2011-04-09 23:00:00,saunemin,IL,40.8930556,-88.4052778,dp30sk3,2011,4,spring,23,0.0,0,66.5,63.0,99.0,0.0,14.8,
51128,2011-04-09 23:30:00,sparland,IL,41.0286111,-89.4383333,dp23kv0,2011,4,spring,00,0.0,0,46.9,44.8,20.0,0.0,7.7,
51129,2011-04-09 23:55:00,farmington,NM,36.7280556,-108.2180556,9we0cqn,2011,4,spring,00,0.0,0,51.2,32.3,86.0,0.0,3.5,
51130,2011-04-10 05:30:00,freeport,TX,28.9538889,-95.3594444,9vhhwnc,2011,4,spring,06,0.333,2,71.5,69.2,7.0,0.0,17.9,
51131,2011-04-10 22:00:00,norcross,GA,33.9411111,-84.2136111,dnh15dv,2011,4,spring,22,0.333,2,69.2,59.8,0.0,0.0,6.1,
51132,2011-04-10 23:00:00,stockton,CA,37.9577778,-121.2897222,9q9xzyp,2011,4,spring,23,0.333,2,48.7,39.4,97.0,0.0,5.8,
51133,2011-04-11 01:08:00,los angeles,CA,34.0522222,-118.2427778,9q5ctr4,2011,4,spring,01,2.667,12,48.2,45.7,99.0,0.0,2.3,
51134,2011-04-11 05:30:00,salina,KS,38.8402778,-97.6111111,9yfsfy9,2011,4,spring,06,2.667,12,49.8,41.4,28.0,0.0,10.0,
51135,2011-04-11 12:55:00,manassas,VA,38.7508333,-77.4755556,dqbumn2,2011,4,spring,13,2.667,12,77.5,63.7,91.0,0.0,10.7,
51136,2011-04-11 21:00:00,lake forest,IL,42.2586111,-87.8405556,dp983hu,2011,4,spring,21,2.667,12,41.5,36.5,56.0,0.0,10.4,
51137,2011-04-11 21:00:00,bedford,TX,32.8438889,-97.1427778,9vffv7n,2011,4,spring,21,2.667,12,66.4,43.7,0.0,0.0,6.7,
51138,2011-04-11 22:00:00,ellensburg,WA,46.9966667,-120.5466667,c2672gk,2011,4,spring,22,2.667,12,35.7,26.4,0.0,0.0,6.6,
51139,2011-04-11 22:00:00,corvallis,OR,44.5647222,-123.2608333,9rbme0u,2011,4,spring,22,2.667,12,41.8,34.0,12.0,0.0,3.4,
51140,2011-04-11 22:30:00,wenatchee,WA,47.4236111,-120.3091667,c26my31,2011,4,spring,22,2.667,12,36.9,30.3,42.0,0.0,5.1,
51141,2011-04-11 22:50:00,kennewick,WA,46.2113889,-119.1361111,c25qbux,2011,4,spring,23,2.667,12,44.3,28.2,0.0,0.0,5.5,
51142,2011-04-11 23:00:00,rockford,IL,42.2711111,-89.0938889,dp88kx5,2011,4,spring,23,2.667,12,52.8,40.7,56.0,0.0,8.8,
51143,2011-04-12 03:00:00,louisville,KY,38.2541667,-85.7594444,dng187z,2011,4,spring,03,3.667,22,52.6,51.4,100.0,0.19,17.0,
51144,2011-04-12 12:30:00,carrollton,TX,32.9536111,-96.89,9vg57pn,2011,4,spring,12,3.667,22,72.2,38.6,6.0,0.0,3.2,
51145,2011-04-12 19:00:00,new boston,TX,33.4597222,-94.4152778,9vuy7e0,2011,4,spring,19,3.667,22,75.5,44.3,10.0,0.0,1.9,
51146,2011-04-12 20:30:00,ruther glen,VA,37.9286111,-77.4561111,dq8zv2w,2011,4,spring,20,3.667,22,62.2,53.2,32.0,0.0,6.1,
51147,2011-04-12 21:55:00,minot,ND,48.2325,-101.2958333,c8xfquq,2011,4,spring,22,3.667,22,37.6,24.6,0.0,0.0,6.0,
51148,2011-04-12 22:00:00,brazil,IN,39.5236111,-87.125,dp40c7j,2011,4,spring,22,3.667,22,51.7,40.5,0.0,0.0,5.4,
51149,2011-04-12 22:00:00,rosamond,CA,34.8641667,-118.1625,9q5yr4u,2011,4,spring,22,3.667,22,52.9,43.6,92.0,0.0,5.3,
51150,2011-04-12 23:00:00,brazil,IN,39.5236111,-87.125,dp40c7j,2011,4,spring,23,3.667,22,50.0,39.9,0.0,0.0,6.1,
51151,2011-04-13 10:30:00,akron,OH,41.0813889,-81.5191667,dpq18yx,2011,4,spring,10,2.0,7,44.7,34.3,38.0,0.0,9.0,
51152,2011-04-13 14:53:00,laporte,IN,41.6105556,-86.7225,dp6kdwf,2011,4,spring,15,2.0,7,59.8,32.0,99.0,0.0,4.2,
51153,2011-04-13 18:30:00,albany,GA,31.5783333,-84.1558333,djs5sux,2011,4,spring,18,2.0,7,82.8,34.3,0.0,0.0,3.4,
51154,2011-04-13 19:15:00,detroit,MI,42.3313889,-83.0458333,dpsby4p,2011,4,spring,19,2.0,7,57.0,34.4,63.0,0.0,5.5,
51155,2011-04-13 20:45:00,kure beach,NC,33.9966667,-77.9075,dq097hv,2011,4,spring,21,2.0,7,64.9,55.0,38.0,0.0,7.8,
51156,2011-04-13 21:00:00,flowery branch,GA,34.185,-83.9252778,dnh66pp,2011,4,spring,21,2.0,7,60.4,43.8,20.0,0.0,6.6,
51157,2011-04-13 21:40:00,augusta,GA,33.4708333,-81.975,djvwqt5,2011,4,spring,22,2.0,7,64.6,45.7,87.0,0.0,5.5,
51158,2011-04-13 22:30:00,fort payne,AL,34.4441667,-85.7197222,dn55cqk,2011,4,spring,22,2.0,7,58.9,51.5,0.0,0.0,3.9,
51159,2011-04-14 03:08:00,falls church,VA,38.8822222,-77.1713889,dqcj5ym,2011,4,spring,03,2.0,7,47.5,41.4,0.0,0.0,8.0,
51160,2011-04-14 04:40:00,goodyear,AZ,33.4352778,-112.3575,9tbn5nx,2011,4,spring,05,2.0,7,57.0,21.7,4.0,0.0,5.2,
51161,2011-04-14 04:50:00,lake havasu city,AZ,34.4838889,-114.3216667,9qnsnt9,2011,4,spring,05,2.0,7,57.8,21.8,5.0,0.0,6.8,
51162,2011-04-14 08:45:00,carrollton,OH,40.5727778,-81.0858333,dpnqff5,2011,4,spring,09,2.0,7,47.6,35.6,0.0,0.0,1.8,
51163,2011-04-14 17:00:00,janesville,CA,40.2966667,-120.5230556,9r4m1rv,2011,4,spring,17,2.0,7,48.3,26.3,0.0,0.0,6.9,
51164,2011-04-14 20:00:00,richmond,VA,37.5536111,-77.4605556,dq8vtk6,2011,4,spring,20,2.0,7,62.3,48.8,93.0,0.0,3.9,
51165,2011-04-14 20:00:00,lake havasu city,AZ,34.4838889,-114.3216667,9qnsnt9,2011,4,spring,20,2.0,7,71.3,15.8,87.0,0.0,9.2,
51166,2011-04-14 21:00:00,bethalto,IL,38.9091667,-90.0405556,9yzvr54,2011,4,spring,21,2.0,7,63.6,43.0,100.0,0.0,10.3,
51167,2011-04-14 21:00:00,la puente,CA,34.02,-117.9486111,9qh1s10,2011,4,spring,21,2.0,7,63.9,42.8,0.0,0.0,0.8,
51168,2011-04-14 21:00:00,banning,CA,33.9255556,-116.8755556,9qhburv,2011,4,spring,21,2.0,7,63.1,36.4,7.0,0.0,2.8,
51169,2011-04-14 21:20:00,solana beach,CA,32.9911111,-117.2702778,9mueemy,2011,4,spring,21,2.0,7,58.6,53.8,0.0,0.0,3.4,
51170,2011-04-14 21:25:00,visalia,CA,36.3302778,-119.2911111,9q7ntmw,2011,4,spring,21,2.0,7,53.6,41.3,34.0,0.0,1.9,
51171,2011-04-14 21:25:00,valley acres,CA,35.2061111,-119.4058333,9q706c5,2011,4,spring,21,2.0,7,56.7,45.1,1.0,0.0,3.6,
51172,2011-04-14 21:25:00,valley acres,CA,35.2061111,-119.4058333,9q706c5,2011,4,spring,21,2.0,7,56.7,45.1,1.0,0.0,3.6,
51173,2011-04-14 21:26:00,santa barbara,CA,34.4208333,-119.6972222,9q4gu4p,2011,4,spring,21,2.0,7,60.2,37.9,0.0,0.0,8.7,
51174,2011-04-14 21:30:00,san diego,CA,32.7152778,-117.1563889,9mudn59,2011,4,spring,22,2.0,7,57.8,52.8,0.0,0.0,2.8,
51175,2011-04-14 21:30:00,rosamond,CA,34.8641667,-118.1625,9q5yr4u,2011,4,spring,22,2.0,7,51.8,37.8,0.0,0.0,6.1,
51176,2011-04-14 21:30:00,desert hot springs,CA,33.9611111,-116.5008333,9qj1hyq,2011,4,spring,22,2.0,7,69.6,10.5,3.0,0.0,3.8,
51177,2011-04-14 23:00:00,port angeles,WA,48.1183333,-123.4294444,c281xr9,2011,4,spring,23,2.0,7,40.0,33.0,50.0,0.0,6.7,
51178,2011-04-14 23:37:00,clayton,NJ,39.66,-75.0925,dr49e5z,2011,4,spring,00,2.0,7,47.8,44.7,20.0,0.0,7.9,
51179,2011-04-15 14:57:00,san jose,CA,37.3394444,-121.8938889,9q9k6jr,2011,4,spring,15,1.0,4,68.4,52.5,11.0,0.0,7.5,
51180,2011-04-15 18:30:00,chico,CA,39.7286111,-121.8363889,9r16583,2011,4,spring,18,1.0,4,63.9,44.8,58.0,0.0,0.7,
51181,2011-04-15 19:00:00,campville,NY,42.0875,-76.1491667,dr3z7jv,2011,4,spring,19,1.0,4,52.4,37.5,100.0,0.0,5.2,
51182,2011-04-15 20:00:00,belfast,ME,44.4258333,-69.0069444,dryutxq,2011,4,spring,20,1.0,4,35.3,19.5,0.0,0.0,4.6,
51183,2011-04-15 21:45:00,san diego,CA,32.7152778,-117.1563889,9mudn59,2011,4,spring,22,1.0,4,62.8,55.5,0.0,0.0,3.1,
51184,2011-04-15 23:50:00,new york city,NY,40.7141667,-74.0063889,dr5regy,2011,4,spring,00,1.0,4,49.7,42.5,62.0,0.0,9.3,
51185,2011-04-16 00:00:00,boulder,CO,40.015,-105.27,9xj5ss8,2011,4,spring,00,0.333,2,31.8,20.8,62.0,0.0,9.0,
51186,2011-04-16 05:30:00,littleton,CO,39.6133333,-105.0161111,9xj3673,2011,4,spring,06,0.333,2,30.5,15.2,0.0,0.0,6.3,
51187,2011-04-16 13:30:00,miami,FL,25.7738889,-80.1938889,dhwfx5u,2011,4,spring,14,0.333,2,82.1,68.0,100.0,0.0,10.4,
51188,2011-04-16 13:30:00,miami,FL,25.7738889,-80.1938889,dhwfx5u,2011,4,spring,14,0.333,2,82.1,68.0,100.0,0.0,10.4,
51189,2011-04-16 19:37:00,running springs,CA,34.2077778,-117.1083333,9qhdx5k,2011,4,spring,20,0.333,2,60.3,45.3,79.0,0.0,4.1,
51190,2011-04-16 20:00:00,rancho cucamonga,CA,34.1063889,-117.5922222,9qh6h0g,2011,4,spring,20,0.333,2,71.5,59.6,41.0,0.0,4.3,
51191,2011-04-16 21:15:00,corpus christi,TX,27.8002778,-97.3961111,9ufwpsy,2011,4,spring,21,0.333,2,68.7,50.3,11.0,0.0,7.8,
51192,2011-04-16 22:00:00,reno,NV,39.5297222,-119.8127778,9r4bcs4,2011,4,spring,22,0.333,2,48.2,45.4,96.0,0.0,3.9,
51193,2011-04-16 23:45:00,st. augustine beach,FL,29.8502778,-81.2655556,djq1yf0,2011,4,spring,00,0.333,2,70.9,67.8,51.0,0.0,10.0,
51194,2011-04-17 01:45:00,santa clara,CA,37.3541667,-121.9541667,9q9k8b5,2011,4,spring,02,0.667,3,53.1,52.8,100.0,0.0,6.8,
51195,2011-04-17 14:02:00,laporte,IN,41.6105556,-86.7225,dp6kdwf,2011,4,spring,14,0.667,3,48.5,29.6,22.0,0.0,13.9,
51196,2011-04-17 17:40:00,miami,FL,25.7738889,-80.1938889,dhwfx5u,2011,4,spring,18,0.667,3,82.0,67.8,61.0,0.0,10.1,
51197,2011-04-17 19:00:00,benson,AZ,31.9677778,-110.2938889,9t9tf5w,2011,4,spring,19,0.667,3,79.6,20.1,0.0,0.0,7.0,
51198,2011-04-17 20:00:00,hendersonville,NC,35.3186111,-82.4611111,dnm2gt9,2011,4,spring,20,0.667,3,60.0,47.0,0.0,0.0,3.8,
51199,2011-04-17 20:58:00,armona,CA,36.3158333,-119.7075,9q6yegp,2011,4,spring,21,0.667,3,71.1,53.2,2.0,0.0,7.4,
51200,2011-04-17 21:00:00,greensboro,NC,36.0725,-79.7922222,dnrm0qc,2011,4,spring,21,0.667,3,57.9,39.8,0.0,0.0,8.7,
51201,2011-04-17 21:00:00,hendersonville,NC,35.3186111,-82.4611111,dnm2gt9,2011,4,spring,21,0.667,3,56.1,42.3,0.0,0.0,3.8,
51202,2011-04-17 21:00:00,arvada,CO,39.8027778,-105.0869444,9xj62ty,2011,4,spring,21,0.667,3,53.8,34.6,8.0,0.0,1.7,
51203,2011-04-17 21:48:00,lutz,FL,28.1508333,-82.4616667,djj25s9,2011,4,spring,22,0.667,3,67.2,52.8,0.0,0.0,6.0,
51204,2011-04-17 21:50:00,kutztown,PA,40.5172222,-75.7777778,dr4n7xu,2011,4,spring,22,0.667,3,53.8,36.2,42.0,0.0,11.2,
51205,2011-04-17 23:30:00,westminster,MD,39.5752778,-76.9961111,dr11pum,2011,4,spring,00,0.667,3,51.0,46.2,79.0,0.0,9.8,
51206,2011-04-18 00:15:00,murfreesboro,TN,35.8455556,-86.3902778,dn6efjk,2011,4,spring,00,1.333,5,55.2,42.8,89.0,0.0,9.4,
51207,2011-04-18 20:15:00,everett,WA,47.9791667,-122.2008333,c290gq2,2011,4,spring,20,1.333,5,45.0,33.8,4.0,0.0,3.6,
51208,2011-04-18 21:00:00,virginia beach,VA,36.8527778,-75.9783333,dq9cxhf,2011,4,spring,21,1.333,5,63.5,47.8,100.0,0.0,14.9,
51209,2011-04-18 21:20:00,yakima,WA,46.6022222,-120.5047222,c2631ge,2011,4,spring,21,1.333,5,40.0,23.4,9.0,0.0,5.3,
51210,2011-04-18 22:00:00,bellingham,WA,48.7597222,-122.4869444,c28vksr,2011,4,spring,22,1.333,5,41.6,35.6,61.0,0.0,4.7,
51211,2011-04-18 22:05:00,new york city (queens),NY,40.7141667,-74.0063889,dr5regy,2011,4,spring,22,1.333,5,51.4,43.7,95.0,0.0,3.8,
51212,2011-04-19 01:15:00,westfir,OR,43.7575,-122.4952778,9rbbutc,2011,4,spring,01,5.0,48,37.4,30.5,1.0,0.0,1.8,
51213,2011-04-19 03:00:00,sea cliff,NY,40.8488889,-73.6452778,dr78khm,2011,4,spring,03,5.0,48,46.9,43.2,100.0,0.0,0.6,
51214,2011-04-19 22:00:00,clermont (near),FL,28.5491667,-81.7730556,djjf7jn,2011,4,spring,22,5.0,48,79.1,65.3,32.0,0.0,1.4,
51215,2011-04-19 22:30:00,wilmington,NC,34.2255556,-77.945,dq0ddqd,2011,4,spring,22,5.0,48,66.1,62.0,0.0,0.0,10.8,
51216,2011-04-19 22:45:00,hood river,OR,45.7055556,-121.5202778,c21s48r,2011,4,spring,23,5.0,48,41.9,30.9,73.0,0.0,1.2,
51217,2011-04-20 00:00:00,fredericksburg,TX,30.275,-98.8716667,9v3snp7,2011,4,spring,00,1.667,6,77.1,67.2,0.0,0.0,10.0,
51218,2011-04-20 00:15:00,mesa,AZ,33.4222222,-111.8219444,9tbqpkm,2011,4,spring,00,1.667,6,75.0,33.2,0.0,0.0,3.8,
51219,2011-04-20 01:39:00,bishop,CA,37.3636111,-118.3941667,9qeu9cg,2011,4,spring,02,1.667,6,46.1,38.6,70.0,0.0,6.0,
51220,2011-04-20 02:17:00,klamath falls,OR,42.225,-121.7805556,9r92hyf,2011,4,spring,02,1.667,6,41.2,31.5,100.0,0.0,0.4,
51221,2011-04-20 03:00:00,st. louis,MO,38.6272222,-90.1977778,9yzgerz,2011,4,spring,03,1.667,6,45.9,38.3,99.0,0.0,12.7,
51222,2011-04-20 08:56:00,lenexa,KS,38.9536111,-94.7333333,9yuts73,2011,4,spring,09,1.667,6,41.4,33.5,100.0,0.0,5.4,
51223,2011-04-20 19:02:00,corona,CA,33.8752778,-117.5655556,9qh2swz,2011,4,spring,19,1.667,6,61.9,53.5,67.0,0.0,4.8,
51224,2011-04-21 00:00:00,morton,MN,44.5513889,-94.9841667,9zumqw6,2011,4,spring,00,2.0,7,33.6,27.7,0.0,0.0,4.9,
51225,2011-04-21 10:00:00,fort bragg,CA,39.4458333,-123.8041667,9ppbqub,2011,4,spring,10,2.0,7,48.8,38.9,100.0,0.0,10.2,
51226,2011-04-21 16:00:00,lenexa,KS,38.9536111,-94.7333333,9yuts73,2011,4,spring,16,2.0,7,59.0,40.1,95.0,0.0,8.3,
51227,2011-04-21 21:00:00,ardenvoir,WA,47.7375,-120.3677778,c26rsfq,2011,4,spring,21,2.0,7,35.0,26.9,0.0,0.0,5.1,
51228,2011-04-21 22:00:00,effort,PA,40.9391667,-75.4352778,dr62gkt,2011,4,spring,22,2.0,7,41.2,24.5,0.0,0.0,7.6,
51229,2011-04-21 22:29:00,fort mill,SC,35.0072222,-80.9452778,dnnrnhc,2011,4,spring,22,2.0,7,66.2,44.4,98.0,0.0,8.4,
51230,2011-04-22 00:00:00,hollister,CA,36.8525,-121.4005556,9q99tky,2011,4,spring,00,0.333,2,47.8,44.6,0.0,0.0,2.1,
51231,2011-04-22 02:36:00,mendon,IL,40.0883333,-91.2836111,9zph4cc,2011,4,spring,03,0.333,2,46.3,43.3,100.0,0.01,10.2,
51232,2011-04-22 08:45:00,fredericksburg,VA,38.3030556,-77.4608333,dqbcvkf,2011,4,spring,09,0.333,2,49.2,40.7,100.0,0.01,7.9,
51233,2011-04-22 22:00:00,topeka,KS,39.0483333,-95.6777778,9ygynu9,2011,4,spring,22,0.333,2,56.0,48.7,33.0,0.0,6.2,
51234,2011-04-22 22:00:00,denver (west of),CO,39.7391667,-104.9841667,9xj6542,2011,4,spring,22,0.333,2,42.8,22.8,5.0,0.0,2.1,
51235,2011-04-22 22:30:00,cordova,TN,35.1555556,-89.7761111,dn0pvpg,2011,4,spring,22,0.333,2,75.4,62.4,100.0,0.0,10.7,
51236,2011-04-22 23:00:00,burley,ID,42.5358333,-113.7919444,9rx1fx7,2011,4,spring,23,0.333,2,37.7,18.2,56.0,0.0,2.2,
51237,2011-04-23 01:00:00,whitefish,MT,48.4111111,-114.3366667,c2weqhy,2011,4,spring,01,1.0,4,34.5,24.9,1.0,0.0,2.6,
51238,2011-04-23 11:39:00,pembroke,VA,37.3194444,-80.6391667,dnwsm1b,2011,4,spring,12,1.0,4,73.0,58.9,92.0,0.0,7.8,
51239,2011-04-23 16:00:00,las vegas,NV,36.175,-115.1363889,9qqju12,2011,4,spring,16,1.0,4,76.7,31.4,80.0,0.0,5.9,
51240,2011-04-23 20:22:00,lodi,CA,38.1302778,-121.2713889,9qcbbmk,2011,4,spring,20,1.0,4,59.2,43.2,53.0,0.0,4.5,
51241,2011-04-23 20:35:00,orland,CA,39.7475,-122.1952778,9r1457u,2011,4,spring,21,1.0,4,54.1,37.6,89.0,0.0,5.1,
51242,2011-04-23 20:59:00,spokane valley,WA,47.6733333,-117.2383333,c2kxhnt,2011,4,spring,21,1.0,4,49.7,30.4,0.0,0.0,1.2,
51243,2011-04-23 21:00:00,murfreesboro,TN,35.8455556,-86.3902778,dn6efjk,2011,4,spring,21,1.0,4,70.2,59.7,12.0,0.0,8.6,
51244,2011-04-23 22:45:00,palm beach gardens,FL,26.8230556,-80.1388889,dhz086u,2011,4,spring,23,1.0,4,74.7,67.9,22.0,0.0,6.5,
51245,2011-04-23 23:27:00,yakima,WA,46.6022222,-120.5047222,c2631ge,2011,4,spring,23,1.0,4,41.5,34.2,98.0,0.0,5.9,
51246,2011-04-24 00:00:00,fullerton,CA,33.8702778,-117.9244444,9qh0stf,2011,4,spring,00,2.667,12,54.0,50.1,34.0,0.0,3.7,
51247,2011-04-24 00:04:00,round rock,TX,30.5080556,-97.6786111,9v6t93b,2011,4,spring,00,2.667,12,74.3,67.3,31.0,0.0,13.2,
51248,2011-04-24 00:30:00,ocala,FL,29.1869444,-82.1402778,djjw4c7,2011,4,spring,00,2.667,12,74.2,66.1,3.0,0.0,8.3,
51249,2011-04-24 11:45:00,tinley park,IL,41.5733333,-87.7844444,dp3sd2j,2011,4,spring,12,2.667,12,57.9,45.1,99.0,0.0,3.1,
51250,2011-04-24 17:30:00,vinita park,MO,38.69,-90.3425,9yzu05q,2011,4,spring,18,2.667,12,57.7,54.5,100.0,0.0,5.7,
51251,2011-04-24 22:30:00,omega,GA,31.3408333,-83.5936111,djsd3c2,2011,4,spring,22,2.667,12,78.1,60.4,87.0,0.0,4.0,
51252,2011-04-24 22:30:00,stuart,FL,27.1972222,-80.2530556,dhyftz1,2011,4,spring,22,2.667,12,75.7,66.5,49.0,0.0,12.3,
51253,2011-04-24 23:12:00,l&#39anse,MI,46.7566667,-88.4527778,f031gpy,2011,4,spring,23,2.667,12,41.4,31.8,25.0,0.0,6.7,
51254,2011-04-24 23:12:00,l&#39anse,MI,46.7566667,-88.4527778,f031gpy,2011,4,spring,23,2.667,12,41.4,31.8,25.0,0.0,6.7,
51255,2011-04-24 23:45:00,athens,TX,32.2047222,-95.8552778,9vez4y8,2011,4,spring,00,2.667,12,77.4,61.1,68.0,0.0,14.8,
51256,2011-04-25 20:00:00,carpinteria,CA,34.3988889,-119.5175,9q558q4,2011,4,spring,20,0.0,0,65.3,53.6,0.0,0.0,6.3,
51257,2011-04-25 20:00:00,carpinteria,CA,34.3988889,-119.5175,9q558q4,2011,4,spring,20,0.0,0,65.3,53.6,0.0,0.0,6.3,
51258,2011-04-25 21:52:00,rockwall,TX,32.9311111,-96.4594444,9vg7m4b,2011,4,spring,22,0.0,0,67.4,66.8,3.0,0.0,8.6,
51259,2011-04-25 22:00:00,dallas,TX,32.7833333,-96.8,9vg4t20,2011,4,spring,22,0.0,0,69.2,67.8,1.0,0.0,7.7,
51260,2011-04-26 00:30:00,stillwater,MN,45.0563889,-92.8058333,cbn024k,2011,4,spring,00,0.0,0,52.7,38.1,100.0,0.01,8.0,
51261,2011-04-26 03:00:00,wilkes-barre,PA,41.2458333,-75.8816667,dr649k8,2011,4,spring,03,0.0,0,62.7,60.2,61.0,0.0,7.4,
51262,2011-04-26 13:44:00,weston (i-75),FL,26.1,-80.4,dhwu6rq,2011,4,spring,14,0.0,0,88.1,65.9,16.0,0.0,11.1,
51263,2011-04-26 21:00:00,rockland,NY,41.9452778,-74.9133333,dr6wx7c,2011,4,spring,21,0.0,0,67.1,58.8,99.0,0.0,10.5,
51264,2011-04-26 22:05:00,screven,GA,31.4861111,-82.0172222,djtejeu,2011,4,spring,22,0.0,0,72.6,70.5,88.0,0.0,9.7,
51265,2011-04-26 23:10:00,san jose,CA,37.3394444,-121.8938889,9q9k6jr,2011,4,spring,23,0.0,0,46.0,42.0,0.0,0.0,3.0,
51266,2011-04-27 06:30:00,fairhaven,MA,41.6375,-70.9041667,drmsfec,2011,4,spring,06,0.0,0,58.0,57.7,100.0,0.0,9.3,
51267,2011-04-27 23:00:00,flint,MI,43.0125,-83.6875,dpskxwh,2011,4,spring,23,0.0,0,55.2,51.0,100.0,0.0,1.2,
51268,2011-04-28 09:30:00,hopatcong,NJ,40.9327778,-74.6597222,dr6bv5d,2011,4,spring,10,2.0,7,68.7,63.4,100.0,0.0,15.0,
51269,2011-04-28 11:15:00,southlake,TX,32.9411111,-97.1338889,9vfgmst,2011,4,spring,11,2.0,7,65.3,43.1,0.0,0.0,2.1,
51270,2011-04-28 12:00:00,aledo,IL,41.1997222,-90.7491667,9zr6qun,2011,4,spring,12,2.0,7,48.2,33.2,100.0,0.0,18.6,
51271,2011-04-28 19:30:00,cabot,PA,40.7647222,-79.7666667,dpprbug,2011,4,spring,20,2.0,7,56.7,36.3,3.0,0.0,7.9,
51272,2011-04-28 21:00:00,cannon falls,MN,44.5069444,-92.9052778,9zvvjyh,2011,4,spring,21,2.0,7,43.5,37.1,0.0,0.0,4.8,
51273,2011-04-28 21:35:00,colorado springs,CO,38.8338889,-104.8208333,9wvkytr,2011,4,spring,22,2.0,7,47.6,25.3,25.0,0.0,7.3,
51274,2011-04-28 21:40:00,los angeles,CA,34.0522222,-118.2427778,9q5ctr4,2011,4,spring,22,2.0,7,63.5,50.8,0.0,0.0,2.8,
51275,2011-04-29 03:00:00,hialeah,FL,25.8572222,-80.2783333,dhwgj5p,2011,4,spring,03,3.333,18,77.1,71.3,14.0,0.0,4.8,
51276,2011-04-29 20:30:00,emporia,KS,38.4038889,-96.1813889,9ygd7r4,2011,4,spring,20,3.333,18,69.9,43.8,58.0,0.0,18.7,
51277,2011-04-29 20:40:00,san jose,CA,37.3394444,-121.8938889,9q9k6jr,2011,4,spring,21,3.333,18,53.0,44.3,0.0,0.0,7.6,
51278,2011-04-29 20:45:00,san jose,CA,37.3394444,-121.8938889,9q9k6jr,2011,4,spring,21,3.333,18,53.0,44.3,0.0,0.0,7.6,
51279,2011-04-29 20:55:00,midway,GA,31.8055556,-81.4308333,djwhfyp,2011,4,spring,21,3.333,18,70.4,54.3,0.0,0.0,4.1,
51280,2011-04-29 21:05:00,marianna,FL,30.7741667,-85.2269444,dj7rhd7,2011,4,spring,21,3.333,18,68.2,48.9,0.0,0.0,4.0,
51281,2011-04-29 21:15:00,alamo,TN,35.7847222,-89.1172222,dn2es46,2011,4,spring,21,3.333,18,65.3,49.4,0.0,0.0,6.6,
51282,2011-04-29 22:00:00,apex,NC,35.7325,-78.8505556,dnrgm8y,2011,4,spring,22,3.333,18,62.9,41.2,0.0,0.0,5.1,
51283,2011-04-29 22:00:00,altamonte springs,FL,28.6608333,-81.3658333,djn5h3x,2011,4,spring,22,3.333,18,69.9,53.9,0.0,0.0,5.7,
51284,2011-04-29 22:05:00,gainesville,FL,29.6513889,-82.325,djm2wtu,2011,4,spring,22,3.333,18,69.1,48.8,0.0,0.0,7.0,
51285,2011-04-29 22:15:00,savannah,GA,32.0833333,-81.1,djwqd88,2011,4,spring,22,3.333,18,67.6,54.5,0.0,0.0,9.8,
51286,2011-04-29 22:30:00,corning,NY,42.1427778,-77.055,dr3pwxf,2011,4,spring,22,3.333,18,43.7,35.0,86.0,0.0,6.5,
51287,2011-04-29 22:35:00,starkville,MS,33.4502778,-88.8183333,djby6ck,2011,4,spring,23,3.333,18,61.4,50.8,0.0,0.0,6.8,
51288,2011-04-29 23:30:00,st. charles,MO,38.7838889,-90.4811111,9yzsth3,2011,4,spring,00,3.333,18,54.6,42.9,0.0,0.0,8.1,
51289,2011-04-29 23:30:00,dearborn heights,MI,42.3369444,-83.2733333,dpsbc54,2011,4,spring,00,3.333,18,42.1,33.5,78.0,0.0,11.7,
51290,2011-04-30 00:05:00,yakima,WA,46.6022222,-120.5047222,c2631ge,2011,4,spring,00,3.0,15,39.1,30.1,0.0,0.0,5.9,
51291,2011-04-30 02:00:00,owensboro,KY,37.7741667,-87.1133333,dndncsw,2011,4,spring,02,3.0,15,54.7,44.5,47.0,0.0,8.4,
51292,2011-04-30 02:07:00,santa fe,NM,35.6869444,-105.9372222,9wkej2d,2011,4,spring,02,3.0,15,46.6,-0.5,0.0,0.0,7.1,
51293,2011-04-30 03:05:00,portland,OR,45.5236111,-122.675,c20fbrq,2011,4,spring,03,3.0,15,41.6,37.9,39.0,0.0,3.5,
51294,2011-04-30 09:00:00,pennellville,NY,43.2825,-76.2708333,dr9y0rm,2011,4,spring,09,3.0,15,47.1,37.8,4.0,0.0,4.8,
51295,2011-04-30 18:00:00,grandview,WA,46.2511111,-119.9005556,c24xpeg,2011,4,spring,18,3.0,15,64.2,14.9,90.0,0.0,5.7,
51296,2011-04-30 20:22:00,las vegas,NV,36.175,-115.1363889,9qqju12,2011,4,spring,20,3.0,15,63.5,1.5,25.0,0.0,8.1,
51297,2011-04-30 20:30:00,nashville,TN,36.1658333,-86.7844444,dn6m9pv,2011,4,spring,20,3.0,15,69.5,55.2,92.0,0.0,8.5,
51298,2011-04-30 21:00:00,nashville,TN,36.1658333,-86.7844444,dn6m9pv,2011,4,spring,21,3.0,15,68.8,54.8,98.0,0.0,8.8,
51299,2011-04-30 22:20:00,saegertown,PA,41.7188889,-80.1477778,dprj24w,2011,4,spring,22,3.0,15,52.8,42.0,98.0,0.0,8.4,
51300,2011-04-30 22:20:00,saegertown,PA,41.7188889,-80.1477778,dprj24w,2011,4,spring,22,3.0,15,52.8,42.0,98.0,0.0,8.4,
51301,2011-04-30 22:30:00,nampa,ID,43.5408333,-116.5625,9rtpew3,2011,4,spring,22,3.0,15,47.8,25.3,18.0,0.0,5.5,
51302,2011-04-30 22:30:00,miami,FL,25.7738889,-80.1938889,dhwfx5u,2011,4,spring,22,3.0,15,75.9,70.7,27.0,0.01,9.0,
51303,2011-04-30 23:00:00,kenilworth,NJ,40.6763889,-74.2911111,dr5pmky,2011,4,spring,23,3.0,15,54.3,47.0,0.0,0.0,0.4,
51304,2011-04-30 23:40:00,seattle,WA,47.6063889,-122.3308333,c23nb63,2011,4,spring,00,3.0,15,44.2,39.3,85.0,0.0,1.6,
51305,2011-05-01 00:20:00,dearborn,MI,42.3222222,-83.1763889,dpsbg28,2011,5,spring,00,4.0,27,51.2,43.5,74.0,0.0,12.6,
51306,2011-05-01 00:55:00,pocatello,ID,42.8713889,-112.4447222,9x85ck2,2011,5,spring,01,4.0,27,33.8,17.9,1.0,0.0,4.6,
51307,2011-05-01 01:45:00,richmond,VA,37.5536111,-77.4605556,dq8vtk6,2011,5,spring,02,4.0,27,51.1,46.5,9.0,0.0,5.6,
51308,2011-05-01 03:00:00,destin (near),FL,30.3933333,-86.4958333,dj6kzsz,2011,5,spring,03,4.0,27,67.7,59.6,97.0,0.0,7.5,
51309,2011-05-01 12:00:00,schaumburg,IL,42.0333333,-88.0833333,dp3r5eg,2011,5,spring,12,4.0,27,59.4,35.0,24.0,0.0,16.0,
51310,2011-05-01 16:59:00,san jose,CA,37.3394444,-121.8938889,9q9k6jr,2011,5,spring,17,4.0,27,76.4,40.1,21.0,0.0,7.1,
51311,2011-05-01 21:00:00,columbia,MO,38.9516667,-92.3338889,9yymdfu,2011,5,spring,21,4.0,27,46.5,42.2,97.0,0.0,1.6,
51312,2011-05-01 21:00:00,las vegas,NV,36.175,-115.1363889,9qqju12,2011,5,spring,21,4.0,27,67.4,0.8,0.0,0.0,3.0,
51313,2011-05-01 21:30:00,sound beach,NY,40.9561111,-72.9683333,drk0gxf,2011,5,spring,22,4.0,27,48.0,42.6,57.0,0.0,7.6,
51314,2011-05-01 22:15:00,farmington,NM,36.7280556,-108.2180556,9we0cqn,2011,5,spring,22,4.0,27,43.2,23.9,98.0,0.0,4.5,
51315,2011-05-02 20:40:00,lakeland,FL,28.0391667,-81.95,dhvxx0m,2011,5,spring,21,3.667,22,78.4,62.7,5.0,0.0,13.3,
51316,2011-05-02 21:00:00,presidio,TX,29.5605556,-104.3716667,9tmb0vq,2011,5,spring,21,3.667,22,71.6,15.1,0.0,0.0,12.8,
51317,2011-05-02 21:00:00,arcadia,FL,27.2155556,-81.8586111,dhvfc62,2011,5,spring,21,3.667,22,81.8,63.7,2.0,0.0,9.5,
51318,2011-05-02 21:00:00,santa monica,CA,34.0194444,-118.4902778,9q59x9n,2011,5,spring,21,3.667,22,71.1,27.7,0.0,0.0,8.2,
51319,2011-05-02 21:30:00,santa monica,CA,34.0194444,-118.4902778,9q59x9n,2011,5,spring,22,3.667,22,69.2,28.7,0.0,0.0,6.0,
51320,2011-05-02 21:30:00,brainerd,MN,46.3580556,-94.2005556,cbjp8rj,2011,5,spring,22,3.667,22,37.2,26.1,97.0,0.0,1.1,
51321,2011-05-02 21:56:00,loveland,CO,40.3977778,-105.0744444,9xjmbfp,2011,5,spring,22,3.667,22,39.0,28.4,5.0,0.0,4.5,
51322,2011-05-02 23:30:00,riverwoods,IL,42.1675,-87.8969444,dp3rzu7,2011,5,spring,00,3.667,22,48.0,35.5,99.0,0.0,4.7,
51323,2011-05-03 05:20:00,tulsa,OK,36.1538889,-95.9925,9y7txts,2011,5,spring,05,0.667,3,42.0,39.1,0.0,0.0,5.3,
51324,2011-05-03 11:45:00,issaquah,WA,47.5302778,-122.0313889,c23nrhe,2011,5,spring,12,0.667,3,51.5,45.5,36.0,0.01,5.6,
51325,2011-05-03 12:30:00,houston,TX,29.7630556,-95.3630556,9vk1mfn,2011,5,spring,12,0.667,3,68.3,44.6,23.0,0.0,14.1,
51326,2011-05-03 21:00:00,caret,VA,37.9825,-76.9616667,dqc20dw,2011,5,spring,21,0.667,3,73.3,59.9,98.0,0.0,8.8,
51327,2011-05-03 21:00:00,grants pass,OR,42.4391667,-123.3272222,9r833tg,2011,5,spring,21,0.667,3,50.4,38.6,0.0,0.0,4.9,
51328,2011-05-03 21:00:00,redwood city,CA,37.4852778,-122.2352778,9q9j4ry,2011,5,spring,21,0.667,3,58.5,48.6,0.0,0.0,4.2,
51329,2011-05-03 21:10:00,upland,CA,34.0975,-117.6475,9qh3fz7,2011,5,spring,21,0.667,3,75.6,26.3,0.0,0.0,2.0,
51330,2011-05-03 21:16:00,woodland hills,CA,34.1683333,-118.605,9q5dmh4,2011,5,spring,21,0.667,3,73.8,41.8,0.0,0.0,2.1,
51331,2011-05-03 21:20:00,venice,CA,33.9908333,-118.4591667,9q5c27u,2011,5,spring,21,0.667,3,75.0,43.0,0.0,0.0,4.1,
51332,2011-05-03 21:30:00,san jose,CA,37.3394444,-121.8938889,9q9k6jr,2011,5,spring,22,0.667,3,58.8,48.3,0.0,0.0,5.0,
51333,2011-05-03 21:30:00,davenport,IA,41.5236111,-90.5775,9zrs4z5,2011,5,spring,22,0.667,3,41.6,33.4,6.0,0.0,5.2,
51334,2011-05-03 22:30:00,saint george,UT,37.1041667,-113.5833333,9qx5p6e,2011,5,spring,22,0.667,3,72.4,4.0,0.0,0.0,0.4,
51335,2011-05-03 23:30:00,amery,WI,45.3069444,-92.3619444,cbn3drb,2011,5,spring,00,0.667,3,32.7,26.6,57.0,0.0,3.7,
51336,2011-05-04 01:33:00,colorado springs,CO,38.8338889,-104.8208333,9wvkytr,2011,5,spring,02,3.0,15,35.6,24.7,13.0,0.0,3.4,
51337,2011-05-04 09:00:00,albuquerque,NM,35.0844444,-106.6505556,9whpt4g,2011,5,spring,09,3.0,15,59.4,11.7,0.0,0.0,7.0,
51338,2011-05-04 17:30:00,naperville,IL,41.7858333,-88.1472222,dp3mdnv,2011,5,spring,18,3.0,15,54.3,31.0,53.0,0.0,6.4,
51339,2011-05-04 21:00:00,oak island,NC,33.9163889,-78.1613889,dq02vqk,2011,5,spring,21,3.0,15,66.3,43.5,0.0,0.0,9.0,
51340,2011-05-04 21:30:00,bountiful,UT,40.8894444,-111.88,9x22w5e,2011,5,spring,22,3.0,15,45.4,33.4,0.0,0.0,3.5,
51341,2011-05-04 21:40:00,wirtz,VA,37.0763889,-79.8897222,dnx4yjd,2011,5,spring,22,3.0,15,48.5,38.1,0.0,0.0,10.0,
51342,2011-05-04 22:10:00,prince george,VA,37.2202778,-77.2883333,dq959r8,2011,5,spring,22,3.0,15,54.0,41.6,1.0,0.0,6.8,
51343,2011-05-04 22:45:00,san francisco,CA,37.775,-122.4183333,9q8yyk9,2011,5,spring,23,3.0,15,60.6,46.0,0.0,0.0,3.1,
51344,2011-05-04 23:30:00,olive hill,KY,38.3,-83.1741667,dnucgk6,2011,5,spring,00,3.0,15,44.0,43.6,63.0,0.0,3.7,
51345,2011-05-05 00:00:00,hershey,PA,40.2858333,-76.6505556,dr1mpvb,2011,5,spring,00,0.333,2,48.1,34.5,13.0,0.0,9.3,
51346,2011-05-05 00:00:00,myrtle beach,SC,33.6888889,-78.8869444,djzzsuu,2011,5,spring,00,0.333,2,62.6,42.0,0.0,0.0,7.8,
51347,2011-05-05 01:03:00,rochester,NY,43.1547222,-77.6158333,dr8v9b1,2011,5,spring,01,0.333,2,42.6,33.5,28.0,0.0,9.6,
51348,2011-05-05 07:00:00,mount vernon,IA,41.9219444,-91.4166667,9zqyrz8,2011,5,spring,07,0.333,2,46.6,34.1,100.0,0.0,16.4,
51349,2011-05-05 09:15:00,lewiston,ID,46.4166667,-117.0166667,c2kb11z,2011,5,spring,09,0.333,2,57.5,45.1,100.0,0.0,3.3,
51350,2011-05-05 11:41:00,amery,WI,45.3069444,-92.3619444,cbn3drb,2011,5,spring,12,0.333,2,47.9,44.0,100.0,0.01,8.3,
51351,2011-05-05 17:15:00,west chicago,IL,41.85,-87.65,dp3wj6x,2011,5,spring,17,0.333,2,57.5,46.0,99.0,0.0,10.3,
51352,2011-05-05 19:30:00,ovalo,TX,32.1727778,-99.8075,9v9p0bf,2011,5,spring,20,0.333,2,74.8,50.5,5.0,0.0,3.1,
51353,2011-05-05 20:33:00,north las vegas,NV,36.1988889,-115.1166667,9qqjumy,2011,5,spring,21,0.333,2,81.6,13.4,21.0,0.0,2.2,
51354,2011-05-05 21:00:00,bennington,KS,39.0305556,-97.5938889,9yfw51q,2011,5,spring,21,0.333,2,62.8,34.9,0.0,0.0,4.3,
51355,2011-05-05 21:00:00,winter garden,FL,28.565,-81.5863889,djjfx2n,2011,5,spring,21,0.333,2,73.0,57.3,38.0,0.0,8.5,
51356,2011-05-05 21:50:00,hockley,TX,30.0266667,-95.8441667,9v7fg40,2011,5,spring,22,0.333,2,69.5,49.9,0.0,0.0,10.0,
51357,2011-05-05 22:00:00,nampa,ID,43.5408333,-116.5625,9rtpew3,2011,5,spring,22,0.333,2,61.5,35.8,5.0,0.0,3.8,
51358,2011-05-05 23:00:00,barnegat,NJ,39.7530556,-74.2233333,dr54phb,2011,5,spring,23,0.333,2,52.8,35.2,0.0,0.0,5.3,
51359,2011-05-05 23:00:00,east bethel,MN,45.3194444,-93.2022222,cbj9z4h,2011,5,spring,23,0.333,2,48.7,37.3,0.0,0.0,8.2,
51360,2011-05-05 23:05:00,sioux falls,SD,43.55,-96.7,9zepz81,2011,5,spring,23,0.333,2,46.5,38.5,0.0,0.0,5.6,
51361,2011-05-05 23:20:00,myrtle beach,SC,33.6888889,-78.8869444,djzzsuu,2011,5,spring,23,0.333,2,61.1,48.2,100.0,0.0,7.2,
51362,2011-05-06 09:12:00,laporte,IN,41.6105556,-86.7225,dp6kdwf,2011,5,spring,09,0.333,2,52.4,47.9,43.0,0.0,4.7,
51363,2011-05-06 09:15:00,lexington,MA,42.4472222,-71.225,drt37pr,2011,5,spring,09,0.333,2,54.0,33.5,0.0,0.0,9.2,
51364,2011-05-06 14:00:00,hunlock creek,PA,41.2058333,-76.0663889,dr3fmj6,2011,5,spring,14,0.333,2,63.4,35.7,99.0,0.0,9.8,
51365,2011-05-06 21:45:00,mendocino,CA,39.3077778,-123.7983333,9nzzwgu,2011,5,spring,22,0.333,2,48.9,45.3,69.0,0.0,10.4,
51366,2011-05-06 22:10:00,huntsville,AL,34.7302778,-86.5861111,dn4mtdm,2011,5,spring,22,0.333,2,60.9,51.7,0.0,0.0,3.8,
51367,2011-05-06 23:20:00,colchester,VT,44.5438889,-73.1483333,drgvrkz,2011,5,spring,23,0.333,2,50.4,41.9,84.0,0.0,2.5,
51368,2011-05-07 02:30:00,sacramento,CA,38.5816667,-121.4933333,9qce7re,2011,5,spring,02,0.333,2,52.2,44.7,11.0,0.0,8.5,
51369,2011-05-07 12:44:00,douglaston,NY,40.7686111,-73.7475,dr5xcvd,2011,5,spring,13,0.333,2,66.7,48.5,23.0,0.0,6.0,
51370,2011-05-07 20:30:00,chicago,IL,41.85,-87.65,dp3wj6x,2011,5,spring,20,0.333,2,49.4,45.4,87.0,0.0,10.0,
51371,2011-05-07 21:30:00,charleston,ME,45.085,-69.0411111,f2nbkzm,2011,5,spring,22,0.333,2,50.1,48.7,76.0,0.01,4.0,
51372,2011-05-07 21:45:00,phoenix,AZ,33.4483333,-112.0733333,9tbq39n,2011,5,spring,22,0.333,2,84.2,18.4,0.0,0.0,6.0,
51373,2011-05-07 23:45:00,phoenix,AZ,33.4483333,-112.0733333,9tbq39n,2011,5,spring,00,0.333,2,78.7,17.8,0.0,0.0,7.6,
51374,2011-05-08 00:00:00,winona,MN,44.05,-91.6391667,9zyfden,2011,5,spring,00,0.333,2,53.6,44.5,66.0,0.0,6.9,
51375,2011-05-08 00:30:00,bolingbrook,IL,41.6986111,-88.0683333,dp3m5zn,2011,5,spring,00,0.333,2,47.5,41.9,57.0,0.0,8.2,
51376,2011-05-08 03:30:00,visalia,CA,36.3302778,-119.2911111,9q7ntmw,2011,5,spring,04,0.333,2,56.4,45.4,82.0,0.0,7.8,
51377,2011-05-08 12:00:00,st. petersburg,FL,27.7705556,-82.6794444,dhvjyx6,2011,5,spring,12,0.333,2,78.7,57.6,0.0,0.0,5.8,
51378,2011-05-08 15:30:00,oroville,CA,39.5138889,-121.5552778,9r18ccq,2011,5,spring,16,0.333,2,63.8,39.8,67.0,0.0,4.9,
51379,2011-05-08 19:00:00,albuquerque,NM,35.0844444,-106.6505556,9whpt4g,2011,5,spring,19,0.333,2,83.1,-2.7,0.0,0.0,15.0,
51380,2011-05-08 20:30:00,starkville,MS,33.4502778,-88.8183333,djby6ck,2011,5,spring,20,0.333,2,76.9,69.1,12.0,0.0,5.5,
51381,2011-05-08 21:23:00,barnesville,OH,39.9880556,-81.1766667,dpn72z8,2011,5,spring,21,0.333,2,57.4,51.0,100.0,0.0,5.6,
51382,2011-05-08 21:50:00,west palm beach,FL,26.7052778,-80.0366667,dhxpftx,2011,5,spring,22,0.333,2,78.1,71.8,2.0,0.0,9.2,
51383,2011-05-08 22:15:00,new bedford,MA,41.6361111,-70.9347222,drmscgd,2011,5,spring,22,0.333,2,50.8,46.9,92.0,0.0,5.6,
51384,2011-05-08 22:30:00,comptche,CA,39.265,-123.59,9qbp7eu,2011,5,spring,22,0.333,2,48.0,40.7,0.0,0.0,8.6,
51385,2011-05-08 22:30:00,bayfield,CO,37.2255556,-107.5975,9we7z89,2011,5,spring,22,0.333,2,56.3,11.7,20.0,0.0,6.4,
51386,2011-05-08 22:45:00,walnut creek,CA,37.9063889,-122.0638889,9q9pwke,2011,5,spring,23,0.333,2,50.1,43.5,2.0,0.0,8.6,
51387,2011-05-08 23:00:00,exeter,RI,41.5775,-71.5380556,drmhs0g,2011,5,spring,23,0.333,2,51.1,46.8,86.0,0.0,5.9,
51388,2011-05-09 02:00:00,palo cedro,CA,40.5638889,-122.2377778,9r1nf2m,2011,5,spring,02,0.667,3,48.9,35.3,1.0,0.0,5.7,
51389,2011-05-09 09:35:00,sacramento,CA,38.5816667,-121.4933333,9qce7re,2011,5,spring,10,0.667,3,61.1,38.3,15.0,0.0,6.2,
51390,2011-05-09 11:27:00,barnesville,OH,39.9880556,-81.1766667,dpn72z8,2011,5,spring,11,0.667,3,58.4,42.8,63.0,0.0,5.9,
51391,2011-05-09 20:00:00,riddle,OR,42.9511111,-123.3630556,9r8k2g1,2011,5,spring,20,0.667,3,50.8,42.6,12.0,0.0,7.0,
51392,2011-05-09 21:30:00,mitchell,GA,33.2197222,-82.7033333,djvhyp3,2011,5,spring,22,0.667,3,75.9,61.9,4.0,0.0,2.4,
51393,2011-05-09 22:45:00,nice,CA,39.1233333,-122.8472222,9qbwsd1,2011,5,spring,23,0.667,3,54.6,40.8,0.0,0.0,3.6,
51394,2011-05-09 22:46:00,radford,VA,37.1316667,-80.5766667,dnwenrt,2011,5,spring,23,0.667,3,60.2,49.2,0.0,0.0,3.0,
51395,2011-05-10 00:00:00,palo alto,CA,37.4419444,-122.1419444,9q9jh84,2011,5,spring,00,2.667,12,52.0,48.2,1.0,0.0,4.0,
51396,2011-05-10 00:07:00,boise,ID,43.6136111,-116.2025,9rv25ex,2011,5,spring,00,2.667,12,48.0,36.8,100.0,0.0,16.2,
51397,2011-05-10 21:30:00,phoenixville,PA,40.1302778,-75.5152778,dr4k397,2011,5,spring,22,2.667,12,60.2,49.0,96.0,0.0,6.7,
51398,2011-05-11 03:35:00,red bluff,CA,40.1786111,-122.2347222,9r1hd6r,2011,5,spring,04,0.333,2,55.2,38.9,46.0,0.0,2.8,
51399,2011-05-11 04:00:00,north palm springs,CA,33.9227778,-116.5422222,9qj0up2,2011,5,spring,04,0.333,2,53.9,46.8,1.0,0.0,5.4,
51400,2011-05-11 10:05:00,pottsville,PA,40.6855556,-76.1958333,dr1z6ne,2011,5,spring,10,0.333,2,59.8,48.1,0.0,0.0,2.8,
51401,2011-05-11 12:05:00,alpine,KY,36.925,-84.5208333,dnefh9v,2011,5,spring,12,0.333,2,79.0,67.0,53.0,0.0,6.2,
51402,2011-05-11 13:00:00,wilno,MN,44.4997222,-96.2311111,9zgt4hy,2011,5,spring,13,0.333,2,64.7,51.8,46.0,0.0,6.5,
51403,2011-05-11 20:20:00,manteno,IL,41.2505556,-87.8313889,dp3d9m7,2011,5,spring,20,0.333,2,67.7,66.3,100.0,0.0,1.9,
51404,2011-05-11 21:40:00,columbia,SC,34.0005556,-81.035,dnn3kj8,2011,5,spring,22,0.333,2,74.3,63.8,80.0,0.0,7.4,
51405,2011-05-11 22:00:00,manteno,IL,41.2505556,-87.8313889,dp3d9m7,2011,5,spring,22,0.333,2,66.3,65.7,99.0,0.0,3.3,
51406,2011-05-11 22:00:00,harrington,WA,47.4811111,-118.2533333,c27yj5d,2011,5,spring,22,0.333,2,58.9,43.4,81.0,0.0,17.6,
51407,2011-05-11 22:35:00,escondido,CA,33.1191667,-117.0855556,9musrth,2011,5,spring,23,0.333,2,56.8,52.5,0.0,0.0,1.8,
51408,2011-05-12 01:37:00,alexandria,VA,38.8047222,-77.0472222,dqchy8p,2011,5,spring,02,0.667,3,55.7,53.4,52.0,0.0,5.6,
51409,2011-05-12 12:25:00,phoenix,AZ,33.4483333,-112.0733333,9tbq39n,2011,5,spring,12,0.667,3,86.4,29.5,0.0,0.0,1.1,
51410,2011-05-12 21:00:00,perryville,MO,37.7241667,-89.8611111,dn8ne5m,2011,5,spring,21,0.667,3,73.2,67.2,100.0,0.0,6.5,
51411,2011-05-12 22:50:00,east dundee,IL,42.0988889,-88.2713889,dp3prrf,2011,5,spring,23,0.667,3,68.0,63.2,81.0,0.0,3.8,
51412,2011-05-12 23:28:00,lake  bluff,IL,42.2788889,-87.8341667,dp98929,2011,5,spring,23,0.667,3,61.4,60.7,91.0,0.0,6.8,
51413,2011-05-13 01:20:00,hermosa beach,CA,33.8622222,-118.3986111,9q5b9u2,2011,5,spring,01,1.333,5,58.3,55.1,0.0,0.0,4.0,
51414,2011-05-13 02:22:00,hackensack,NJ,40.8858333,-74.0438889,dr72e54,2011,5,spring,02,1.333,5,50.6,48.0,27.0,0.0,4.1,
51415,2011-05-13 10:30:00,norman,OK,35.2225,-97.4391667,9y68qsn,2011,5,spring,10,1.333,5,60.4,45.8,78.0,0.0,17.9,
51416,2011-05-13 21:00:00,olivebridge,NY,41.9277778,-74.2158333,dr7nx0t,2011,5,spring,21,1.333,5,59.6,54.3,59.0,0.0,4.9,
51417,2011-05-13 21:45:00,paducah,KY,37.0833333,-88.6,dn8fzyg,2011,5,spring,22,1.333,5,63.4,62.0,100.0,0.0,5.1,
51418,2011-05-13 22:00:00,kermit,TX,31.8575,-103.0922222,9twtnp6,2011,5,spring,22,1.333,5,77.7,31.7,0.0,0.0,8.6,
51419,2011-05-13 22:00:00,rock hill,SC,34.9247222,-81.0252778,dnnqsjz,2011,5,spring,22,1.333,5,77.5,52.1,100.0,0.0,2.6,
51420,2011-05-14 02:50:00,new york city (brooklyn),NY,40.7141667,-74.0063889,dr5regy,2011,5,spring,03,1.667,6,53.6,50.7,72.0,0.0,5.2,
51421,2011-05-14 09:00:00,elkins,WV,38.9258333,-79.8469444,dnzjrn1,2011,5,spring,09,1.667,6,65.5,60.6,99.0,0.0,4.4,
51422,2011-05-14 12:30:00,plainview,TX,34.1847222,-101.7063889,9wpdmx5,2011,5,spring,12,1.667,6,63.4,29.6,0.0,0.0,9.8,
51423,2011-05-14 12:30:00,tucson,AZ,32.2216667,-110.9258333,9t9p7cf,2011,5,spring,12,1.667,6,86.8,22.5,0.0,0.0,8.7,
51424,2011-05-14 13:00:00,weston,FL,26.1,-80.4,dhwu6rq,2011,5,spring,13,1.667,6,87.5,66.8,61.0,0.0,8.1,
51425,2011-05-14 17:30:00,aventura,FL,25.9561111,-80.1394444,dhx58mh,2011,5,spring,18,1.667,6,81.7,68.1,63.0,0.0,12.4,
51426,2011-05-14 22:00:00,miami,FL,25.7738889,-80.1938889,dhwfx5u,2011,5,spring,22,1.667,6,77.0,68.4,100.0,0.0,4.4,
51427,2011-05-14 22:00:00,columbus,OH,39.9611111,-82.9988889,dphgr6d,2011,5,spring,22,1.667,6,63.6,60.4,73.0,0.06,3.8,
51428,2011-05-14 23:00:00,austin,TX,30.2669444,-97.7427778,9v6kpvc,2011,5,spring,23,1.667,6,66.5,42.3,0.0,0.0,7.5,
51429,2011-05-15 09:00:00,janesville,WI,42.6827778,-89.0186111,dp8dy64,2011,5,spring,09,1.667,6,46.7,34.1,100.0,0.0,15.8,
51430,2011-05-15 10:20:00,buena park,CA,33.8675,-117.9972222,9qh0dvm,2011,5,spring,10,1.667,6,58.6,47.7,80.0,0.02,9.8,
51431,2011-05-15 20:00:00,sun city,AZ,33.5975,-112.2711111,9tbpjhn,2011,5,spring,20,1.667,6,81.4,26.0,0.0,0.0,9.8,
51432,2011-05-15 23:10:00,east troy,WI,42.7852778,-88.405,dp95kkc,2011,5,spring,23,1.667,6,42.7,24.5,59.0,0.0,13.0,
51433,2011-05-16 00:00:00,fullerton,CA,33.8702778,-117.9244444,9qh0stf,2011,5,spring,00,1.667,6,51.1,45.6,21.0,0.0,4.9,
51434,2011-05-16 00:30:00,avon,MN,45.6091667,-94.4513889,cbhg6wy,2011,5,spring,00,1.667,6,45.4,31.6,0.0,0.0,5.2,
51435,2011-05-16 02:30:00,fort worth,TX,32.7252778,-97.3205556,9vff1mm,2011,5,spring,02,1.667,6,57.9,52.2,0.0,0.0,4.8,
51436,2011-05-16 11:41:00,laporte,IN,41.6105556,-86.7225,dp6kdwf,2011,5,spring,12,1.667,6,51.3,34.7,0.0,0.0,13.6,
51437,2011-05-16 22:00:00,plainwell,MI,42.44,-85.6488889,dpe17jb,2011,5,spring,22,1.667,6,48.4,32.7,29.0,0.0,5.7,
51438,2011-05-16 22:15:00,davenport,IA,41.5236111,-90.5775,9zrs4z5,2011,5,spring,22,1.667,6,50.7,35.4,0.0,0.0,5.6,
51439,2011-05-17 17:20:00,omaha,NE,41.2586111,-95.9375,9z7f8yu,2011,5,spring,17,1.667,6,66.7,36.9,20.0,0.0,11.5,
51440,2011-05-17 21:00:00,kure beach,NC,33.9966667,-77.9075,dq097hv,2011,5,spring,21,1.667,6,67.9,55.1,17.0,0.0,11.1,
51441,2011-05-17 22:30:00,highland park,IL,42.1816667,-87.8002778,dp3xfnc,2011,5,spring,22,1.667,6,46.2,40.0,15.0,0.0,11.6,
51442,2011-05-17 22:30:00,anniston,AL,33.6597222,-85.8316667,djfzqze,2011,5,spring,22,1.667,6,53.0,43.4,0.0,0.0,3.1,
51443,2011-05-18 00:30:00,gloucester,MA,42.6158333,-70.6625,drtf2jc,2011,5,spring,00,0.333,2,49.7,49.6,100.0,0.03,16.5,
51444,2011-05-18 10:00:00,belen,NM,34.6627778,-106.7758333,9whj4q0,2011,5,spring,10,0.333,2,60.0,27.2,53.0,0.0,6.4,
51445,2011-05-19 00:00:00,bellingham,WA,48.7597222,-122.4869444,c28vksr,2011,5,spring,00,0.667,3,52.3,37.5,0.0,0.0,1.8,
51446,2011-05-19 01:30:00,ellensburg,WA,46.9966667,-120.5466667,c2672gk,2011,5,spring,02,0.667,3,46.8,30.1,0.0,0.0,9.3,
51447,2011-05-19 02:11:00,hayward,CA,37.6688889,-122.0797222,9q9nq12,2011,5,spring,02,0.667,3,47.5,46.1,1.0,0.0,3.3,
51448,2011-05-19 10:50:00,elizabethtown,PA,40.1527778,-76.6030556,dr1s2ve,2011,5,spring,11,0.667,3,62.6,60.3,97.0,0.03,2.4,
51449,2011-05-19 12:30:00,florence,SC,34.1952778,-79.7627778,dnp68cn,2011,5,spring,12,0.667,3,74.4,51.9,37.0,0.0,4.8,
51450,2011-05-19 21:15:00,arcata,CA,40.8666667,-124.0816667,9prb2rw,2011,5,spring,21,0.667,3,50.6,46.7,10.0,0.0,5.8,
51451,2011-05-20 01:30:00,kansas city,KS,39.1141667,-94.6272222,9yuww8w,2011,5,spring,02,0.667,3,67.9,59.6,100.0,0.0,11.3,
51452,2011-05-20 12:00:00,kirkland,WA,47.6816667,-122.2075,c23p705,2011,5,spring,12,0.667,3,63.1,44.8,12.0,0.0,2.6,
51453,2011-05-20 16:00:00,longview,TX,32.5005556,-94.7402778,9vu8uhs,2011,5,spring,16,0.667,3,68.1,66.3,100.0,0.0,7.1,
51454,2011-05-20 21:50:00,lincoln,CA,38.8916667,-121.2919444,9qctrbj,2011,5,spring,22,0.667,3,63.9,52.8,8.0,0.0,6.3,
51455,2011-05-20 22:00:00,talking rock,GA,34.5091667,-84.505,dn5um41,2011,5,spring,22,0.667,3,68.1,61.0,90.0,0.0,3.3,
51456,2011-05-20 22:30:00,woodland hills,CA,34.1683333,-118.605,9q5dmh4,2011,5,spring,22,0.667,3,60.5,53.2,62.0,0.0,1.3,
51457,2011-05-20 22:34:00,mobile,AL,30.6941667,-88.0430556,dj3qse9,2011,5,spring,23,0.667,3,70.7,69.2,0.0,0.0,7.2,
51458,2011-05-20 23:00:00,sherrill,IA,42.6038889,-90.7844444,9zx6q5u,2011,5,spring,23,0.667,3,66.6,58.4,100.0,0.0,11.9,
51459,2011-05-20 23:15:00,walla walla,WA,46.0647222,-118.3419444,c25y51f,2011,5,spring,23,0.667,3,53.7,45.1,4.0,0.0,2.2,
51460,2011-05-21 01:00:00,magnolia,NJ,39.8544444,-75.0394444,dr4dsrm,2011,5,spring,01,2.333,9,56.6,55.6,1.0,0.0,5.1,
51461,2011-05-21 01:00:00,farmington,UT,40.9805556,-111.8866667,9x23juq,2011,5,spring,01,2.333,9,45.3,42.0,32.0,0.0,4.7,
51462,2011-05-21 01:29:00,nashville,NC,35.9744444,-77.9658333,dq2s9ug,2011,5,spring,01,2.333,9,62.6,57.7,2.0,0.0,3.4,
51463,2011-05-21 05:15:00,littleton,CO,39.6133333,-105.0161111,9xj3673,2011,5,spring,05,2.333,9,39.8,33.4,98.0,0.0,6.5,
51464,2011-05-21 10:35:00,olympia,WA,47.0380556,-122.8994444,c22ee75,2011,5,spring,11,2.333,9,55.4,43.3,100.0,0.0,5.3,
51465,2011-05-21 18:00:00,lakeville,MA,41.8458333,-70.95,drmw13z,2011,5,spring,18,2.333,9,62.2,56.9,65.0,0.0,3.5,
51466,2011-05-21 18:01:00,charlotte,NC,35.2269444,-80.8433333,dnq82kg,2011,5,spring,18,2.333,9,83.1,57.1,99.0,0.0,3.6,
51467,2011-05-21 19:00:00,oxford,MI,42.8247222,-83.2647222,dpsg9k0,2011,5,spring,19,2.333,9,70.6,55.0,100.0,0.0,6.5,
51468,2011-05-21 19:50:00,lincoln,AL,33.6130556,-86.1183333,djfz0r4,2011,5,spring,20,2.333,9,81.2,58.9,62.0,0.0,4.6,
51469,2011-05-21 20:00:00,royal oak,MI,42.4894444,-83.1447222,dpsceyz,2011,5,spring,20,2.333,9,69.0,57.9,100.0,0.0,4.0,
51470,2011-05-21 20:07:00,maple valley,WA,47.4066667,-122.0375,c23jwyp,2011,5,spring,20,2.333,9,52.7,45.4,99.0,0.0,1.1,
51471,2011-05-21 20:51:00,orland,ME,44.5702778,-68.7363889,drzjecg,2011,5,spring,21,2.333,9,49.0,42.5,100.0,0.0,8.7,
51472,2011-05-21 21:30:00,mount joy,PA,40.1097222,-76.5036111,dr1s5jg,2011,5,spring,22,2.333,9,68.0,59.5,85.0,0.0,4.3,
51473,2011-05-21 22:15:00,jackson,TN,35.6144444,-88.8138889,dn2fdgr,2011,5,spring,22,2.333,9,73.2,67.7,15.0,0.0,6.3,
51474,2011-05-22 00:10:00,concord,NC,35.4086111,-80.5797222,dnq9qmg,2011,5,spring,00,0.667,3,68.9,58.8,29.0,0.0,4.0,
51475,2011-05-22 01:00:00,wichita,KS,37.6922222,-97.3372222,9ydy3j9,2011,5,spring,01,0.667,3,68.8,45.1,0.0,0.0,11.7,
51476,2011-05-22 08:10:00,summerville,SC,33.0183333,-80.1758333,djygzdc,2011,5,spring,08,0.667,3,74.0,71.5,56.0,0.0,6.0,
51477,2011-05-22 12:00:00,americus,KS,38.5069444,-96.2616667,9yge19b,2011,5,spring,12,0.667,3,80.4,62.5,0.0,0.0,9.0,
51478,2011-05-22 16:00:00,battle creek,MI,42.3211111,-85.1797222,dpe2v8q,2011,5,spring,16,0.667,3,75.0,66.3,91.0,0.05,9.9,
51479,2011-05-22 19:00:00,lake zurich,IL,42.1969444,-88.0933333,dp9253s,2011,5,spring,19,0.667,3,74.7,66.7,98.0,0.02,14.5,
51480,2011-05-22 19:01:00,el segundo,CA,33.9191667,-118.4155556,9q5bcqu,2011,5,spring,19,0.667,3,62.7,49.6,23.0,0.0,7.6,
51481,2011-05-22 19:04:00,northampton,MA,42.325,-72.6416667,drs2fcp,2011,5,spring,19,0.667,3,59.7,53.3,100.0,0.0,7.1,
51482,2011-05-22 19:31:00,new york city (manhattan),NY,40.7141667,-74.0063889,dr5regy,2011,5,spring,20,0.667,3,56.0,51.2,100.0,0.0,8.1,
51483,2011-05-22 20:15:00,san antonio,TX,29.4238889,-98.4933333,9v1zqsr,2011,5,spring,20,0.667,3,85.0,66.4,39.0,0.0,12.8,
51484,2011-05-22 22:00:00,florissant,CO,38.9458333,-105.2888889,9wvjs1f,2011,5,spring,22,0.667,3,48.9,40.2,97.0,0.0,3.0,
51485,2011-05-22 23:31:00,manteno,IL,41.2505556,-87.8313889,dp3d9m7,2011,5,spring,00,0.667,3,64.4,62.9,67.0,0.0,9.4,
51486,2011-05-23 08:34:00,laporte,IN,41.6105556,-86.7225,dp6kdwf,2011,5,spring,09,1.333,5,67.6,65.2,87.0,0.0,12.7,
51487,2011-05-23 10:30:00,south kortright,NY,42.3422222,-74.7175,drdbgu0,2011,5,spring,10,1.333,5,58.1,54.4,100.0,0.0,12.2,
51488,2011-05-23 10:32:00,laporte,IN,41.6105556,-86.7225,dp6kdwf,2011,5,spring,11,1.333,5,74.2,66.5,25.0,0.01,12.4,
51489,2011-05-23 21:30:00,ord,NE,41.6033333,-98.9258333,9z3ssvs,2011,5,spring,22,1.333,5,63.0,55.1,99.0,0.0,5.4,
51490,2011-05-23 23:30:00,monee,IL,41.42,-87.7416667,dp3eekk,2011,5,spring,00,1.333,5,66.1,62.6,100.0,0.1,10.0,
51491,2011-05-24 01:15:00,cincinnati,OH,39.1619444,-84.4569444,dngyy1h,2011,5,spring,01,1.0,4,68.0,64.8,43.0,0.0,10.3,
51492,2011-05-24 04:00:00,bay city,MI,43.5944444,-83.8888889,dpu2501,2011,5,spring,04,1.0,4,58.5,53.7,5.0,0.0,8.9,
51493,2011-05-24 11:05:00,lakeside,CA,32.8572222,-116.9213889,9mufgmk,2011,5,spring,11,1.0,4,67.9,45.0,7.0,0.0,5.6,
51494,2011-05-24 14:56:00,san diego,CA,32.7152778,-117.1563889,9mudn59,2011,5,spring,15,1.0,4,67.2,48.5,0.0,0.0,8.1,
51495,2011-05-24 21:00:00,irving,TX,32.8138889,-96.9486111,9vg49vs,2011,5,spring,21,1.0,4,76.9,70.5,3.0,0.33,21.1,
51496,2011-05-24 22:15:00,san leandro,CA,37.725,-122.155,9q9ns79,2011,5,spring,22,1.0,4,51.0,43.7,91.0,0.0,6.6,
51497,2011-05-24 22:48:00,manor,TX,30.3405556,-97.5566667,9v6ss53,2011,5,spring,23,1.0,4,78.5,68.8,1.0,0.0,15.8,
51498,2011-05-25 00:09:00,fayetteville,NC,35.0525,-78.8786111,dnpzmj4,2011,5,spring,00,1.333,5,78.6,65.5,85.0,0.0,3.5,
51499,2011-05-25 01:24:00,delafield,WI,43.0608333,-88.4036111,dp9huqf,2011,5,spring,01,1.333,5,47.7,39.0,97.0,0.0,8.8,
51500,2011-05-25 03:30:00,benbrook,TX,32.6730556,-97.4602778,9vf9y5z,2011,5,spring,04,1.333,5,74.8,67.3,0.0,0.0,14.9,
51501,2011-05-25 05:20:00,tallahassee,FL,30.4380556,-84.2808333,djkj4jh,2011,5,spring,05,1.333,5,67.7,65.9,2.0,0.0,2.2,
51502,2011-05-25 21:15:00,leesburg,VA,39.1155556,-77.5638889,dqbydbz,2011,5,spring,21,1.333,5,74.0,65.4,40.0,0.0,6.8,
51503,2011-05-25 21:15:00,cincinnati,OH,39.1619444,-84.4569444,dngyy1h,2011,5,spring,21,1.333,5,68.1,65.9,94.0,0.08,6.6,
51504,2011-05-26 01:00:00,augusta,MT,47.4927778,-112.3913889,c82n4mz,2011,5,spring,01,1.667,6,44.5,43.6,99.0,0.0,3.3,
51505,2011-05-26 04:15:00,sparks,NV,39.535,-119.7516667,9r4bfvp,2011,5,spring,04,1.667,6,37.8,29.2,35.0,0.0,2.6,
51506,2011-05-26 09:15:00,scotland,SD,43.1497222,-97.7172222,9zdt2rh,2011,5,spring,09,1.667,6,51.8,38.8,0.0,0.0,5.3,
51507,2011-05-26 18:55:00,gamewell,NC,35.8691667,-81.5963889,dnmup1z,2011,5,spring,19,1.667,6,81.5,56.9,98.0,0.0,9.4,
51508,2011-05-26 22:10:00,timnath,CO,40.5291667,-104.9847222,9xjqe40,2011,5,spring,22,1.667,6,53.1,48.3,3.0,0.0,6.0,
51509,2011-05-26 22:30:00,las vegas,NV,36.175,-115.1363889,9qqju12,2011,5,spring,22,1.667,6,77.3,30.5,13.0,0.0,5.5,
51510,2011-05-26 23:00:00,raleigh,NC,35.7719444,-78.6388889,dq25d80,2011,5,spring,23,1.667,6,76.3,62.3,91.0,0.0,13.2,
51511,2011-05-27 14:30:00,mankato,MN,44.1636111,-93.9991667,9zv5hzx,2011,5,spring,14,2.667,12,60.7,45.8,99.0,0.0,13.0,
51512,2011-05-27 15:30:00,yakima,WA,46.6022222,-120.5047222,c2631ge,2011,5,spring,16,2.667,12,59.8,30.8,51.0,0.0,11.0,
51513,2011-05-27 20:00:00,englewood,CO,39.6477778,-104.9872222,9xj3dcw,2011,5,spring,20,2.667,12,60.8,46.5,79.0,0.0,6.8,
51514,2011-05-27 21:05:00,elkins,WV,38.9258333,-79.8469444,dnzjrn1,2011,5,spring,21,2.667,12,64.0,62.0,98.0,0.01,5.9,
51515,2011-05-27 21:45:00,ingleside,IL,42.3811111,-88.1397222,dp93474,2011,5,spring,22,2.667,12,50.7,43.8,83.0,0.01,5.8,
51516,2011-05-27 22:20:00,oak harbor,WA,48.2933333,-122.6419444,c28f9pw,2011,5,spring,22,2.667,12,47.7,42.7,40.0,0.0,1.5,
51517,2011-05-28 02:00:00,huntington beach,CA,33.6602778,-117.9983333,9mup6zs,2011,5,spring,02,5.333,56,58.2,55.3,32.0,0.0,4.0,
51518,2011-05-28 04:24:00,westminster,MD,39.5752778,-76.9961111,dr11pum,2011,5,spring,04,5.333,56,64.4,63.9,95.0,0.0,7.2,
51519,2011-05-28 04:30:00,snyder (30 west of),TX,32.7177778,-100.9172222,9vb4ps4,2011,5,spring,04,5.333,56,82.4,57.5,0.0,0.0,18.0,
51520,2011-05-28 13:00:00,joplin,MO,37.0841667,-94.5130556,9ysfcqc,2011,5,spring,13,5.333,56,83.2,67.9,100.0,0.0,9.0,
51521,2011-05-28 18:00:00,north wildwood,NJ,39.0005556,-74.7997222,dqfvcgu,2011,5,spring,18,5.333,56,70.4,66.5,12.0,0.0,11.4,
51522,2011-05-28 21:00:00,dale,IN,38.1688889,-86.99,dnf1hkr,2011,5,spring,21,5.333,56,72.9,66.0,36.0,0.0,7.9,
51523,2011-05-28 21:00:00,niangua,MO,37.3872222,-92.8325,9ytuxw1,2011,5,spring,21,5.333,56,73.4,69.4,98.0,0.0,8.3,
51524,2011-05-28 21:15:00,port republic,NJ,39.5205556,-74.4861111,dr50c42,2011,5,spring,21,5.333,56,67.9,64.8,8.0,0.0,10.3,
51525,2011-05-28 21:55:00,buffalo,NY,42.8863889,-78.8786111,dpxgvp4,2011,5,spring,22,5.333,56,65.3,60.9,99.0,0.01,3.2,
51526,2011-05-28 22:00:00,new york city (queens),NY,40.7141667,-74.0063889,dr5regy,2011,5,spring,22,5.333,56,68.0,64.8,28.0,0.0,7.2,
51527,2011-05-28 22:00:00,new york city (queens/whitestone),NY,40.7141667,-74.0063889,dr5regy,2011,5,spring,22,5.333,56,68.0,64.8,28.0,0.0,7.2,
51528,2011-05-28 22:00:00,mercer island,WA,47.5708333,-122.2208333,c23ndu1,2011,5,spring,22,5.333,56,48.6,41.8,92.0,0.0,3.1,
51529,2011-05-28 22:05:00,north aurora,IL,41.8061111,-88.3272222,dp3jy4d,2011,5,spring,22,5.333,56,58.9,56.4,37.0,0.0,5.1,
51530,2011-05-28 22:17:00,quincy,MA,42.2527778,-71.0027778,drt827c,2011,5,spring,22,5.333,56,65.9,65.0,59.0,0.0,9.4,
51531,2011-05-28 22:18:00,new milford,CT,41.5769444,-73.4088889,dr7u98c,2011,5,spring,22,5.333,56,66.0,64.6,33.0,0.0,6.8,
51532,2011-05-28 23:15:00,cockeysville,MD,39.4811111,-76.6441667,dr12xgm,2011,5,spring,23,5.333,56,69.7,66.7,98.0,0.0,7.9,
51533,2011-05-28 23:20:00,tucson,AZ,32.2216667,-110.9258333,9t9p7cf,2011,5,spring,23,5.333,56,80.8,37.4,0.0,0.0,7.0,
51534,2011-05-29 00:00:00,el paso,TX,31.7586111,-106.4863889,9tsk8v6,2011,5,spring,00,1.667,6,82.9,16.0,0.0,0.0,10.8,
51535,2011-05-29 01:00:00,myrtle beach,SC,33.6888889,-78.8869444,djzzsuu,2011,5,spring,01,1.667,6,73.8,71.3,92.0,0.0,6.4,
51536,2011-05-29 04:05:00,poplar bluff,MO,36.7569444,-90.3927778,9yx9p53,2011,5,spring,04,1.667,6,71.1,61.5,8.0,0.0,9.4,
51537,2011-05-29 04:45:00,burrton,KS,38.0238889,-97.6694444,9yf836p,2011,5,spring,05,1.667,6,68.0,66.0,49.0,0.0,11.3,
51538,2011-05-29 12:00:00,rockwall,TX,32.9311111,-96.4594444,9vg7m4b,2011,5,spring,12,1.667,6,85.0,67.4,9.0,0.0,17.8,
51539,2011-05-29 17:00:00,modesto,CA,37.6391667,-120.9958333,9q9ynsj,2011,5,spring,17,1.667,6,71.9,27.9,0.0,0.0,12.0,
51540,2011-05-29 21:00:00,salem,CT,41.4902778,-72.2758333,drks534,2011,5,spring,21,1.667,6,66.2,65.1,83.0,0.0,7.2,
51541,2011-05-29 21:30:00,coral springs,FL,26.2708333,-80.2708333,dhwvmqk,2011,5,spring,22,1.667,6,77.3,68.8,33.0,0.0,6.9,
51542,2011-05-29 22:00:00,davenport,IA,41.5236111,-90.5775,9zrs4z5,2011,5,spring,22,1.667,6,75.8,63.9,23.0,0.0,9.8,
51543,2011-05-29 22:10:00,fremont,CA,37.5483333,-121.9875,9q9m857,2011,5,spring,22,1.667,6,51.9,46.5,1.0,0.0,2.7,
51544,2011-05-29 23:00:00,lake como,NJ,40.1597222,-74.0286111,dr5k7qy,2011,5,spring,23,1.667,6,71.8,68.0,100.0,0.0,8.5,
51545,2011-05-29 23:25:00,ithaca,NY,42.4405556,-76.4969444,dr997q0,2011,5,spring,23,1.667,6,73.6,68.7,100.0,0.0,6.4,
51546,2011-05-29 23:30:00,york,SC,34.9941667,-81.2422222,dnnpp63,2011,5,spring,00,1.667,6,69.2,67.4,19.0,0.0,6.2,
51547,2011-05-29 23:30:00,moon,PA,40.5088889,-80.2394444,dpnyqn7,2011,5,spring,00,1.667,6,64.6,60.8,100.0,0.0,5.9,
51548,2011-05-30 00:00:00,san antonio,TX,29.4238889,-98.4933333,9v1zqsr,2011,5,spring,00,2.333,9,78.1,71.7,77.0,0.0,13.2,
51549,2011-05-30 04:15:00,castle pines,CO,39.4580556,-104.8955556,9xj2mp1,2011,5,spring,04,2.333,9,49.8,26.0,0.0,0.0,6.1,
51550,2011-05-30 04:20:00,pueblo west,CO,38.35,-104.7222222,9wvd0vr,2011,5,spring,04,2.333,9,58.7,23.0,1.0,0.0,5.9,
51551,2011-05-30 16:15:00,redding,CA,40.5866667,-122.3905556,9r0yyut,2011,5,spring,16,2.333,9,67.1,40.6,96.0,0.0,12.9,
51552,2011-05-30 19:45:00,huntington beach,CA,33.6602778,-117.9983333,9mup6zs,2011,5,spring,20,2.333,9,64.3,46.1,0.0,0.0,4.9,
51553,2011-05-30 21:00:00,herriman,UT,40.5141667,-112.0322222,9x0q6xk,2011,5,spring,21,2.333,9,49.9,37.6,8.0,0.0,6.5,
51554,2011-05-30 21:45:00,wills point,TX,32.7091667,-96.0080556,9vgdp69,2011,5,spring,22,2.333,9,83.8,62.2,4.0,0.0,12.6,
51555,2011-05-30 22:00:00,austin,TX,30.2669444,-97.7427778,9v6kpvc,2011,5,spring,22,2.333,9,81.9,67.5,21.0,0.0,15.3,
51556,2011-05-30 22:50:00,middletown,DE,39.4494444,-75.7166667,dr40mj8,2011,5,spring,23,2.333,9,77.3,73.6,0.0,0.0,3.6,
51557,2011-05-31 04:00:00,kansas city,MO,39.0997222,-94.5783333,9yuwrvf,2011,5,spring,04,1.0,4,76.4,61.6,94.0,0.0,13.0,
51558,2011-05-31 05:45:00,dunnellon,FL,29.0488889,-82.4611111,djjm781,2011,5,spring,06,1.0,4,70.8,67.7,0.0,0.0,3.5,
51559,2011-05-31 13:45:00,chipita park,CO,38.9244444,-105.0061111,9wvm6tb,2011,5,spring,14,1.0,4,62.5,16.9,0.0,0.0,11.6,
51560,2011-05-31 22:14:00,lowrys,SC,34.8038889,-81.2394444,dnnjzrg,2011,5,spring,22,1.0,4,80.9,69.0,96.0,0.0,4.4,
51561,2011-05-31 22:15:00,saint petersburg,FL,27.7705556,-82.6794444,dhvjyx6,2011,5,spring,22,1.0,4,82.8,68.7,0.0,0.0,13.0,
51562,2011-05-31 22:45:00,wareham,MA,41.7625,-70.7222222,drmtwdt,2011,5,spring,23,1.0,4,59.5,56.9,11.0,0.0,7.8,
51563,2011-05-31 23:00:00,wareham,MA,41.7625,-70.7222222,drmtwdt,2011,5,spring,23,1.0,4,59.5,56.9,11.0,0.0,7.8,
51564,2011-05-31 23:00:00,st. joseph,MO,39.7686111,-94.8463889,9zhd1xw,2011,5,spring,23,1.0,4,64.7,54.0,0.0,0.0,6.0,
51565,2011-06-01 00:00:00,bergen,NY,43.0852778,-77.9425,dr8t47k,2011,6,summer,00,2.0,7,76.1,69.0,51.0,0.0,9.3,
51566,2011-06-01 00:38:00,osage beach,MO,38.1502778,-92.6177778,9yy1h3j,2011,6,summer,01,2.0,7,71.8,69.2,0.0,0.0,4.3,
51567,2011-06-01 03:00:00,monroe,MI,41.9163889,-83.3977778,dpkwqnx,2011,6,summer,03,2.0,7,74.7,68.0,23.0,0.0,11.1,
51568,2011-06-01 04:00:00,highland village,TX,33.0916667,-97.0463889,9vfur8h,2011,6,summer,04,2.0,7,76.3,68.4,100.0,0.0,5.6,
51569,2011-06-01 04:00:00,marked tree,AR,35.5327778,-90.4205556,9yrdnkt,2011,6,summer,04,2.0,7,74.5,68.7,0.0,0.0,2.3,
51570,2011-06-01 05:15:00,paint rock,TX,31.5083333,-99.9197222,9v8gnrb,2011,6,summer,05,2.0,7,78.3,65.6,100.0,0.0,12.9,
51571,2011-06-01 15:20:00,pleasant hill,OH,40.0516667,-84.3444444,dph5ben,2011,6,summer,15,2.0,7,80.8,52.1,39.0,0.0,11.1,
51572,2011-06-01 18:10:00,elk grove,CA,38.4088889,-121.3705556,9qcdw0h,2011,6,summer,18,2.0,7,61.3,39.7,34.0,0.0,6.0,
51573,2011-06-01 22:00:00,brooklyn park,MN,45.0941667,-93.3561111,cbj8e9h,2011,6,summer,22,2.0,7,63.2,48.3,22.0,0.0,5.0,
51574,2011-06-01 22:00:00,little rock,AR,34.7463889,-92.2894444,9ynmevk,2011,6,summer,22,2.0,7,81.0,70.2,88.0,0.0,3.6,
51575,2011-06-01 22:30:00,lancaster,PA,40.0377778,-76.3058333,dr1ez8e,2011,6,summer,22,2.0,7,78.6,66.0,52.0,0.0,9.0,
51576,2011-06-01 22:30:00,holden beach,NC,33.9133333,-78.3041667,dq02fjs,2011,6,summer,22,2.0,7,77.2,73.4,69.0,0.0,8.3,
51577,2011-06-01 23:00:00,perrysburg,OH,41.5569444,-83.6272222,dpks3j0,2011,6,summer,23,2.0,7,66.7,49.0,0.0,0.0,8.9,
51578,2011-06-02 00:00:00,la veta,CO,37.505,-105.0072222,9wtm6e8,2011,6,summer,00,1.0,4,59.2,52.3,4.0,0.0,5.3,
51579,2011-06-02 01:19:00,montclair,CA,34.0775,-117.6888889,9qh3cgt,2011,6,summer,01,1.0,4,52.4,45.4,0.0,0.0,2.0,
51580,2011-06-02 20:00:00,upland,CA,34.0975,-117.6475,9qh3fz7,2011,6,summer,20,1.0,4,66.8,42.3,79.0,0.0,3.6,
51581,2011-06-02 20:50:00,st. louis,MO,38.6272222,-90.1977778,9yzgerz,2011,6,summer,21,1.0,4,79.0,67.0,60.0,0.0,5.8,
51582,2011-06-02 20:55:00,st. charles,MO,38.7838889,-90.4811111,9yzsth3,2011,6,summer,21,1.0,4,78.0,67.6,52.0,0.0,6.1,
51583,2011-06-02 21:00:00,st. augustine,FL,29.8944444,-81.3147222,djq4jdh,2011,6,summer,21,1.0,4,77.0,68.3,5.0,0.0,5.4,
51584,2011-06-02 22:00:00,seabeck,WA,47.6397222,-122.8272222,c22xhbx,2011,6,summer,22,1.0,4,52.9,47.6,45.0,0.01,2.3,
51585,2011-06-02 22:05:00,auburn,WA,47.3075,-122.2272222,c23j4sh,2011,6,summer,22,1.0,4,50.3,46.1,32.0,0.0,6.5,
51586,2011-06-02 22:30:00,carthage,TN,36.2522222,-85.9516667,dn6yhpe,2011,6,summer,22,1.0,4,77.0,65.6,0.0,0.0,6.6,
51587,2011-06-02 23:00:00,florissant,MO,38.7891667,-90.3225,9yzu8tm,2011,6,summer,23,1.0,4,76.2,65.2,16.0,0.0,6.7,
51588,2011-06-02 23:30:00,arcata,CA,40.8666667,-124.0816667,9prb2rw,2011,6,summer,00,1.0,4,48.6,44.5,39.0,0.0,4.1,
51589,2011-06-03 01:00:00,lancaster,PA,40.0377778,-76.3058333,dr1ez8e,2011,6,summer,01,0.667,3,60.9,43.9,27.0,0.0,9.1,
51590,2011-06-03 07:00:00,sun valley,CA,34.2175,-118.3694444,9q5fdmn,2011,6,summer,07,0.667,3,52.8,38.5,0.0,0.0,3.5,
51591,2011-06-03 08:40:00,seattle,WA,47.6063889,-122.3308333,c23nb63,2011,6,summer,09,0.667,3,54.3,46.3,10.0,0.0,1.8,
51592,2011-06-03 09:01:00,montgomery,NY,41.5275,-74.2372222,dr7hnxy,2011,6,summer,09,0.667,3,58.5,41.8,0.0,0.0,8.1,
51593,2011-06-03 12:00:00,kenefic,OK,34.1480556,-96.3619444,9y56r0r,2011,6,summer,12,0.667,3,90.8,66.7,0.0,0.0,7.5,
51594,2011-06-03 13:45:00,solvang,CA,34.5958333,-120.1366667,9q4sf1z,2011,6,summer,14,0.667,3,65.4,47.0,95.0,0.0,11.0,
51595,2011-06-03 15:00:00,mills,WY,42.8405556,-106.3652778,9xs7ewg,2011,6,summer,15,0.667,3,63.4,26.6,81.0,0.0,17.6,
51596,2011-06-03 21:00:00,clearwater,FL,27.9655556,-82.8002778,dhvp5ff,2011,6,summer,21,0.667,3,81.5,73.8,0.0,0.0,7.9,
51597,2011-06-03 21:15:00,burlington,NC,36.0955556,-79.4380556,dnrt26f,2011,6,summer,21,0.667,3,78.2,43.6,6.0,0.0,3.5,
51598,2011-06-03 22:00:00,portland,ME,43.6613889,-70.2558333,dry03k3,2011,6,summer,22,0.667,3,56.3,40.3,54.0,0.0,7.8,
51599,2011-06-03 22:00:00,cuba,NY,42.2175,-78.2755556,dr824v3,2011,6,summer,22,0.667,3,55.8,47.1,8.0,0.0,3.0,
51600,2011-06-03 22:22:00,st. charles,IL,41.9141667,-88.3086111,dp3nqqp,2011,6,summer,22,0.667,3,77.5,70.6,1.0,0.0,9.2,
51601,2011-06-03 23:00:00,swartz creek,MI,42.9572222,-83.8305556,dpskkkh,2011,6,summer,23,0.667,3,63.6,49.0,89.0,0.0,9.2,
51602,2011-06-03 23:30:00,belton,TX,31.0558333,-97.4641667,9vd8wjs,2011,6,summer,00,0.667,3,84.2,61.5,0.0,0.0,6.7,
51603,2011-06-04 01:00:00,federal way,WA,47.3225,-122.3113889,c23j0wz,2011,6,summer,01,3.667,22,50.2,45.6,0.0,0.0,5.0,
51604,2011-06-04 03:45:00,monroe,WA,47.8555556,-121.9697222,c2920xb,2011,6,summer,04,3.667,22,47.8,45.8,0.0,0.0,3.2,
51605,2011-06-04 09:00:00,downey,CA,33.94,-118.1316667,9q5cpfe,2011,6,summer,09,3.667,22,59.5,47.7,81.0,0.0,7.4,
51606,2011-06-04 09:45:00,powell,OH,40.1577778,-83.0752778,dphumwd,2011,6,summer,10,3.667,22,69.5,58.6,80.0,0.0,8.7,
51607,2011-06-04 12:40:00,avon,CT,41.8097222,-72.8311111,drkjyen,2011,6,summer,13,3.667,22,71.5,44.7,32.0,0.0,6.4,
51608,2011-06-04 21:30:00,menasha,WI,44.2022222,-88.4463889,dpc57qg,2011,6,summer,22,3.667,22,74.8,54.9,0.0,0.0,5.6,
51609,2011-06-04 21:30:00,rochester,NY,43.1547222,-77.6158333,dr8v9b1,2011,6,summer,22,3.667,22,60.3,56.4,34.0,0.0,6.4,
51610,2011-06-04 22:10:00,beacon,NY,41.5047222,-73.97,dr7khg8,2011,6,summer,22,3.667,22,60.1,56.1,16.0,0.0,0.9,
51611,2011-06-04 22:30:00,vacaville,CA,38.3566667,-121.9866667,9qc60ns,2011,6,summer,22,3.667,22,56.4,53.3,92.0,0.01,3.3,
51612,2011-06-04 23:00:00,boston,MA,42.3583333,-71.0602778,drt2yzp,2011,6,summer,23,3.667,22,50.6,45.8,0.0,0.0,3.0,
51613,2011-06-05 02:15:00,ogden,UT,41.2230556,-111.9730556,9x26ebr,2011,6,summer,02,1.333,5,48.9,44.8,27.0,0.0,5.6,
51614,2011-06-05 14:18:00,st. augustine,FL,29.8944444,-81.3147222,djq4jdh,2011,6,summer,14,1.333,5,83.8,71.0,2.0,0.0,7.7,
51615,2011-06-05 14:38:00,buffalo,NY,42.8863889,-78.8786111,dpxgvp4,2011,6,summer,15,1.333,5,75.6,55.9,14.0,0.0,7.1,
51616,2011-06-05 21:23:00,st. augustine,FL,29.8944444,-81.3147222,djq4jdh,2011,6,summer,21,1.333,5,79.7,67.6,87.0,0.0,8.9,
51617,2011-06-05 22:11:00,omaha,NE,41.2586111,-95.9375,9z7f8yu,2011,6,summer,22,1.333,5,79.0,64.6,0.0,0.0,10.7,
51618,2011-06-05 22:56:00,lawton,OK,34.6086111,-98.39,9y4hch6,2011,6,summer,23,1.333,5,83.9,51.4,1.0,0.0,10.6,
51619,2011-06-06 05:30:00,signal mountain,TN,35.1225,-85.3438889,dn5rccy,2011,6,summer,06,0.333,2,66.0,64.5,42.0,0.0,4.9,
51620,2011-06-06 10:15:00,lyons,PA,40.4819444,-75.7580556,dr4nk1d,2011,6,summer,10,0.333,2,70.0,58.3,1.0,0.0,3.5,
51621,2011-06-06 21:10:00,barrington hills,IL,42.1686111,-88.2575,dp3pzss,2011,6,summer,21,0.333,2,81.1,72.0,0.0,0.0,8.2,
51622,2011-06-06 22:00:00,dubuque,IA,42.5005556,-90.6644444,9zx9bbu,2011,6,summer,22,0.333,2,80.0,73.0,0.0,0.0,8.0,
51623,2011-06-06 22:05:00,apple valley (above),CA,34.5008333,-117.185,9qhsm2s,2011,6,summer,22,0.333,2,59.2,42.3,0.0,0.0,3.5,
51624,2011-06-06 23:31:00,somerville,NJ,40.5741667,-74.6102778,dr4yy4q,2011,6,summer,00,0.333,2,60.6,56.3,41.0,0.0,2.6,
51625,2011-06-07 01:30:00,manchester,TN,35.4816667,-86.0886111,dn6cc50,2011,6,summer,02,3.667,22,72.3,64.1,0.0,0.0,4.0,
51626,2011-06-07 10:05:00,mount pulaski,IL,40.0108333,-89.2822222,dp0e87d,2011,6,summer,10,3.667,22,83.7,70.4,0.0,0.0,8.1,
51627,2011-06-07 11:00:00,rancho mirage,CA,33.7397222,-116.4119444,9mvpyyp,2011,6,summer,11,3.667,22,80.2,36.7,0.0,0.0,3.3,
51628,2011-06-07 17:45:00,westminster,CO,39.8366667,-105.0366667,9xj69u4,2011,6,summer,18,3.667,22,81.9,22.0,0.0,0.0,3.2,
51629,2011-06-07 21:29:00,huntington,NY,40.8680556,-73.4261111,dr7b3pu,2011,6,summer,21,3.667,22,74.6,65.6,82.0,0.0,8.6,
51630,2011-06-07 22:00:00,pasadena,MD,39.1072222,-76.5713889,dqcw3x6,2011,6,summer,22,3.667,22,77.0,65.4,56.0,0.0,8.3,
51631,2011-06-07 22:30:00,palermo,NY,43.365,-76.2827778,dr9y8nk,2011,6,summer,22,3.667,22,68.6,65.9,44.0,0.0,1.4,
51632,2011-06-08 21:00:00,southport,NC,33.9213889,-78.0205556,dq08bx5,2011,6,summer,21,3.0,15,78.0,69.3,18.0,0.0,16.6,
51633,2011-06-08 21:30:00,litchfield beach,SC,33.4666667,-79.1,djzy2h3,2011,6,summer,22,3.0,15,77.8,67.8,53.0,0.0,11.8,
51634,2011-06-08 21:30:00,ocracoke (on ferryboat),NC,35.1144444,-75.9813889,dq1zz02,2011,6,summer,22,3.0,15,78.1,72.3,13.0,0.0,21.4,
51635,2011-06-08 21:30:00,pawleys island,SC,33.4330556,-79.1216667,djzwpw3,2011,6,summer,22,3.0,15,77.8,67.8,53.0,0.0,11.8,
51636,2011-06-08 21:30:00,sunset beach,NC,33.8805556,-78.5125,dq00tru,2011,6,summer,22,3.0,15,77.8,69.0,24.0,0.0,14.1,
51637,2011-06-08 21:30:00,north myrtle beach,SC,33.8158333,-78.6802778,dq003ef,2011,6,summer,22,3.0,15,77.8,68.4,27.0,0.0,11.1,
51638,2011-06-08 21:31:00,pawleys island,SC,33.4330556,-79.1216667,djzwpw3,2011,6,summer,22,3.0,15,77.8,67.8,53.0,0.0,11.8,
51639,2011-06-08 21:45:00,myrtle beach,SC,33.6888889,-78.8869444,djzzsuu,2011,6,summer,22,3.0,15,77.9,67.8,36.0,0.0,11.8,
51640,2011-06-08 22:00:00,holden beach,NC,33.9133333,-78.3041667,dq02fjs,2011,6,summer,22,3.0,15,77.8,69.3,24.0,0.0,14.9,
51641,2011-06-08 22:30:00,plainville,CT,41.6744444,-72.8586111,drkjn49,2011,6,summer,22,3.0,15,78.1,70.7,95.0,0.0,3.2,
51642,2011-06-09 02:40:00,yakima,WA,46.6022222,-120.5047222,c2631ge,2011,6,summer,03,0.333,2,50.8,45.2,47.0,0.0,2.3,
51643,2011-06-09 03:30:00,hartford,CT,41.7636111,-72.6855556,drkm9fz,2011,6,summer,04,0.333,2,70.3,68.5,1.0,0.0,3.5,
51644,2011-06-09 21:30:00,indianapolis,IN,39.7683333,-86.1580556,dp4dprt,2011,6,summer,22,0.333,2,76.4,69.5,82.0,0.0,4.1,
51645,2011-06-09 22:00:00,monrovia,AL,34.7863889,-86.7138889,dn4mfu8,2011,6,summer,22,0.333,2,79.6,67.6,22.0,0.0,1.4,
51646,2011-06-09 22:00:00,west seattle,WA,47.6063889,-122.3308333,c23nb63,2011,6,summer,22,0.333,2,57.6,51.2,99.0,0.0,0.9,
51647,2011-06-09 23:50:00,north aurora,IL,41.8061111,-88.3272222,dp3jy4d,2011,6,summer,00,0.333,2,75.0,69.3,100.0,0.0,8.7,
51648,2011-06-10 09:00:00,new rochelle,NY,40.9113889,-73.7827778,dr789p9,2011,6,summer,09,3.333,18,76.7,67.1,93.0,0.0,6.3,
51649,2011-06-10 19:45:00,maplewood,MO,38.6125,-90.3244444,9yzg8t5,2011,6,summer,20,3.333,18,86.3,68.5,72.0,0.0,1.9,
51650,2011-06-10 21:00:00,louisville,CO,39.9777778,-105.1313889,9xj5rtt,2011,6,summer,21,3.333,18,62.2,48.7,5.0,0.0,1.2,
51651,2011-06-10 21:00:00,red oak,TX,32.5175,-96.8041667,9vg0vpt,2011,6,summer,21,3.333,18,90.2,59.9,0.0,0.0,7.8,
51652,2011-06-10 21:05:00,frankfort,IL,41.4958333,-87.8486111,dp3s0fn,2011,6,summer,21,3.333,18,65.8,62.7,100.0,0.0,7.4,
51653,2011-06-10 21:22:00,lewistown,PA,40.5991667,-77.5716667,dr0yfyf,2011,6,summer,21,3.333,18,75.9,68.1,56.0,0.0,3.9,
51654,2011-06-10 23:00:00,pawling,NY,41.5619444,-73.6030556,dr7smn5,2011,6,summer,23,3.333,18,68.3,61.2,71.0,0.0,6.8,
51655,2011-06-10 23:20:00,antioch,CA,38.005,-121.8047222,9qc2hq8,2011,6,summer,23,3.333,18,56.3,50.8,21.0,0.0,11.2,
51656,2011-06-11 00:00:00,lake stevens,WA,48.0152778,-122.0625,c291nku,2011,6,summer,00,1.0,4,53.6,49.1,100.0,0.0,1.6,
51657,2011-06-11 00:00:00,medford,OR,42.3266667,-122.8744444,9r88gcm,2011,6,summer,00,1.0,4,55.0,49.4,100.0,0.0,2.4,
51658,2011-06-11 15:00:00,richardson,TX,32.9480556,-96.7294444,9vg5qy5,2011,6,summer,15,1.0,4,92.4,65.0,12.0,0.0,7.8,
51659,2011-06-11 16:00:00,san pedro,CA,33.7358333,-118.2913889,9mgzujq,2011,6,summer,16,1.0,4,68.2,52.5,45.0,0.0,7.5,
51660,2011-06-11 16:30:00,chesaw,WA,48.9461111,-119.0502778,c2eq6yq,2011,6,summer,16,1.0,4,63.3,42.7,50.0,0.0,4.0,
51661,2011-06-11 17:35:00,denver,CO,39.7391667,-104.9841667,9xj6542,2011,6,summer,18,1.0,4,76.9,40.7,6.0,0.0,9.7,
51662,2011-06-11 20:30:00,franklin,PA,41.3977778,-79.8316667,dpr5x2h,2011,6,summer,20,1.0,4,72.7,68.1,27.0,0.0,3.7,
51663,2011-06-11 21:00:00,fairmont,WV,39.485,-80.1427778,dpp08k1,2011,6,summer,21,1.0,4,70.9,69.7,49.0,0.03,2.5,
51664,2011-06-11 21:50:00,nelsonville,OH,39.4586111,-82.2319444,dpj82z0,2011,6,summer,22,1.0,4,72.3,71.3,21.0,0.0,3.2,
51665,2011-06-11 22:00:00,winter garden,FL,28.565,-81.5863889,djjfx2n,2011,6,summer,22,1.0,4,79.6,70.2,18.0,0.0,8.2,
51666,2011-06-11 22:28:00,west bloomfield,MI,42.5377778,-83.2330556,dpscczz,2011,6,summer,22,1.0,4,68.9,61.5,37.0,0.0,6.6,
51667,2011-06-11 22:30:00,wheeling,WV,40.0638889,-80.7211111,dpnegjk,2011,6,summer,22,1.0,4,73.4,70.5,39.0,0.0,4.7,
51668,2011-06-12 05:00:00,jensen beach,FL,27.2541667,-80.23,dhygn36,2011,6,summer,05,1.0,4,73.4,70.9,36.0,0.0,3.4,
51669,2011-06-12 09:00:00,woodstock,IL,42.3147222,-88.4486111,dp90er1,2011,6,summer,09,1.0,4,60.0,51.2,94.0,0.0,6.8,
51670,2011-06-12 22:00:00,lincoln city,OR,44.9583333,-124.0166667,9pzzcbm,2011,6,summer,22,1.0,4,53.9,50.3,100.0,0.01,16.1,
51671,2011-06-12 22:30:00,waukee,IA,41.6116667,-93.885,9zmhxx5,2011,6,summer,22,1.0,4,61.4,54.7,13.0,0.0,8.9,
51672,2011-06-12 22:45:00,yakima,WA,46.6022222,-120.5047222,c2631ge,2011,6,summer,23,1.0,4,61.2,42.7,71.0,0.0,4.9,
51673,2011-06-12 22:56:00,hudson falls,NY,43.3005556,-73.5863889,drewmd8,2011,6,summer,23,1.0,4,58.5,58.4,33.0,0.0,5.6,
51674,2011-06-12 23:00:00,lafayette,OH,40.7602778,-83.9486111,dphrcsn,2011,6,summer,23,1.0,4,61.2,48.4,76.0,0.0,7.7,
51675,2011-06-13 00:00:00,lakewood,WA,47.1719444,-122.5172222,c22uk53,2011,6,summer,00,2.0,7,54.9,50.6,100.0,0.0,5.3,
51676,2011-06-13 00:00:00,lubbock,TX,33.5777778,-101.8547222,9tzx40x,2011,6,summer,00,2.0,7,85.8,44.2,0.0,0.0,18.1,
51677,2011-06-13 01:00:00,green bay,WI,44.5191667,-88.0197222,dpcmm03,2011,6,summer,01,2.0,7,51.5,46.4,0.0,0.0,4.0,
51678,2011-06-13 02:00:00,bay city,MI,43.5944444,-83.8888889,dpu2501,2011,6,summer,02,2.0,7,55.4,46.5,0.0,0.0,6.5,
51679,2011-06-13 03:00:00,beacon falls,CT,41.4427778,-73.0630556,drk5c2m,2011,6,summer,03,2.0,7,59.6,59.5,100.0,0.02,1.9,
51680,2011-06-13 16:00:00,durango,CO,37.2752778,-107.8794444,9wek11u,2011,6,summer,16,2.0,7,77.0,21.4,8.0,0.0,6.3,
51681,2011-06-13 20:00:00,annapolis,MD,38.9783333,-76.4925,dqcterg,2011,6,summer,20,2.0,7,72.7,55.8,19.0,0.0,6.3,
51682,2011-06-13 20:15:00,hillsville,VA,36.7625,-80.735,dnw94u6,2011,6,summer,20,2.0,7,67.9,51.1,0.0,0.0,6.4,
51683,2011-06-13 21:00:00,banks,OR,45.6188889,-123.1130556,c207w2x,2011,6,summer,21,2.0,7,56.3,47.9,43.0,0.0,5.8,
51684,2011-06-13 21:17:00,florence,KY,38.9988889,-84.6266667,dngvf78,2011,6,summer,21,2.0,7,68.6,54.7,0.0,0.0,3.8,
51685,2011-06-13 22:18:00,ardenvoir,WA,47.7375,-120.3677778,c26rsfq,2011,6,summer,22,2.0,7,53.8,44.7,12.0,0.0,4.8,
51686,2011-06-13 22:21:00,leavenworth,WA,47.5963889,-120.6602778,c26ny29,2011,6,summer,22,2.0,7,54.0,48.1,84.0,0.0,6.3,
51687,2011-06-13 22:30:00,greensboro,NC,36.0725,-79.7922222,dnrm0qc,2011,6,summer,22,2.0,7,75.1,51.4,0.0,0.0,7.5,
51688,2011-06-13 23:57:00,ardenvoir,WA,47.7375,-120.3677778,c26rsfq,2011,6,summer,00,2.0,7,55.8,45.4,46.0,0.0,4.3,
51689,2011-06-14 00:00:00,winnsboro,TX,32.9572222,-95.29,9vu5rxe,2011,6,summer,00,1.667,6,83.7,62.9,0.0,0.0,7.0,
51690,2011-06-14 00:10:00,indianapolis,IN,39.7683333,-86.1580556,dp4dprt,2011,6,summer,00,1.667,6,63.7,52.9,71.0,0.0,5.2,
51691,2011-06-14 09:45:00,las vegas,NV,36.175,-115.1363889,9qqju12,2011,6,summer,10,1.667,6,88.6,39.6,0.0,0.0,4.4,
51692,2011-06-14 16:00:00,long lane,MO,37.6113889,-92.9091667,9ytvvyc,2011,6,summer,16,1.667,6,91.0,62.8,74.0,0.0,13.4,
51693,2011-06-14 21:15:00,pinole,CA,38.0044444,-122.2977778,9qc01n3,2011,6,summer,21,1.667,6,67.5,54.2,0.0,0.0,4.2,
51694,2011-06-14 21:30:00,frisco,NC,35.235,-75.6288889,dq60rn2,2011,6,summer,22,1.667,6,72.6,61.0,39.0,0.0,15.0,
51695,2011-06-14 21:30:00,mercer island,WA,47.5708333,-122.2208333,c23ndu1,2011,6,summer,22,1.667,6,51.7,45.3,69.0,0.0,1.9,
51696,2011-06-14 22:00:00,bellevue,WA,47.6105556,-122.1994444,c23ng71,2011,6,summer,22,1.667,6,52.7,46.3,69.0,0.0,1.9,
51697,2011-06-14 22:25:00,astoria,NY,40.7719444,-73.9305556,dr5rvwm,2011,6,summer,22,1.667,6,59.2,56.6,61.0,0.0,8.3,
51698,2011-06-14 22:30:00,lindon,UT,40.3433333,-111.72,9x0t98r,2011,6,summer,22,1.667,6,63.0,51.1,0.0,0.0,2.5,
51699,2011-06-14 22:45:00,lemont,IL,41.6736111,-88.0016667,dp3mj6r,2011,6,summer,23,1.667,6,66.5,54.1,78.0,0.0,11.1,
51700,2011-06-14 23:30:00,new york city (manhattan),NY,40.7141667,-74.0063889,dr5regy,2011,6,summer,00,1.667,6,62.4,57.1,51.0,0.0,4.0,
51701,2011-06-15 01:00:00,roswell,GA,34.0230556,-84.3616667,dnh1839,2011,6,summer,01,0.667,3,74.4,55.1,24.0,0.0,3.5,
51702,2011-06-15 03:00:00,pennellville,NY,43.2825,-76.2708333,dr9y0rm,2011,6,summer,03,0.667,3,53.5,49.5,1.0,0.0,7.8,
51703,2011-06-15 05:16:00,westminster,SC,34.6647222,-83.0966667,dnhvjnd,2011,6,summer,05,0.667,3,66.4,57.5,0.0,0.0,4.8,
51704,2011-06-15 09:00:00,buxton,NC,35.2675,-75.5427778,dq628ur,2011,6,summer,09,0.667,3,72.1,57.9,39.0,0.0,14.9,
51705,2011-06-15 10:42:00,plymouth,MA,41.9583333,-70.6677778,drmwxym,2011,6,summer,11,0.667,3,61.1,52.4,98.0,0.0,11.9,
51706,2011-06-15 11:20:00,santa rosa,CA,38.4405556,-122.7133333,9qbdxtf,2011,6,summer,11,0.667,3,83.6,55.8,0.0,0.0,1.4,
51707,2011-06-15 19:00:00,great falls,MT,47.5002778,-111.3,c82y5r1,2011,6,summer,19,0.667,3,58.3,39.6,40.0,0.0,9.6,
51708,2011-06-15 20:15:00,memphis,TN,35.1494444,-90.0488889,9ypzyyu,2011,6,summer,20,0.667,3,86.6,66.7,71.0,0.0,3.9,
51709,2011-06-15 20:19:00,georgetown,DC,38.9047222,-77.0627778,dqcjq6k,2011,6,summer,20,0.667,3,77.0,53.2,7.0,0.0,3.1,
51710,2011-06-15 20:50:00,chalmette,LA,29.9425,-89.9633333,dj242ff,2011,6,summer,21,0.667,3,86.1,70.0,38.0,0.0,12.1,
51711,2011-06-15 21:00:00,eureka,NV,39.5127778,-115.9597222,9rj8c30,2011,6,summer,21,0.667,3,69.5,12.8,5.0,0.0,7.6,
51712,2011-06-15 21:27:00,frisco,NC,35.235,-75.6288889,dq60rn2,2011,6,summer,21,0.667,3,73.1,57.9,12.0,0.0,10.1,
51713,2011-06-15 21:30:00,frisco,NC,35.235,-75.6288889,dq60rn2,2011,6,summer,22,0.667,3,73.5,56.8,6.0,0.0,9.2,
51714,2011-06-15 21:30:00,ocracoke,NC,35.1144444,-75.9813889,dq1zz02,2011,6,summer,22,0.667,3,73.6,59.4,21.0,0.0,11.6,
51715,2011-06-15 22:00:00,loveland,OH,39.2688889,-84.2638889,dnup6s8,2011,6,summer,22,0.667,3,66.9,64.9,100.0,0.01,2.8,
51716,2011-06-15 22:30:00,bohemia,NY,40.7691667,-73.1155556,drhpbjy,2011,6,summer,22,0.667,3,68.5,62.4,1.0,0.0,4.8,
51717,2011-06-15 23:20:00,middletown,DE,39.4494444,-75.7166667,dr40mj8,2011,6,summer,23,0.667,3,67.6,61.0,31.0,0.0,5.8,
51718,2011-06-15 23:30:00,saugus,MA,42.4647222,-71.0105556,drt9847,2011,6,summer,00,0.667,3,55.1,49.1,80.0,0.0,8.6,
51719,2011-06-15 23:30:00,corydon,IN,38.2119444,-86.1219444,dnfc2hr,2011,6,summer,00,0.667,3,65.7,56.3,84.0,0.0,3.4,
51720,2011-06-16 01:00:00,gila bend (west of),AZ,32.9477778,-112.7161111,9mzg7jf,2011,6,summer,01,2.667,12,86.2,37.1,0.0,0.0,6.5,
51721,2011-06-16 04:04:00,navasota,TX,30.3877778,-96.0875,9v7sv7z,2011,6,summer,04,2.667,12,77.7,71.5,47.0,0.0,8.8,
51722,2011-06-16 05:55:00,muskogee,OK,35.7477778,-95.3694444,9yk5mgd,2011,6,summer,06,2.667,12,75.8,61.9,4.0,0.0,6.3,
51723,2011-06-16 17:00:00,oak harbor,WA,48.2933333,-122.6419444,c28f9pw,2011,6,summer,17,2.667,12,57.0,47.0,51.0,0.0,6.3,
51724,2011-06-16 18:00:00,doylestown,PA,40.31,-75.1302778,dr4t665,2011,6,summer,18,2.667,12,72.5,55.4,83.0,0.02,3.5,
51725,2011-06-16 20:00:00,ocean isle beach,NC,33.8941667,-78.4269444,dq00z65,2011,6,summer,20,2.667,12,78.4,72.7,20.0,0.0,8.8,
51726,2011-06-16 21:00:00,milton,FL,30.6322222,-87.0397222,dj6n727,2011,6,summer,21,2.667,12,82.8,72.5,70.0,0.0,2.9,
51727,2011-06-16 21:00:00,anaheim,CA,33.8352778,-117.9136111,9qh0kz9,2011,6,summer,21,2.667,12,60.4,53.9,50.0,0.0,5.9,
51728,2011-06-16 23:20:00,winchester,IN,40.1719444,-84.9813889,dp5sd1n,2011,6,summer,23,2.667,12,68.6,56.6,27.0,0.0,4.1,
51729,2011-06-16 23:30:00,green river,WY,41.5286111,-109.4655556,9x6hm01,2011,6,summer,00,2.667,12,61.3,38.4,44.0,0.0,3.2,
51730,2011-06-16 23:34:00,st. charles,MO,38.7838889,-90.4811111,9yzsth3,2011,6,summer,00,2.667,12,66.6,60.8,3.0,0.0,4.9,
51731,2011-06-17 00:00:00,tinton falls,NJ,40.3041667,-74.1008333,dr5m3c1,2011,6,summer,00,1.0,4,66.3,57.3,91.0,0.04,8.2,
51732,2011-06-17 00:00:00,redding,CA,40.5866667,-122.3905556,9r0yyut,2011,6,summer,00,1.0,4,65.8,41.2,2.0,0.0,7.5,
51733,2011-06-17 00:32:00,oak island,NC,33.9163889,-78.1613889,dq02vqk,2011,6,summer,01,1.0,4,76.8,72.3,9.0,0.0,11.9,
51734,2011-06-17 01:17:00,mebane,NC,36.0958333,-79.2672222,dnrtk5p,2011,6,summer,01,1.0,4,71.4,65.4,12.0,0.0,5.1,
51735,2011-06-17 03:15:00,yacolt,WA,45.8661111,-122.405,c20uyte,2011,6,summer,03,1.0,4,45.4,44.7,53.0,0.0,3.0,
51736,2011-06-17 10:50:00,baton rouge,LA,30.4505556,-91.1544444,9vrjjxr,2011,6,summer,11,1.0,4,91.2,69.9,20.0,0.0,11.0,
51737,2011-06-17 14:30:00,goshen,IN,41.5822222,-85.8344444,dp6uwcc,2011,6,summer,14,1.0,4,81.1,63.7,35.0,0.0,4.9,
51738,2011-06-17 20:00:00,campbellsville,KY,37.3433333,-85.3419444,dnek3yp,2011,6,summer,20,1.0,4,76.2,68.9,100.0,0.0,6.3,
51739,2011-06-17 21:00:00,wharton,NJ,40.8930556,-74.5822222,dr6bwu6,2011,6,summer,21,1.0,4,65.5,63.7,29.0,0.0,2.9,
51740,2011-06-17 21:30:00,cicero,NY,43.1755556,-76.1197222,dr9vegg,2011,6,summer,22,1.0,4,65.3,62.6,2.0,0.0,3.8,
51741,2011-06-17 22:00:00,spring city,TN,35.6919444,-84.8608333,dn7ehcw,2011,6,summer,22,1.0,4,71.5,69.4,88.0,0.0,5.6,
51742,2011-06-17 22:45:00,redondo beach,CA,33.8491667,-118.3875,9q5bd40,2011,6,summer,23,1.0,4,59.9,54.2,17.0,0.0,4.0,
51743,2011-06-17 23:30:00,eugene,OR,44.0522222,-123.0855556,9rb6x57,2011,6,summer,00,1.0,4,49.1,45.8,83.0,0.0,4.7,
51744,2011-06-17 23:45:00,burlington,VT,44.4758333,-73.2125,drgvn08,2011,6,summer,00,1.0,4,63.7,58.0,31.0,0.0,6.1,
51745,2011-06-18 00:00:00,chicago,IL,41.85,-87.65,dp3wj6x,2011,6,summer,00,0.333,2,70.3,68.4,100.0,0.0,8.1,
51746,2011-06-18 17:20:00,spring valley,CA,32.7447222,-116.9980556,9muf38u,2011,6,summer,17,0.333,2,69.6,50.6,0.0,0.0,8.5,
51747,2011-06-18 22:00:00,monaca,PA,40.6872222,-80.2716667,dpnzmqg,2011,6,summer,22,0.333,2,71.8,67.7,98.0,0.0,4.3,
51748,2011-06-18 22:18:00,fayetteville,AR,36.0625,-94.1572222,9ymj1ku,2011,6,summer,22,0.333,2,85.0,66.8,93.0,0.0,11.4,
51749,2011-06-18 22:30:00,massillon,OH,40.7966667,-81.5216667,dpq00fv,2011,6,summer,22,0.333,2,72.0,65.6,95.0,0.0,3.6,
51750,2011-06-18 22:45:00,hockley,TX,30.0266667,-95.8441667,9v7fg40,2011,6,summer,23,0.333,2,83.5,72.5,6.0,0.0,12.9,
51751,2011-06-18 23:00:00,bethpage,NY,40.7441667,-73.4825,dr5xzc5,2011,6,summer,23,0.333,2,69.7,66.3,5.0,0.0,3.8,
51752,2011-06-18 23:00:00,bethpage,NY,40.7441667,-73.4825,dr5xzc5,2011,6,summer,23,0.333,2,69.7,66.3,5.0,0.0,3.8,
51753,2011-06-18 23:15:00,moreauville,LA,31.0344444,-91.9755556,9vw8e19,2011,6,summer,23,0.333,2,83.6,71.2,7.0,0.0,11.4,
51754,2011-06-18 23:30:00,fall river,MA,41.7013889,-71.1555556,drmmhzd,2011,6,summer,00,0.333,2,62.9,62.5,100.0,0.0,9.0,
51755,2011-06-18 23:33:00,ardenvoir,WA,47.7375,-120.3677778,c26rsfq,2011,6,summer,00,0.333,2,55.9,45.7,97.0,0.0,4.3,
51756,2011-06-19 09:00:00,spicewood,TX,30.4752778,-98.1561111,9v6jq7u,2011,6,summer,09,2.333,9,81.7,69.2,16.0,0.0,14.7,
51757,2011-06-19 14:30:00,maple glen,PA,40.1791667,-75.1808333,dr4s94q,2011,6,summer,14,2.333,9,82.9,56.0,88.0,0.0,5.1,
51758,2011-06-19 20:45:00,boca raton,FL,26.3583333,-80.0833333,dhxjcwm,2011,6,summer,21,2.333,9,76.6,73.1,100.0,0.0,3.0,
51759,2011-06-19 21:30:00,new york city (brooklyn),NY,40.7141667,-74.0063889,dr5regy,2011,6,summer,22,2.333,9,67.0,62.8,37.0,0.0,4.3,
51760,2011-06-19 21:45:00,pittsburgh,PA,40.4405556,-79.9961111,dppn59u,2011,6,summer,22,2.333,9,69.8,68.4,100.0,0.03,1.7,
51761,2011-06-19 22:30:00,chicago,IL,41.85,-87.65,dp3wj6x,2011,6,summer,22,2.333,9,75.7,70.4,34.0,0.0,5.2,
51762,2011-06-19 23:00:00,albany,NY,42.6525,-73.7566667,dred9ss,2011,6,summer,23,2.333,9,62.4,57.4,90.0,0.0,4.1,
51763,2011-06-19 23:38:00,indianapolis,IN,39.7683333,-86.1580556,dp4dprt,2011,6,summer,00,2.333,9,67.9,67.3,12.0,0.0,4.4,
51764,2011-06-19 23:45:00,parsippany,NJ,40.8577778,-74.4263889,dr706mu,2011,6,summer,00,2.333,9,65.9,63.4,86.0,0.0,3.2,
51765,2011-06-19 23:45:00,parsippany,NJ,40.8577778,-74.4263889,dr706mu,2011,6,summer,00,2.333,9,65.9,63.4,86.0,0.0,3.2,
51766,2011-06-20 10:30:00,gastonia,NC,35.2619444,-81.1875,dnq28e1,2011,6,summer,10,2.667,12,85.0,68.3,100.0,0.0,5.6,
51767,2011-06-20 12:00:00,mt. vernon,WA,48.4213889,-122.3327778,c2952nz,2011,6,summer,12,2.667,12,61.2,49.9,100.0,0.0,3.8,
51768,2011-06-20 18:00:00,lafayette,CO,39.9936111,-105.0891667,9xj788s,2011,6,summer,18,2.667,12,66.6,44.5,37.0,0.0,14.4,
51769,2011-06-20 22:00:00,naples,ME,43.9716667,-70.6097222,drvf1hz,2011,6,summer,22,2.667,12,63.6,50.9,3.0,0.0,6.7,
51770,2011-06-20 22:00:00,mountain view,CA,37.3861111,-122.0827778,9q9htvy,2011,6,summer,22,2.667,12,67.7,59.2,91.0,0.0,2.3,
51771,2011-06-20 22:30:00,moline,IL,41.5066667,-90.515,9zrshk0,2011,6,summer,22,2.667,12,78.7,72.8,86.0,0.0,9.7,
51772,2011-06-21 00:00:00,springfield,MA,42.1013889,-72.5902778,drkrs0m,2011,6,summer,00,2.0,7,63.4,60.2,0.0,0.0,4.1,
51773,2011-06-21 00:00:00,santa cruz,CA,36.9741667,-122.0297222,9q94r4u,2011,6,summer,00,2.0,7,58.9,55.4,99.0,0.0,4.4,
51774,2011-06-21 02:00:00,loon lake,WA,48.0616667,-117.6316667,c2s37jr,2011,6,summer,02,2.0,7,53.9,44.5,0.0,0.0,5.9,
51775,2011-06-21 08:00:00,portland,OR,45.5236111,-122.675,c20fbrq,2011,6,summer,08,2.0,7,59.5,54.1,7.0,0.0,1.6,
51776,2011-06-21 09:00:00,saco,ME,43.5008333,-70.4433333,drtzmp0,2011,6,summer,09,2.0,7,67.8,53.2,63.0,0.0,3.8,
51777,2011-06-21 13:00:00,st. maries,ID,47.3144444,-116.5616667,c2mj5t6,2011,6,summer,13,2.0,7,74.2,48.4,84.0,0.0,5.4,
51778,2011-06-21 20:45:00,simi valley,CA,34.2694444,-118.7805556,9q5dcnd,2011,6,summer,21,2.0,7,72.5,61.1,14.0,0.0,2.9,
51779,2011-06-21 21:00:00,kihei,HI,20.785,-156.4655556,8e8wpxc,2011,6,summer,21,2.0,7,74.9,67.1,35.0,0.0,4.0,
51780,2011-06-21 22:00:00,lake havasu city,AZ,34.4838889,-114.3216667,9qnsnt9,2011,6,summer,22,2.0,7,97.7,36.5,0.0,0.0,2.8,
51781,2011-06-21 23:00:00,virginia beach,VA,36.8527778,-75.9783333,dq9cxhf,2011,6,summer,23,2.0,7,75.8,68.8,41.0,0.0,11.0,
51782,2011-06-21 23:00:00,vacaville,CA,38.3566667,-121.9866667,9qc60ns,2011,6,summer,23,2.0,7,74.1,53.1,0.0,0.0,5.7,
51783,2011-06-21 23:30:00,lake havasu city,AZ,34.4838889,-114.3216667,9qnsnt9,2011,6,summer,00,2.0,7,86.8,32.3,0.0,0.0,3.9,
51784,2011-06-22 04:22:00,ontario,OR,44.0266667,-116.9619444,9ruf6qy,2011,6,summer,04,3.333,18,64.0,48.7,0.0,0.0,4.6,
51785,2011-06-22 07:30:00,crystal lake,IL,42.2411111,-88.3161111,dp90q3f,2011,6,summer,08,3.333,18,67.2,62.6,25.0,0.02,9.3,
51786,2011-06-22 14:36:00,hudson falls,NY,43.3005556,-73.5863889,drewmd8,2011,6,summer,15,3.333,18,66.8,66.1,100.0,0.09,4.1,
51787,2011-06-22 21:00:00,pomona,NY,41.1669444,-74.0436111,dr765n5,2011,6,summer,21,3.333,18,69.4,68.6,99.0,0.0,3.4,
51788,2011-06-23 01:00:00,lafayette,LA,30.2238889,-92.0197222,9vqefn1,2011,6,summer,01,2.333,9,75.1,74.6,100.0,0.01,5.2,
51789,2011-06-23 17:45:00,wethersfield,CT,41.7141667,-72.6530556,drkm69z,2011,6,summer,18,2.333,9,65.2,65.2,100.0,0.06,5.1,
51790,2011-06-23 21:00:00,san geronimo,CA,38.0133333,-122.6627778,9qbb28p,2011,6,summer,21,2.333,9,58.8,48.7,0.0,0.0,15.0,
51791,2011-06-23 21:00:00,quincy,IL,39.9355556,-91.4097222,9zngpyj,2011,6,summer,21,2.333,9,67.4,57.1,89.0,0.0,9.3,
51792,2011-06-23 22:19:00,louisville,CO,39.9777778,-105.1313889,9xj5rtt,2011,6,summer,22,2.333,9,64.4,53.0,5.0,0.0,2.1,
51793,2011-06-23 22:55:00,moore,OK,35.3394444,-97.4863889,9y69j9k,2011,6,summer,23,2.333,9,87.9,60.0,63.0,0.0,13.0,
51794,2011-06-24 02:15:00,leander,TX,30.5786111,-97.8527778,9v6mvq9,2011,6,summer,02,1.667,6,75.8,68.2,0.0,0.0,5.4,
51795,2011-06-24 03:00:00,new carrollton,MD,38.9697222,-76.8802778,dqcmdw1,2011,6,summer,03,1.667,6,72.3,69.1,73.0,0.0,6.3,
51796,2011-06-24 10:30:00,elizabethton,TN,36.3486111,-82.2108333,dnmwc1p,2011,6,summer,10,1.667,6,67.8,65.8,76.0,0.01,8.1,
51797,2011-06-24 11:45:00,rockford,IL,42.2711111,-89.0938889,dp88kx5,2011,6,summer,12,1.667,6,65.4,54.2,100.0,0.0,10.6,
51798,2011-06-24 15:00:00,everett,WA,47.9791667,-122.2008333,c290gq2,2011,6,summer,15,1.667,6,60.5,49.6,64.0,0.0,5.3,
51799,2011-06-24 19:00:00,amargosa valley,NV,36.6438889,-116.3994444,9qt0rqb,2011,6,summer,19,1.667,6,96.3,15.5,0.0,0.0,11.2,
51800,2011-06-24 20:30:00,pikeville,KY,37.4791667,-82.5188889,dntm4nz,2011,6,summer,20,1.667,6,73.6,63.2,12.0,0.0,6.5,
51801,2011-06-24 21:00:00,canandaigua,NY,42.8741667,-77.2883333,dr95cm0,2011,6,summer,21,1.667,6,65.6,60.8,73.0,0.03,7.1,
51802,2011-06-24 22:30:00,seminary,MS,31.5622222,-89.4975,dj87e3t,2011,6,summer,22,1.667,6,76.9,72.4,33.0,0.0,4.9,
51803,2011-06-24 22:45:00,hoisington,KS,38.5180556,-98.7777778,9ycg07b,2011,6,summer,23,1.667,6,84.9,51.9,57.0,0.0,12.3,
51804,2011-06-24 23:00:00,babbitt,MN,47.7086111,-91.9444444,cbqx7v0,2011,6,summer,23,1.667,6,61.1,51.6,15.0,0.0,6.5,
51805,2011-06-24 23:05:00,citrus heights,CA,38.7072222,-121.28,9qcu0nq,2011,6,summer,23,1.667,6,69.9,49.0,0.0,0.0,5.7,
51806,2011-06-25 00:00:00,oklahoma city,OK,35.4675,-97.5161111,9y69ubw,2011,6,summer,00,3.333,18,85.2,65.7,0.0,0.0,16.9,
51807,2011-06-25 00:00:00,levan (yuba state park),UT,39.5586111,-111.8611111,9x03n93,2011,6,summer,00,3.333,18,74.0,35.6,0.0,0.0,5.8,
51808,2011-06-25 01:00:00,stanley,ID,44.2113889,-114.945,9ry7827,2011,6,summer,01,3.333,18,40.4,27.6,0.0,0.0,2.6,
51809,2011-06-25 09:30:00,georgetown,TX,30.6325,-97.6769444,9v6w323,2011,6,summer,10,3.333,18,82.5,72.2,100.0,0.0,12.5,
51810,2011-06-25 12:30:00,yakima,WA,46.6022222,-120.5047222,c2631ge,2011,6,summer,12,3.333,18,67.3,31.9,0.0,0.0,2.1,
51811,2011-06-25 16:40:00,carey (15 miles east of; on hwy 20),ID,43.3077778,-113.9438889,9rwyr5u,2011,6,summer,17,3.333,18,75.1,24.6,38.0,0.0,15.1,
51812,2011-06-25 21:00:00,mukwonago,WI,42.8666667,-88.3333333,dp95vgt,2011,6,summer,21,3.333,18,69.5,59.7,100.0,0.0,4.3,
51813,2011-06-25 21:45:00,north muskegon,MI,43.2561111,-86.2675,dpdwhft,2011,6,summer,22,3.333,18,65.9,61.4,100.0,0.0,2.5,
51814,2011-06-25 22:00:00,clarksburg,WV,39.2805556,-80.3447222,dnyz7wy,2011,6,summer,22,3.333,18,65.2,61.0,58.0,0.0,4.8,
51815,2011-06-25 22:00:00,fort mill,SC,35.0072222,-80.9452778,dnnrnhc,2011,6,summer,22,3.333,18,81.2,63.1,0.0,0.0,1.8,
51816,2011-06-25 22:30:00,bristol,CT,41.6716667,-72.9497222,drkj5fp,2011,6,summer,22,3.333,18,66.6,65.5,46.0,0.0,5.2,
51817,2011-06-25 22:30:00,gastonia,NC,35.2619444,-81.1875,dnq28e1,2011,6,summer,22,3.333,18,78.8,55.0,0.0,0.0,3.3,
51818,2011-06-25 22:35:00,fontana,CA,34.0922222,-117.4341667,9qh3zwr,2011,6,summer,23,3.333,18,68.1,52.7,0.0,0.0,1.9,
51819,2011-06-25 23:00:00,st. louis,MO,38.6272222,-90.1977778,9yzgerz,2011,6,summer,23,3.333,18,71.5,70.6,100.0,0.26,1.9,
51820,2011-06-25 23:00:00,spanaway,WA,47.1041667,-122.4333333,c22gvzn,2011,6,summer,23,3.333,18,54.4,49.1,1.0,0.0,3.4,
51821,2011-06-25 23:05:00,texico,NM,34.3886111,-103.0508333,9wnexh2,2011,6,summer,23,3.333,18,83.9,20.0,0.0,0.0,8.1,
51822,2011-06-25 23:34:00,spanaway,WA,47.1041667,-122.4333333,c22gvzn,2011,6,summer,00,3.333,18,51.7,46.9,13.0,0.0,3.6,
51823,2011-06-25 23:48:00,richardson,TX,32.9480556,-96.7294444,9vg5qy5,2011,6,summer,00,3.333,18,83.6,69.9,0.0,0.0,12.4,
51824,2011-06-26 03:15:00,dayville,CT,41.8463889,-71.8880556,drkyh1u,2011,6,summer,03,1.0,4,63.7,63.6,100.0,0.0,4.2,
51825,2011-06-26 21:30:00,highland park,NJ,40.4958333,-74.4247222,dr5n6kj,2011,6,summer,22,1.0,4,70.2,63.6,96.0,0.0,4.2,
51826,2011-06-26 22:00:00,fayetteville,NC,35.0525,-78.8786111,dnpzmj4,2011,6,summer,22,1.0,4,83.5,71.7,78.0,0.0,7.9,
51827,2011-06-26 22:00:00,dayton,OH,39.7588889,-84.1916667,dph4hjv,2011,6,summer,22,1.0,4,67.6,60.1,0.0,0.0,3.7,
51828,2011-06-26 22:00:00,willits,CA,39.4097222,-123.3544444,9r021n2,2011,6,summer,22,1.0,4,62.8,52.2,0.0,0.0,1.7,
51829,2011-06-26 23:00:00,lebanon,OR,44.5366667,-122.9058333,9rbt75w,2011,6,summer,23,1.0,4,63.2,50.6,98.0,0.0,3.2,
51830,2011-06-26 23:00:00,fort collins,CO,40.5852778,-105.0838889,9xjqbu2,2011,6,summer,23,1.0,4,66.8,41.0,13.0,0.0,8.2,
51831,2011-06-26 23:30:00,north babylon,NY,40.7163889,-73.3222222,dr5zes0,2011,6,summer,00,1.0,4,69.3,67.3,31.0,0.0,7.0,
51832,2011-06-27 19:00:00,hampton,VA,37.0297222,-76.3455556,dq9dwtn,2011,6,summer,19,1.667,6,77.6,73.1,91.0,0.14,9.0,
51833,2011-06-27 19:00:00,hampton,VA,37.0297222,-76.3455556,dq9dwtn,2011,6,summer,19,1.667,6,77.6,73.1,91.0,0.14,9.0,
51834,2011-06-27 20:10:00,milwaukee,WI,43.0388889,-87.9063889,dp9kzdu,2011,6,summer,20,1.667,6,74.7,68.6,43.0,0.0,9.9,
51835,2011-06-27 22:00:00,antioch,IL,42.4772222,-88.0955556,dp93ekd,2011,6,summer,22,1.667,6,73.2,66.3,22.0,0.0,12.2,
51836,2011-06-27 22:15:00,holden beach,NC,33.9133333,-78.3041667,dq02fjs,2011,6,summer,22,1.667,6,80.5,76.6,91.0,0.0,12.5,
51837,2011-06-27 22:37:00,stamford,CT,41.0533333,-73.5391667,dr79w9d,2011,6,summer,23,1.667,6,70.9,67.6,52.0,0.0,4.4,
51838,2011-06-28 02:55:00,ferndale,WA,48.8466667,-122.5897222,c28vfkk,2011,6,summer,03,0.667,3,57.5,55.0,100.0,0.0,2.7,
51839,2011-06-28 03:50:00,henderson,NV,36.0397222,-114.9811111,9qqjp8c,2011,6,summer,04,0.667,3,80.8,27.1,0.0,0.0,4.1,
51840,2011-06-28 10:35:00,myrtle beach,SC,33.6888889,-78.8869444,djzzsuu,2011,6,summer,11,0.667,3,86.0,72.9,4.0,0.0,7.5,
51841,2011-06-28 11:40:00,denver,CO,39.7391667,-104.9841667,9xj6542,2011,6,summer,12,0.667,3,87.1,41.8,63.0,0.0,3.3,
51842,2011-06-28 11:41:00,littleton,CO,39.6133333,-105.0161111,9xj3673,2011,6,summer,12,0.667,3,87.9,39.8,64.0,0.0,4.0,
51843,2011-06-28 14:55:00,erie,PA,42.1291667,-80.0852778,dprp9t7,2011,6,summer,15,0.667,3,74.0,66.7,44.0,0.02,13.2,
51844,2011-06-28 17:10:00,browns mills,NJ,39.9725,-74.5833333,dr4gquf,2011,6,summer,17,0.667,3,81.9,67.8,66.0,0.0,4.7,
51845,2011-06-28 17:30:00,black river falls,WI,44.2947222,-90.8513889,9zz7uxs,2011,6,summer,18,0.667,3,75.1,54.2,9.0,0.0,4.5,
51846,2011-06-28 18:50:00,springfield,MO,37.2152778,-93.2980556,9ytesyy,2011,6,summer,19,0.667,3,82.8,68.3,0.0,0.0,3.6,
51847,2011-06-28 20:00:00,ames,IA,42.0347222,-93.6197222,9zmrjsh,2011,6,summer,20,0.667,3,73.8,61.1,0.0,0.0,4.1,
51848,2011-06-28 20:30:00,ocean isle beach,NC,33.8941667,-78.4269444,dq00z65,2011,6,summer,20,0.667,3,81.3,75.9,43.0,0.0,13.2,
51849,2011-06-28 20:30:00,hermitage,TN,36.1961111,-86.6225,dn6muv7,2011,6,summer,20,0.667,3,77.8,74.5,51.0,0.0,2.5,
51850,2011-06-28 21:00:00,ocean isle beach,NC,33.8941667,-78.4269444,dq00z65,2011,6,summer,21,0.667,3,80.7,76.0,63.0,0.0,14.1,
51851,2011-06-28 21:25:00,north myrtle beach,SC,33.8158333,-78.6802778,dq003ef,2011,6,summer,21,0.667,3,81.4,74.6,47.0,0.0,10.4,
51852,2011-06-28 21:30:00,litchfield beach,SC,33.4666667,-79.1,djzy2h3,2011,6,summer,22,0.667,3,80.6,74.7,77.0,0.02,11.2,
51853,2011-06-28 22:00:00,angola,IN,41.6347222,-84.9994444,dp7scg3,2011,6,summer,22,0.667,3,64.4,55.1,0.0,0.0,6.8,
51854,2011-06-28 22:34:00,osage beach,MO,38.1502778,-92.6177778,9yy1h3j,2011,6,summer,23,0.667,3,72.6,66.7,0.0,0.0,5.7,
51855,2011-06-28 23:00:00,lexington,KY,37.9886111,-84.4777778,dngbjet,2011,6,summer,23,0.667,3,69.2,59.8,0.0,0.0,5.8,
51856,2011-06-28 23:00:00,isle la motte,VT,44.8769444,-73.3391667,drgz71s,2011,6,summer,23,0.667,3,68.7,65.2,73.0,0.08,8.3,
51857,2011-06-28 23:00:00,plymouth,MI,42.3713889,-83.4702778,dps9h96,2011,6,summer,23,0.667,3,65.1,53.2,0.0,0.0,9.2,
51858,2011-06-28 23:00:00,lemont,IL,41.6736111,-88.0016667,dp3mj6r,2011,6,summer,23,0.667,3,65.9,57.8,0.0,0.0,4.2,
51859,2011-06-28 23:30:00,thompsons station,TN,35.8019444,-86.9113889,dn65wm9,2011,6,summer,00,0.667,3,76.8,73.3,100.0,0.0,6.1,
51860,2011-06-28 23:45:00,harvard,IL,42.4222222,-88.6136111,dp8crd9,2011,6,summer,00,0.667,3,68.1,59.2,4.0,0.0,9.9,
51861,2011-06-29 01:20:00,waretown,NJ,39.7913889,-74.1955556,dr54reu,2011,6,summer,01,1.667,6,73.3,72.0,100.0,0.0,7.2,
51862,2011-06-29 01:45:00,dexter,MO,36.7958333,-89.9577778,dn812fq,2011,6,summer,02,1.667,6,71.0,67.9,0.0,0.0,2.9,
51863,2011-06-29 02:15:00,evansville,IN,37.9747222,-87.5558333,dnc8p95,2011,6,summer,02,1.667,6,67.0,60.5,0.0,0.0,3.7,
51864,2011-06-29 04:00:00,porterville,CA,36.0652778,-119.0158333,9q7m5tr,2011,6,summer,04,1.667,6,66.0,55.2,5.0,0.0,4.5,
51865,2011-06-29 20:45:00,osage beach,MO,38.1502778,-92.6177778,9yy1h3j,2011,6,summer,21,1.667,6,80.8,71.5,4.0,0.0,7.9,
51866,2011-06-29 21:00:00,san diego,CA,32.7152778,-117.1563889,9mudn59,2011,6,summer,21,1.667,6,64.0,59.8,60.0,0.0,5.4,
51867,2011-06-29 21:00:00,dover,NH,43.1977778,-70.8741667,drttepz,2011,6,summer,21,1.667,6,69.8,58.3,2.0,0.0,9.2,
51868,2011-06-29 21:18:00,corpus christi,TX,27.8002778,-97.3961111,9ufwpsy,2011,6,summer,21,1.667,6,81.2,74.7,0.0,0.0,9.2,
51869,2011-06-29 22:00:00,jeannette,PA,40.3280556,-79.6155556,dppmkm3,2011,6,summer,22,1.667,6,65.2,55.6,11.0,0.0,5.6,
51870,2011-06-29 22:04:00,fruitland,MD,38.3219444,-75.6205556,dqf4p0q,2011,6,summer,22,1.667,6,75.9,62.9,0.0,0.0,3.4,
51871,2011-06-29 22:15:00,new york city (staten island),NY,40.7141667,-74.0063889,dr5regy,2011,6,summer,22,1.667,6,70.5,60.1,13.0,0.0,6.3,
51872,2011-06-29 22:15:00,modesto,CA,37.6391667,-120.9958333,9q9ynsj,2011,6,summer,22,1.667,6,63.7,51.5,0.0,0.0,6.0,
51873,2011-06-29 22:19:00,modesto,CA,37.6391667,-120.9958333,9q9ynsj,2011,6,summer,22,1.667,6,63.7,51.5,0.0,0.0,6.0,
51874,2011-06-29 22:30:00,rancho palos verdes,CA,33.7444444,-118.3861111,9mgzfnc,2011,6,summer,22,1.667,6,63.6,54.5,0.0,0.0,6.9,
51875,2011-06-29 22:45:00,bridgeport,CT,41.1669444,-73.2052778,dr7fnnj,2011,6,summer,23,1.667,6,68.3,61.2,0.0,0.0,8.3,
51876,2011-06-29 22:55:00,visalia,CA,36.3302778,-119.2911111,9q7ntmw,2011,6,summer,23,1.667,6,63.4,49.8,0.0,0.0,2.5,
51877,2011-06-29 23:25:00,rayne,LA,30.2347222,-92.2683333,9vqkh2h,2011,6,summer,23,1.667,6,82.5,74.7,15.0,0.0,4.5,
51878,2011-06-29 23:50:00,lexington,KY,37.9886111,-84.4777778,dngbjet,2011,6,summer,00,1.667,6,67.6,59.2,0.0,0.0,5.5,
51879,2011-06-30 00:00:00,phoenix,AZ,33.4483333,-112.0733333,9tbq39n,2011,6,summer,00,3.333,18,92.6,45.6,0.0,0.0,5.5,
51880,2011-06-30 00:20:00,fort collins,CO,40.5852778,-105.0838889,9xjqbu2,2011,6,summer,00,3.333,18,67.4,50.8,98.0,0.0,5.9,
51881,2011-06-30 02:00:00,terre haute,IN,39.4666667,-87.4138889,dp1bdbe,2011,6,summer,02,3.333,18,66.7,63.2,0.0,0.0,4.7,
51882,2011-06-30 03:50:00,dardanelle,AR,35.2230556,-93.1577778,9ymb2hh,2011,6,summer,04,3.333,18,78.1,70.2,2.0,0.0,4.3,
51883,2011-06-30 09:30:00,chicago,IL,41.85,-87.65,dp3wj6x,2011,6,summer,10,3.333,18,75.1,64.9,0.0,0.0,5.8,
51884,2011-06-30 09:35:00,darien,IL,41.7519444,-87.9738889,dp3mw0e,2011,6,summer,10,3.333,18,76.2,64.3,0.0,0.0,5.6,
51885,2011-06-30 17:00:00,richmond,KY,37.7477778,-84.2947222,dnsn9zf,2011,6,summer,17,3.333,18,81.8,56.9,0.0,0.0,3.4,
51886,2011-06-30 17:00:00,falls of rough,KY,37.59,-86.5488889,dndmye1,2011,6,summer,17,3.333,18,86.1,58.7,0.0,0.0,2.7,
51887,2011-06-30 20:40:00,ottawa,KS,38.6155556,-95.2675,9yu78js,2011,6,summer,21,3.333,18,87.7,63.2,2.0,0.0,9.6,
51888,2011-06-30 21:00:00,ocean isle beach,NC,33.8941667,-78.4269444,dq00z65,2011,6,summer,21,3.333,18,79.1,72.5,23.0,0.0,4.8,
51889,2011-06-30 21:00:00,grand rapids,MN,47.2372222,-93.53,cbmkxxm,2011,6,summer,21,3.333,18,81.3,73.8,17.0,0.0,6.6,
51890,2011-06-30 21:10:00,nags head,NC,35.9572222,-75.6244444,dq6hx1g,2011,6,summer,21,3.333,18,77.7,67.2,8.0,0.0,9.6,
51891,2011-06-30 21:30:00,lawrenceburg,TN,35.2422222,-87.3347222,dn3bkxs,2011,6,summer,22,3.333,18,74.3,60.4,0.0,0.0,4.6,
51892,2011-06-30 21:53:00,salem,IL,38.6269444,-88.9455556,dnbexzz,2011,6,summer,22,3.333,18,77.2,63.6,16.0,0.0,5.9,
51893,2011-06-30 22:00:00,wyoming,MI,42.9133333,-85.7052778,dpeh1sp,2011,6,summer,22,3.333,18,69.3,64.8,95.0,0.0,8.6,
51894,2011-06-30 22:08:00,cape girardeau,MO,37.3058333,-89.5180556,dn8k4zq,2011,6,summer,22,3.333,18,76.5,66.6,0.0,0.0,4.9,
51895,2011-06-30 23:00:00,shepherdsville,KY,37.9883333,-85.7158333,dng017x,2011,6,summer,23,3.333,18,74.1,73.2,68.0,0.0,3.7,
51896,2011-06-30 23:09:00,taos,NM,36.4072222,-105.5725,9wkzjes,2011,6,summer,23,3.333,18,71.9,36.8,4.0,0.0,5.8,
51897,2011-06-30 23:14:00,san diego,CA,32.7152778,-117.1563889,9mudn59,2011,6,summer,23,3.333,18,64.0,57.9,0.0,0.0,1.1,
51898,2011-06-30 23:30:00,modena,NY,41.6683333,-74.1030556,dr7m19r,2011,6,summer,00,3.333,18,63.5,57.0,1.0,0.0,4.6,
51899,2011-07-01 00:05:00,mansfield,MA,42.0333333,-71.2194444,drmr57g,2011,7,summer,00,0.333,2,65.1,56.0,3.0,0.0,7.1,
51900,2011-07-01 00:20:00,myrtle beach,SC,33.6888889,-78.8869444,djzzsuu,2011,7,summer,00,0.333,2,77.1,73.4,8.0,0.0,3.7,
51901,2011-07-01 00:50:00,gaithersburg,MD,39.1433333,-77.2016667,dqcnejz,2011,7,summer,01,0.333,2,68.0,53.5,7.0,0.0,3.3,
51902,2011-07-01 01:00:00,dansville,NY,42.5608333,-77.6963889,dr8dpgz,2011,7,summer,01,0.333,2,59.4,55.4,0.0,0.0,3.8,
51903,2011-07-01 01:00:00,cincinnati (suburbs),IN,39.02,-86.7288889,dnfmfrm,2011,7,summer,01,0.333,2,71.9,65.6,100.0,0.0,4.0,
51904,2011-07-01 04:00:00,woodland,CA,38.6786111,-121.7722222,9qckj10,2011,7,summer,04,0.333,2,62.9,55.5,0.0,0.0,4.3,
51905,2011-07-01 10:00:00,riverdale,UT,41.1769444,-112.0030556,9x26721,2011,7,summer,10,0.333,2,73.7,48.7,11.0,0.0,2.5,
51906,2011-07-01 11:10:00,seaside,CA,36.6111111,-121.8505556,9q9270z,2011,7,summer,11,0.333,2,69.8,54.2,1.0,0.0,4.7,
51907,2011-07-01 19:00:00,temecula,CA,33.4936111,-117.1475,9muww1r,2011,7,summer,19,0.333,2,85.9,59.3,0.0,0.0,4.2,
51908,2011-07-01 19:00:00,bardstown,KY,37.8091667,-85.4669444,dnepp4u,2011,7,summer,19,0.333,2,84.3,73.7,100.0,0.0,1.4,
51909,2011-07-01 20:30:00,kinderhook,MI,41.7966667,-85.0052778,dp7tc8v,2011,7,summer,20,0.333,2,73.9,68.1,99.0,0.0,1.9,
51910,2011-07-01 21:00:00,eveleth,MN,47.4625,-92.5397222,cbqnn0q,2011,7,summer,21,0.333,2,76.8,67.8,100.0,0.0,8.5,
51911,2011-07-01 21:30:00,gypsum,CO,39.6469444,-106.9511111,9x5cw38,2011,7,summer,22,0.333,2,67.3,48.7,17.0,0.0,2.9,
51912,2011-07-01 21:30:00,northfield,MN,44.4583333,-93.1613889,9zvubj3,2011,7,summer,22,0.333,2,75.9,71.4,33.0,0.04,6.4,
51913,2011-07-01 21:45:00,belton,MO,38.8119444,-94.5316667,9yuubck,2011,7,summer,22,0.333,2,84.4,65.9,1.0,0.0,9.8,
51914,2011-07-01 21:45:00,ontario,NY,43.2208333,-77.2833333,dr9jck5,2011,7,summer,22,0.333,2,65.0,61.8,22.0,0.0,4.2,
51915,2011-07-01 21:45:00,washington,MO,38.5580556,-91.0119444,9yz72gr,2011,7,summer,22,0.333,2,82.2,76.8,2.0,0.0,6.5,
51916,2011-07-01 21:58:00,winston-salem,NC,36.0997222,-80.2444444,dnqvmgz,2011,7,summer,22,0.333,2,78.5,49.7,0.0,0.0,3.0,
51917,2011-07-01 22:00:00,carrie,KY,37.3316667,-83.0327778,dnsuqs1,2011,7,summer,22,0.333,2,74.1,65.1,62.0,0.0,3.9,
51918,2011-07-01 22:00:00,brooklyn park,MN,45.0941667,-93.3561111,cbj8e9h,2011,7,summer,22,0.333,2,73.4,70.4,83.0,0.0,3.8,
51919,2011-07-01 22:00:00,nashville,TN,36.1658333,-86.7844444,dn6m9pv,2011,7,summer,22,0.333,2,76.8,67.3,62.0,0.0,3.7,
51920,2011-07-01 22:00:00,orlando,FL,28.5380556,-81.3794444,djn4k5j,2011,7,summer,22,0.333,2,75.4,72.4,100.0,0.0,2.6,
51921,2011-07-01 22:15:00,bay city,MI,43.5944444,-83.8888889,dpu2501,2011,7,summer,22,0.333,2,78.0,69.3,84.0,0.0,4.7,
51922,2011-07-01 22:20:00,yankton,SD,42.8711111,-97.3969444,9zdezsm,2011,7,summer,22,0.333,2,71.6,63.9,12.0,0.0,9.4,
51923,2011-07-01 22:30:00,cuyahoga falls,OH,41.1338889,-81.4847222,dpq41b0,2011,7,summer,22,0.333,2,72.6,59.0,0.0,0.0,6.2,
51924,2011-07-01 22:40:00,greencastle,IN,39.6444444,-86.8647222,dp41x35,2011,7,summer,23,0.333,2,75.3,71.7,62.0,0.0,4.0,
51925,2011-07-01 23:00:00,mckinney,TX,33.1975,-96.615,9vgkc7r,2011,7,summer,23,0.333,2,87.4,64.0,18.0,0.0,4.3,
51926,2011-07-01 23:35:00,mckeesport,PA,40.3477778,-79.8644444,dppjw9h,2011,7,summer,00,0.333,2,65.1,62.0,0.0,0.0,1.4,
51927,2011-07-01 23:45:00,albany,NY,42.6525,-73.7566667,dred9ss,2011,7,summer,00,0.333,2,61.1,50.9,22.0,0.0,4.7,
51928,2011-07-02 01:00:00,dunmore,PA,41.4197222,-75.6327778,dr65wuj,2011,7,summer,01,3.0,15,65.2,59.3,12.0,0.0,3.4,
51929,2011-07-02 03:00:00,baldwin county,AL,34.1891667,-86.9169444,dn44qpv,2011,7,summer,03,3.0,15,71.9,64.4,0.0,0.0,4.4,
51930,2011-07-02 04:30:00,central point,OR,42.3761111,-122.9152778,9r894fr,2011,7,summer,04,3.0,15,56.9,47.8,0.0,0.0,2.1,
51931,2011-07-02 05:00:00,charlotte,NC,35.2269444,-80.8433333,dnq82kg,2011,7,summer,05,3.0,15,71.4,62.5,0.0,0.0,3.4,
51932,2011-07-02 09:00:00,waterville,ME,44.5519444,-69.6322222,drymrqr,2011,7,summer,09,3.0,15,69.2,61.2,33.0,0.0,0.9,
51933,2011-07-02 14:30:00,orlando,FL,28.5380556,-81.3794444,djn4k5j,2011,7,summer,14,3.0,15,85.2,76.0,95.0,0.0,5.4,
51934,2011-07-02 15:00:00,albertville,MN,45.2377778,-93.6541667,cbj3kg7,2011,7,summer,15,3.0,15,81.4,55.7,0.0,0.0,7.1,
51935,2011-07-02 17:00:00,blue ridge summit,PA,39.7241667,-77.4716667,dr0cvpd,2011,7,summer,17,3.0,15,87.6,46.9,71.0,0.0,3.2,
51936,2011-07-02 18:00:00,st. mary,MT,48.7438889,-113.4286111,c2xm6ce,2011,7,summer,18,3.0,15,70.2,41.0,0.0,0.0,8.1,
51937,2011-07-02 19:30:00,horse cave,KY,37.1794444,-85.9069444,dndgt0k,2011,7,summer,20,3.0,15,83.6,74.6,63.0,0.0,1.3,
51938,2011-07-02 20:00:00,milford,MI,42.5936111,-83.5994444,dpsd39u,2011,7,summer,20,3.0,15,73.5,71.1,100.0,0.04,7.9,
51939,2011-07-02 20:15:00,owensboro,KY,37.7741667,-87.1133333,dndncsw,2011,7,summer,20,3.0,15,85.4,76.9,24.0,0.0,1.3,
51940,2011-07-02 20:20:00,hilo,HI,19.7297222,-155.09,8e98nzd,2011,7,summer,20,3.0,15,70.2,67.4,91.0,0.0,7.9,
51941,2011-07-02 20:30:00,greenwood,IN,39.6136111,-86.1066667,dp4c2e7,2011,7,summer,20,3.0,15,85.8,74.6,1.0,0.0,5.7,
51942,2011-07-02 21:00:00,oologah,OK,36.4469444,-95.7080556,9y7zq4g,2011,7,summer,21,3.0,15,90.7,67.0,25.0,0.0,5.2,
51943,2011-07-02 21:05:00,ramona,CA,33.0416667,-116.8672222,9mugux5,2011,7,summer,21,3.0,15,74.1,59.4,0.0,0.0,0.9,
51944,2011-07-02 21:30:00,englewood,CO,39.6477778,-104.9872222,9xj3dcw,2011,7,summer,22,3.0,15,67.8,56.0,6.0,0.0,0.8,
51945,2011-07-02 21:30:00,gillham,AR,34.1691667,-94.3161111,9yhfmu3,2011,7,summer,22,3.0,15,84.6,66.0,8.0,0.0,3.4,
51946,2011-07-02 21:32:00,maylene,AL,33.2033333,-86.8616667,djfhzkm,2011,7,summer,22,3.0,15,80.1,70.3,10.0,0.0,3.2,
51947,2011-07-02 21:40:00,newton,KS,38.0466667,-97.3447222,9yfb2y5,2011,7,summer,22,3.0,15,86.8,60.2,80.0,0.0,5.1,
51948,2011-07-02 21:40:00,nucla,CO,38.2694444,-108.5472222,9wfc9yw,2011,7,summer,22,3.0,15,79.7,25.1,0.0,0.0,4.2,
51949,2011-07-02 22:00:00,santa fe,TX,29.3777778,-95.1055556,9vhr5u4,2011,7,summer,22,3.0,15,83.5,75.1,12.0,0.0,9.5,
51950,2011-07-02 22:15:00,manhattan,IL,41.4225,-87.9858333,dp37tud,2011,7,summer,22,3.0,15,73.0,71.6,25.0,0.0,3.7,
51951,2011-07-02 22:30:00,russell springs,KY,37.0561111,-85.0886111,dne6zcb,2011,7,summer,22,3.0,15,79.2,70.2,31.0,0.0,2.7,
51952,2011-07-02 22:30:00,moncks corner,SC,33.1958333,-80.0133333,djzhg70,2011,7,summer,22,3.0,15,78.6,71.6,64.0,0.0,6.4,
51953,2011-07-02 22:30:00,fox lake,IL,42.3966667,-88.1836111,dp931q4,2011,7,summer,22,3.0,15,75.4,71.1,0.0,0.0,1.6,
51954,2011-07-02 23:00:00,friendship,WI,43.9705556,-89.8166667,dpb4hht,2011,7,summer,23,3.0,15,73.0,58.7,99.0,0.0,5.7,
51955,2011-07-02 23:00:00,cleora,OK,36.5788889,-94.9708333,9ys2nfu,2011,7,summer,23,3.0,15,85.7,65.8,5.0,0.0,7.2,
51956,2011-07-02 23:26:00,brownstown (south of),IL,38.9958333,-88.9527778,dnbtzff,2011,7,summer,23,3.0,15,80.8,71.4,40.0,0.0,3.7,
51957,2011-07-03 00:30:00,edgerton,WI,42.8352778,-89.0675,dp8etjz,2011,7,summer,00,1.667,6,72.8,59.8,93.0,0.0,6.5,
51958,2011-07-03 01:00:00,crete,IL,41.4444444,-87.6313889,dp3evbs,2011,7,summer,01,1.667,6,68.7,68.6,11.0,0.0,4.0,
51959,2011-07-03 01:00:00,steger,IL,41.47,-87.6363889,dp3evv3,2011,7,summer,01,1.667,6,69.6,69.2,11.0,0.0,4.0,
51960,2011-07-03 03:00:00,charlotte,NC,35.2269444,-80.8433333,dnq82kg,2011,7,summer,03,1.667,6,75.9,66.0,100.0,0.0,5.2,
51961,2011-07-03 03:00:00,minneapolis,MN,44.98,-93.2636111,9zvxvsr,2011,7,summer,03,1.667,6,69.1,61.7,76.0,0.0,2.9,
51962,2011-07-03 03:40:00,litchfield park,AZ,33.4933333,-112.3572222,9tbne1r,2011,7,summer,04,1.667,6,89.3,63.4,0.0,0.0,3.2,
51963,2011-07-03 08:00:00,denver (near),CO,39.7391667,-104.9841667,9xj6542,2011,7,summer,08,1.667,6,70.2,53.6,1.0,0.0,4.5,
51964,2011-07-03 10:45:00,inkster,MI,42.2941667,-83.31,dpsb85r,2011,7,summer,11,1.667,6,78.9,63.3,1.0,0.0,3.3,
51965,2011-07-03 14:00:00,wentzville,MO,38.8113889,-90.8527778,9yzku97,2011,7,summer,14,1.667,6,82.8,74.2,100.0,0.02,3.5,
51966,2011-07-03 16:00:00,burbank,CA,34.1808333,-118.3080556,9q5f7y6,2011,7,summer,16,1.667,6,94.2,55.8,3.0,0.0,6.5,
51967,2011-07-03 16:00:00,gastonia,NC,35.2619444,-81.1875,dnq28e1,2011,7,summer,16,1.667,6,94.9,63.4,56.0,0.0,7.1,
51968,2011-07-03 16:00:00,raymore,MO,38.8019444,-94.4525,9yuudxt,2011,7,summer,16,1.667,6,86.5,71.2,89.0,0.0,6.2,
51969,2011-07-03 19:00:00,brooksville,FL,28.555,-82.3880556,djj6mnq,2011,7,summer,19,1.667,6,86.3,65.2,29.0,0.0,4.0,
51970,2011-07-03 20:20:00,grand junction,CO,39.0638889,-108.55,9wfy1zk,2011,7,summer,20,1.667,6,88.1,61.4,28.0,0.0,0.7,
51971,2011-07-03 20:30:00,easton,PA,40.6883333,-75.2211111,dr4x2r1,2011,7,summer,20,1.667,6,73.8,73.0,75.0,0.02,3.6,
51972,2011-07-03 21:00:00,bristol,CT,41.6716667,-72.9497222,drkj5fp,2011,7,summer,21,1.667,6,68.7,68.2,99.0,0.0,4.6,
51973,2011-07-03 21:00:00,eldorado,IL,37.8136111,-88.4380556,dn9p5ec,2011,7,summer,21,1.667,6,79.1,75.1,99.0,0.0,3.6,
51974,2011-07-03 21:00:00,esperance,NY,42.7611111,-74.2569444,dre5q0r,2011,7,summer,21,1.667,6,70.3,69.2,31.0,0.0,4.3,
51975,2011-07-03 21:00:00,moncks corner,SC,33.1958333,-80.0133333,djzhg70,2011,7,summer,21,1.667,6,79.7,66.0,48.0,0.0,9.5,
51976,2011-07-03 21:00:00,mt. washington,KY,38.05,-85.5458333,dng0mqg,2011,7,summer,21,1.667,6,80.8,73.8,99.0,0.0,8.3,
51977,2011-07-03 21:00:00,fresno,CA,36.7477778,-119.7713889,9qdc499,2011,7,summer,21,1.667,6,92.5,50.7,0.0,0.0,6.4,
51978,2011-07-03 21:15:00,mableton,GA,33.8186111,-84.5825,dn5b7k2,2011,7,summer,21,1.667,6,83.5,68.5,87.0,0.0,4.5,
51979,2011-07-03 21:15:00,mableton,GA,33.8186111,-84.5825,dn5b7k2,2011,7,summer,21,1.667,6,83.5,68.5,87.0,0.0,4.5,
51980,2011-07-03 21:15:00,mableton,GA,33.8186111,-84.5825,dn5b7k2,2011,7,summer,21,1.667,6,83.5,68.5,87.0,0.0,4.5,
51981,2011-07-03 21:15:00,isle of palms,SC,32.7866667,-79.795,djz680x,2011,7,summer,21,1.667,6,79.7,68.0,68.0,0.0,8.6,
51982,2011-07-03 21:15:00,mableton,GA,33.8186111,-84.5825,dn5b7k2,2011,7,summer,21,1.667,6,83.5,68.5,87.0,0.0,4.5,
51983,2011-07-03 21:24:00,patton,PA,40.6338889,-78.6505556,dr0p4m0,2011,7,summer,21,1.667,6,73.0,66.7,29.0,0.0,3.1,
51984,2011-07-03 21:26:00,poulsbo,WA,47.7361111,-122.6452778,c22z94h,2011,7,summer,21,1.667,6,58.2,49.9,74.0,0.0,3.4,
51985,2011-07-03 21:30:00,barrington,IL,42.1538889,-88.1361111,dp3rf3v,2011,7,summer,22,1.667,6,71.5,59.3,99.0,0.0,1.9,
51986,2011-07-03 21:30:00,patton,PA,40.6338889,-78.6505556,dr0p4m0,2011,7,summer,22,1.667,6,70.6,67.2,99.0,0.0,4.3,
51987,2011-07-03 21:30:00,onalaska,WI,43.8844444,-91.235,9zz1euu,2011,7,summer,22,1.667,6,75.2,62.6,0.0,0.0,3.5,
51988,2011-07-03 21:45:00,louisville,KY,38.2541667,-85.7594444,dng187z,2011,7,summer,22,1.667,6,80.3,74.5,99.0,0.0,6.6,
51989,2011-07-03 21:45:00,kelso,WA,46.1469444,-122.9072222,c20we0v,2011,7,summer,22,1.667,6,59.2,49.8,60.0,0.0,6.5,
51990,2011-07-03 21:45:00,st. joseph,MO,39.7686111,-94.8463889,9zhd1xw,2011,7,summer,22,1.667,6,72.9,69.3,37.0,0.01,5.1,
51991,2011-07-03 21:50:00,harrisonburg,VA,38.4494444,-78.8691667,dnzftr9,2011,7,summer,22,1.667,6,76.0,70.7,94.0,0.0,3.0,
51992,2011-07-03 22:00:00,eugene,OR,44.0522222,-123.0855556,9rb6x57,2011,7,summer,22,1.667,6,60.8,50.8,0.0,0.0,4.8,
51993,2011-07-03 22:00:00,whitehall,PA,39.7908333,-77.1097222,dr14m7d,2011,7,summer,22,1.667,6,74.9,70.5,74.0,0.0,5.7,
51994,2011-07-03 22:00:00,riverview,WI,46.6763889,-92.185,cbq3w30,2011,7,summer,22,1.667,6,72.8,68.5,31.0,0.0,3.8,
51995,2011-07-03 22:00:00,moses lake,WA,47.1302778,-119.2769444,c27hjgc,2011,7,summer,22,1.667,6,70.9,39.0,62.0,0.0,10.7,
51996,2011-07-03 22:00:00,louisville,KY,38.2541667,-85.7594444,dng187z,2011,7,summer,22,1.667,6,80.3,74.5,99.0,0.0,6.6,
51997,2011-07-03 22:00:00,battle creek,MI,42.3211111,-85.1797222,dpe2v8q,2011,7,summer,22,1.667,6,71.8,61.5,100.0,0.0,6.5,
51998,2011-07-03 22:00:00,broken arrow,OK,36.0525,-95.7905556,9y7vh5p,2011,7,summer,22,1.667,6,86.5,65.3,11.0,0.0,6.3,
51999,2011-07-03 22:00:00,cape lookout,NC,34.6052778,-76.5366667,dq1sf7e,2011,7,summer,22,1.667,6,80.2,72.2,95.0,0.0,22.4,
52000,2011-07-03 22:00:00,spokane (spokane river; muncies marina),WA,47.6588889,-117.425,c2krpuj,2011,7,summer,22,1.667,6,69.3,31.6,18.0,0.0,5.3,
52001,2011-07-03 22:00:00,longview,WA,46.1383333,-122.9369444,c20w6x0,2011,7,summer,22,1.667,6,59.1,49.8,60.0,0.0,6.5,
52002,2011-07-03 22:10:00,bandera,TX,29.7263889,-99.0733333,9v391e9,2011,7,summer,22,1.667,6,86.5,57.7,27.0,0.0,6.5,
52003,2011-07-03 22:10:00,bradenton beach,FL,27.4666667,-82.7041667,dhvhq00,2011,7,summer,22,1.667,6,80.0,72.8,36.0,0.0,4.7,
52004,2011-07-03 22:10:00,oak lawn,IL,41.7108333,-87.7580556,dp3t710,2011,7,summer,22,1.667,6,72.2,59.8,99.0,0.0,5.0,
52005,2011-07-03 22:10:00,pasadena,MD,39.1072222,-76.5713889,dqcw3x6,2011,7,summer,22,1.667,6,76.8,72.0,74.0,0.0,3.2,
52006,2011-07-03 22:12:00,sylvania,OH,41.7188889,-83.7130556,dpkmr4d,2011,7,summer,22,1.667,6,76.9,65.7,100.0,0.0,4.4,
52007,2011-07-03 22:15:00,williamston,MI,42.6888889,-84.2830556,dps4f56,2011,7,summer,22,1.667,6,74.5,65.2,98.0,0.0,3.2,
52008,2011-07-03 22:20:00,butte,MT,46.0038889,-112.5338889,c2pvxnz,2011,7,summer,22,1.667,6,65.3,46.8,0.0,0.0,4.9,
52009,2011-07-03 22:30:00,crystal lake,IL,42.2411111,-88.3161111,dp90q3f,2011,7,summer,22,1.667,6,71.5,60.6,99.0,0.0,1.9,
52010,2011-07-03 22:30:00,waverly,NE,40.9175,-96.5280556,9z72g2y,2011,7,summer,22,1.667,6,71.3,63.8,4.0,0.0,7.8,
52011,2011-07-03 22:30:00,conneaut lake,PA,41.6033333,-80.3055556,dpquste,2011,7,summer,22,1.667,6,71.0,63.4,84.0,0.0,4.1,
52012,2011-07-03 22:30:00,catawissa,MO,38.4247222,-90.7825,9yz6w5n,2011,7,summer,22,1.667,6,79.0,75.7,91.0,0.05,3.8,
52013,2011-07-03 22:50:00,nampa,ID,43.5408333,-116.5625,9rtpew3,2011,7,summer,23,1.667,6,75.4,41.6,0.0,0.0,5.4,
52014,2011-07-03 23:00:00,east orange,NJ,40.7672222,-74.2052778,dr5pzmm,2011,7,summer,23,1.667,6,69.7,69.0,85.0,0.0,2.2,
52015,2011-07-03 23:00:00,joliet,IL,41.525,-88.0816667,dp3k5xk,2011,7,summer,23,1.667,6,72.3,59.6,96.0,0.0,3.8,
52016,2011-07-03 23:30:00,butte,MT,46.0038889,-112.5338889,c2pvxnz,2011,7,summer,00,1.667,6,62.1,46.4,0.0,0.0,4.5,
52017,2011-07-03 23:40:00,waterloo,IA,42.4927778,-92.3427778,9zw3dxw,2011,7,summer,00,1.667,6,70.9,65.5,12.0,0.0,5.4,
52018,2011-07-03 23:55:00,west lafayette,IN,40.4166667,-86.8752778,dp4jzje,2011,7,summer,00,1.667,6,72.0,70.8,66.0,0.0,4.5,
52019,2011-07-04 00:01:00,saint paul,MN,44.9444444,-93.0930556,9zvz9tg,2011,7,summer,00,4.333,32,69.3,63.6,1.0,0.0,5.0,
52020,2011-07-04 00:01:00,saint paul,MN,44.9444444,-93.0930556,9zvz9tg,2011,7,summer,00,4.333,32,69.3,63.6,1.0,0.0,5.0,
52021,2011-07-04 00:05:00,springdale,AR,36.1866667,-94.1286111,9ymjf59,2011,7,summer,00,4.333,32,78.1,68.9,25.0,0.0,6.2,
52022,2011-07-04 00:48:00,beaverton,OR,45.4872222,-122.8025,c20dv89,2011,7,summer,01,4.333,32,56.2,47.7,0.0,0.0,6.3,
52023,2011-07-04 01:50:00,cleveland,OH,41.4994444,-81.6955556,dpmuhfx,2011,7,summer,02,4.333,32,69.7,67.3,99.0,0.0,3.7,
52024,2011-07-04 01:56:00,neenah,WI,44.1858333,-88.4625,dpc56gz,2011,7,summer,02,4.333,32,66.3,60.6,0.0,0.0,4.6,
52025,2011-07-04 03:00:00,hastings,MN,44.7433333,-92.8522222,9zvyx17,2011,7,summer,03,4.333,32,65.5,61.5,3.0,0.0,4.0,
52026,2011-07-04 08:00:00,chino,CA,34.0122222,-117.6880556,9qh33zw,2011,7,summer,08,4.333,32,74.5,56.5,9.0,0.0,2.3,
52027,2011-07-04 09:30:00,natick,MA,42.2833333,-71.35,drt283k,2011,7,summer,10,4.333,32,75.2,68.2,96.0,0.0,3.0,
52028,2011-07-04 18:30:00,new york,NY,40.7141667,-74.0063889,dr5regy,2011,7,summer,18,4.333,32,83.9,63.5,100.0,0.0,5.5,
52029,2011-07-04 19:00:00,west seattle,WA,47.6063889,-122.3308333,c23nb63,2011,7,summer,19,4.333,32,68.3,45.1,0.0,0.0,4.3,
52030,2011-07-04 19:30:00,snoqualmie,WA,47.5288889,-121.8241667,c23q7u6,2011,7,summer,20,4.333,32,65.2,53.6,0.0,0.0,3.0,
52031,2011-07-04 20:00:00,elizabethtown,KY,37.6938889,-85.8591667,dndyqjz,2011,7,summer,20,4.333,32,80.6,68.4,24.0,0.0,3.3,
52032,2011-07-04 20:00:00,lakeland,FL,28.0391667,-81.95,dhvxx0m,2011,7,summer,20,4.333,32,82.0,71.6,96.0,0.0,5.2,
52033,2011-07-04 20:00:00,rolla,MO,37.9513889,-91.7711111,9ywxzsy,2011,7,summer,20,4.333,32,76.1,72.3,19.0,0.0,4.3,
52034,2011-07-04 20:00:00,vancouver,WA,45.6388889,-122.6602778,c20g8u3,2011,7,summer,20,4.333,32,71.0,50.4,0.0,0.0,7.8,
52035,2011-07-04 20:00:00,coral springs,FL,26.2708333,-80.2708333,dhwvmqk,2011,7,summer,20,4.333,32,81.4,73.3,48.0,0.0,3.0,
52036,2011-07-04 20:30:00,west des moines,IA,41.6005556,-93.6088889,9zmktvh,2011,7,summer,20,4.333,32,78.6,67.0,0.0,0.0,4.2,
52037,2011-07-04 20:30:00,washington,IN,38.6591667,-87.1727778,dnf5bmd,2011,7,summer,20,4.333,32,77.4,70.1,60.0,0.05,1.5,
52038,2011-07-04 20:30:00,spanaway,WA,47.1041667,-122.4333333,c22gvzn,2011,7,summer,20,4.333,32,66.9,49.1,0.0,0.0,3.4,
52039,2011-07-04 20:30:00,lake junaluska,NC,35.5277778,-82.9597222,dnm405w,2011,7,summer,20,4.333,32,72.6,71.0,100.0,0.0,1.3,
52040,2011-07-04 20:30:00,imlay city,MI,43.0247222,-83.0777778,dpsuv82,2011,7,summer,20,4.333,32,77.4,57.1,0.0,0.0,4.3,
52041,2011-07-04 20:30:00,ocean beach,CA,32.7444444,-117.2611111,9mud78v,2011,7,summer,20,4.333,32,72.1,59.2,18.0,0.0,2.9,
52042,2011-07-04 20:30:00,cottonwood,AZ,34.7391667,-112.0091667,9w0mehj,2011,7,summer,20,4.333,32,88.1,56.3,81.0,0.0,5.7,
52043,2011-07-04 20:35:00,pinckney,MI,42.4566667,-83.9463889,dps39c0,2011,7,summer,21,4.333,32,76.4,60.5,3.0,0.0,3.4,
52044,2011-07-04 20:53:00,morgan hill,CA,37.1305556,-121.6533333,9q97pxq,2011,7,summer,21,4.333,32,72.7,55.3,0.0,0.0,3.0,
52045,2011-07-04 21:00:00,columbia,MO,38.9516667,-92.3338889,9yymdfu,2011,7,summer,21,4.333,32,76.6,71.5,7.0,0.0,4.9,
52046,2011-07-04 21:00:00,pontiac,MI,42.6388889,-83.2911111,dpsf8dj,2011,7,summer,21,4.333,32,76.2,57.7,0.0,0.0,4.5,
52047,2011-07-04 21:00:00,manchester,MO,38.5969444,-90.5091667,9yzes6m,2011,7,summer,21,4.333,32,76.4,72.4,26.0,0.0,2.7,
52048,2011-07-04 21:00:00,franklin square,NY,40.7072222,-73.6763889,dr5xe6w,2011,7,summer,21,4.333,32,76.7,66.3,100.0,0.0,5.1,
52049,2011-07-04 21:00:00,antigo,WI,45.1402778,-89.1522222,f008g39,2011,7,summer,21,4.333,32,74.4,60.8,0.0,0.0,6.1,
52050,2011-07-04 21:00:00,fairview,TN,35.9819444,-87.1213889,dn6h9w2,2011,7,summer,21,4.333,32,74.3,72.9,56.0,0.0,5.2,
52051,2011-07-04 21:00:00,ellwood city,PA,40.8616667,-80.2866667,dpqbmn9,2011,7,summer,21,4.333,32,73.6,67.8,17.0,0.0,1.7,
52052,2011-07-04 21:05:00,traverse city,MI,44.7630556,-85.6205556,dpgnesv,2011,7,summer,21,4.333,32,75.9,52.9,11.0,0.0,2.3,
52053,2011-07-04 21:05:00,crestview,FL,30.7619444,-86.5705556,dj6rn01,2011,7,summer,21,4.333,32,82.0,68.3,15.0,0.0,2.0,
52054,2011-07-04 21:10:00,bryant,AR,34.5958333,-92.4888889,9ynhz3g,2011,7,summer,21,4.333,32,84.5,71.2,43.0,0.0,2.7,
52055,2011-07-04 21:15:00,rice lake,WI,45.5061111,-91.7380556,cbnfbkn,2011,7,summer,21,4.333,32,75.9,61.8,1.0,0.0,6.4,
52056,2011-07-04 21:15:00,ashland,KY,38.4783333,-82.6380556,dnv4zsb,2011,7,summer,21,4.333,32,74.7,72.4,16.0,0.0,2.2,
52057,2011-07-04 21:15:00,knoxville,TN,35.9605556,-83.9208333,dnkkd66,2011,7,summer,21,4.333,32,76.1,72.0,73.0,0.0,2.7,
52058,2011-07-04 21:15:00,pueblo,CO,38.2544444,-104.6086111,9wv9es4,2011,7,summer,21,4.333,32,88.3,26.6,0.0,0.0,14.1,
52059,2011-07-04 21:20:00,rockford,IL,42.2711111,-89.0938889,dp88kx5,2011,7,summer,21,4.333,32,76.9,64.1,3.0,0.0,5.1,
52060,2011-07-04 21:20:00,blue springs,MO,39.0169444,-94.2813889,9yuvywf,2011,7,summer,21,4.333,32,78.7,71.6,15.0,0.0,4.3,
52061,2011-07-04 21:20:00,beecher,IL,41.3405556,-87.6213889,dp3enju,2011,7,summer,21,4.333,32,71.5,61.0,0.0,0.0,5.4,
52062,2011-07-04 21:25:00,lockport,IL,41.5894444,-88.0577778,dp3ks5n,2011,7,summer,21,4.333,32,74.0,62.1,1.0,0.0,5.1,
52063,2011-07-04 21:25:00,beecher,IL,41.3405556,-87.6213889,dp3enju,2011,7,summer,21,4.333,32,71.5,61.0,0.0,0.0,5.4,
52064,2011-07-04 21:30:00,el cajon,CA,32.7947222,-116.9616667,9mufd6p,2011,7,summer,22,4.333,32,72.6,61.1,28.0,0.0,2.1,
52065,2011-07-04 21:30:00,colorado springs,CO,38.8338889,-104.8208333,9wvkytr,2011,7,summer,22,4.333,32,76.7,29.0,5.0,0.0,6.7,
52066,2011-07-04 21:30:00,bradenton,FL,27.4986111,-82.575,dhvk2vy,2011,7,summer,22,4.333,32,80.3,74.2,88.0,0.0,2.9,
52067,2011-07-04 21:30:00,ellisville,MO,38.5925,-90.5869444,9yzed9s,2011,7,summer,22,4.333,32,74.9,72.3,18.0,0.0,3.3,
52068,2011-07-04 21:30:00,ferndale,CA,40.5763889,-124.2627778,9ppwu6d,2011,7,summer,22,4.333,32,54.9,51.0,1.0,0.0,9.0,
52069,2011-07-04 21:30:00,lancaster,OH,39.7136111,-82.5994444,dpj3bms,2011,7,summer,22,4.333,32,73.5,63.6,4.0,0.0,4.7,
52070,2011-07-04 21:30:00,parkland,WA,47.1555556,-122.4327778,c22umbr,2011,7,summer,22,4.333,32,61.2,48.2,1.0,0.0,3.6,
52071,2011-07-04 21:30:00,malden,MO,36.5569444,-89.9663889,dn2pbyb,2011,7,summer,22,4.333,32,81.3,71.0,45.0,0.0,3.6,
52072,2011-07-04 21:30:00,madison,AL,34.6991667,-86.7483333,dn4m3uz,2011,7,summer,22,4.333,32,77.9,73.2,42.0,0.0,3.3,
52073,2011-07-04 21:30:00,new berlin,WI,42.9763889,-88.1083333,dp9k7p9,2011,7,summer,22,4.333,32,73.3,61.4,3.0,0.0,4.7,
52074,2011-07-04 21:30:00,richmond,KY,37.7477778,-84.2947222,dnsn9zf,2011,7,summer,22,4.333,32,71.7,70.7,24.0,0.0,3.0,
52075,2011-07-04 21:35:00,chicago,IL,41.85,-87.65,dp3wj6x,2011,7,summer,22,4.333,32,75.8,59.7,0.0,0.0,5.9,
52076,2011-07-04 21:35:00,northglenn,CO,39.8855556,-104.9866667,9xj6fuz,2011,7,summer,22,4.333,32,73.8,44.8,21.0,0.0,5.5,
52077,2011-07-04 21:37:00,hawthorne,CA,33.9163889,-118.3516667,9q5bfy6,2011,7,summer,22,4.333,32,70.5,59.0,29.0,0.0,2.4,
52078,2011-07-04 21:40:00,manson,WA,47.885,-120.1572222,c2d83v0,2011,7,summer,22,4.333,32,70.8,48.5,0.0,0.0,5.4,
52079,2011-07-04 21:40:00,elkhorn,WI,42.6727778,-88.5444444,dp94c07,2011,7,summer,22,4.333,32,73.5,63.3,2.0,0.0,4.0,
52080,2011-07-04 21:40:00,north augusta,SC,33.5016667,-81.9652778,djvwwff,2011,7,summer,22,4.333,32,78.2,74.4,96.0,0.0,1.4,
52081,2011-07-04 21:40:00,meriden,CT,41.5380556,-72.8075,drkhr1z,2011,7,summer,22,4.333,32,73.3,65.1,86.0,0.0,5.2,
52082,2011-07-04 21:43:00,st. charles,MO,38.7838889,-90.4811111,9yzsth3,2011,7,summer,22,4.333,32,75.9,72.9,16.0,0.0,3.1,
52083,2011-07-04 21:45:00,seabrook,NH,42.8947222,-70.8716667,drts528,2011,7,summer,22,4.333,32,74.5,70.5,44.0,0.0,5.1,
52084,2011-07-04 21:45:00,fair haven,MI,42.6791667,-82.6538889,dpt4z1t,2011,7,summer,22,4.333,32,72.0,56.1,0.0,0.0,4.6,
52085,2011-07-04 21:45:00,lynchburg,VA,37.4136111,-79.1425,dnxsz4f,2011,7,summer,22,4.333,32,76.2,72.2,98.0,0.0,1.3,
52086,2011-07-04 21:53:00,lincoln,NE,40.8,-96.6666667,9z72073,2011,7,summer,22,4.333,32,79.3,63.5,0.0,0.0,6.8,
52087,2011-07-04 21:53:00,lincoln,NE,40.8,-96.6666667,9z72073,2011,7,summer,22,4.333,32,79.3,63.5,0.0,0.0,6.8,
52088,2011-07-04 21:55:00,streamwood,IL,42.0255556,-88.1783333,dp3r16w,2011,7,summer,22,4.333,32,72.5,59.9,3.0,0.0,2.9,
52089,2011-07-04 22:00:00,warwick,RI,41.7,-71.4166667,drmjnz7,2011,7,summer,22,4.333,32,73.8,66.5,99.0,0.0,7.0,
52090,2011-07-04 22:00:00,portland,TN,36.5816667,-86.5163889,dnd2p72,2011,7,summer,22,4.333,32,75.3,72.5,43.0,0.0,4.0,
52091,2011-07-04 22:00:00,university place,WA,47.2358333,-122.5491667,c22uer4,2011,7,summer,22,4.333,32,63.5,49.6,1.0,0.0,3.6,
52092,2011-07-04 22:00:00,bellport,NY,40.7569444,-72.9397222,drhpu5w,2011,7,summer,22,4.333,32,73.6,70.2,100.0,0.0,6.8,
52093,2011-07-04 22:00:00,waipahu,HI,21.3866667,-158.0091667,87z9smm,2011,7,summer,22,4.333,32,74.9,68.6,26.0,0.0,6.9,
52094,2011-07-04 22:00:00,bradenton,FL,27.4986111,-82.575,dhvk2vy,2011,7,summer,22,4.333,32,80.3,74.2,88.0,0.0,2.9,
52095,2011-07-04 22:00:00,brazil,IN,39.5236111,-87.125,dp40c7j,2011,7,summer,22,4.333,32,75.5,70.2,0.0,0.0,3.5,
52096,2011-07-04 22:00:00,bryant,AR,34.5958333,-92.4888889,9ynhz3g,2011,7,summer,22,4.333,32,83.4,71.7,5.0,0.0,2.2,
52097,2011-07-04 22:00:00,cincinnati,OH,39.1619444,-84.4569444,dngyy1h,2011,7,summer,22,4.333,32,75.0,67.9,8.0,0.0,3.1,
52098,2011-07-04 22:00:00,fort smith,AR,35.3858333,-94.3983333,9ykc7cv,2011,7,summer,22,4.333,32,86.8,67.6,11.0,0.0,5.8,
52099,2011-07-04 22:00:00,greenwood,IN,39.6136111,-86.1066667,dp4c2e7,2011,7,summer,22,4.333,32,73.2,66.8,0.0,0.0,5.5,
52100,2011-07-04 22:00:00,huntsville,AL,34.7302778,-86.5861111,dn4mtdm,2011,7,summer,22,4.333,32,78.3,73.8,54.0,0.0,3.2,
52101,2011-07-04 22:00:00,louisville,KY,38.2541667,-85.7594444,dng187z,2011,7,summer,22,4.333,32,76.2,70.1,50.0,0.0,3.7,
52102,2011-07-04 22:00:00,berryville,AR,36.3647222,-93.5677778,9ymqygf,2011,7,summer,22,4.333,32,80.7,71.6,17.0,0.0,4.3,
52103,2011-07-04 22:00:00,portland,TN,36.5816667,-86.5163889,dnd2p72,2011,7,summer,22,4.333,32,75.3,72.5,43.0,0.0,4.0,
52104,2011-07-04 22:00:00,omaha,NE,41.2586111,-95.9375,9z7f8yu,2011,7,summer,22,4.333,32,75.2,66.4,0.0,0.0,5.9,
52105,2011-07-04 22:00:00,olmsted falls,OH,41.375,-81.9083333,dpmg2hh,2011,7,summer,22,4.333,32,72.6,63.0,0.0,0.0,7.3,
52106,2011-07-04 22:00:00,muncie,IN,40.1933333,-85.3863889,dp5k8uz,2011,7,summer,22,4.333,32,72.4,61.2,1.0,0.0,5.1,
52107,2011-07-04 22:00:00,muncie,IN,40.1933333,-85.3863889,dp5k8uz,2011,7,summer,22,4.333,32,72.4,61.2,1.0,0.0,5.1,
52108,2011-07-04 22:00:00,underwood,MN,46.2852778,-95.8705556,cb5z63v,2011,7,summer,22,4.333,32,77.3,70.2,100.0,0.0,8.0,
52109,2011-07-04 22:00:00,middletown,CT,41.5622222,-72.6511111,drkk6y1,2011,7,summer,22,4.333,32,74.0,65.9,86.0,0.0,5.2,
52110,2011-07-04 22:00:00,plymouth,MA,41.9583333,-70.6677778,drmwxym,2011,7,summer,22,4.333,32,73.2,66.5,98.0,0.0,9.6,
52111,2011-07-04 22:00:00,oostburg,WI,43.6227778,-87.7944444,dpc84jq,2011,7,summer,22,4.333,32,70.0,61.5,4.0,0.0,6.7,
52112,2011-07-04 22:07:00,smithton,PA,40.1538889,-79.7413889,dppk3my,2011,7,summer,22,4.333,32,69.2,67.9,19.0,0.0,4.0,
52113,2011-07-04 22:10:00,wheeling,WV,40.0638889,-80.7211111,dpnegjk,2011,7,summer,22,4.333,32,71.6,71.1,13.0,0.0,4.2,
52114,2011-07-04 22:15:00,billings,MT,45.7833333,-108.5,c84u7n8,2011,7,summer,22,4.333,32,73.4,56.2,22.0,0.0,5.7,
52115,2011-07-04 22:15:00,flint,MI,43.0125,-83.6875,dpskxwh,2011,7,summer,22,4.333,32,73.5,61.0,0.0,0.0,3.3,
52116,2011-07-04 22:15:00,kelso,WA,46.1469444,-122.9072222,c20we0v,2011,7,summer,22,4.333,32,61.4,50.8,0.0,0.0,6.3,
52117,2011-07-04 22:15:00,milford,MI,42.5936111,-83.5994444,dpsd39u,2011,7,summer,22,4.333,32,73.7,59.7,1.0,0.0,4.7,
52118,2011-07-04 22:15:00,minot,ND,48.2325,-101.2958333,c8xfquq,2011,7,summer,22,4.333,32,69.5,55.5,60.0,0.0,8.5,
52119,2011-07-04 22:25:00,redding,CA,40.5866667,-122.3905556,9r0yyut,2011,7,summer,22,4.333,32,84.7,62.5,0.0,0.0,0.9,
52120,2011-07-04 22:25:00,elk grove,CA,38.4088889,-121.3705556,9qcdw0h,2011,7,summer,22,4.333,32,79.0,55.5,0.0,0.0,4.1,
52121,2011-07-04 22:25:00,sheboygan falls,WI,43.7291667,-87.8105556,dpc8cbd,2011,7,summer,22,4.333,32,70.5,61.2,4.0,0.0,6.7,
52122,2011-07-04 22:30:00,detroit,MI,42.3313889,-83.0458333,dpsby4p,2011,7,summer,22,4.333,32,74.8,62.4,0.0,0.0,6.2,
52123,2011-07-04 22:30:00,forks,WA,47.9505556,-124.3841667,c0x8c94,2011,7,summer,22,4.333,32,52.6,48.9,3.0,0.0,5.2,
52124,2011-07-04 22:30:00,everett,WA,47.9791667,-122.2008333,c290gq2,2011,7,summer,22,4.333,32,59.2,49.4,1.0,0.0,5.3,
52125,2011-07-04 22:30:00,flint,MI,43.0125,-83.6875,dpskxwh,2011,7,summer,22,4.333,32,73.5,61.0,0.0,0.0,3.3,
52126,2011-07-04 22:30:00,phillipsburg,KS,39.7561111,-99.3236111,9z165v6,2011,7,summer,22,4.333,32,85.0,63.6,0.0,0.0,8.4,
52127,2011-07-04 22:30:00,apple valley,MN,44.7319444,-93.2175,9zvwqz1,2011,7,summer,22,4.333,32,74.6,65.7,1.0,0.0,6.9,
52128,2011-07-04 22:30:00,warrensburg,MO,38.7627778,-93.7358333,9yvkdbx,2011,7,summer,22,4.333,32,77.4,71.7,15.0,0.0,5.1,
52129,2011-07-04 22:30:00,sylvan grove,KS,39.0094444,-98.3938889,9yfjbvr,2011,7,summer,22,4.333,32,87.2,63.1,0.0,0.0,6.5,
52130,2011-07-04 22:31:00,ogallala,NE,41.1280556,-101.7191667,9xr9vr4,2011,7,summer,23,4.333,32,75.7,63.1,14.0,0.0,6.3,
52131,2011-07-04 22:35:00,newport,OR,44.6369444,-124.0522222,9pzvcjg,2011,7,summer,23,4.333,32,56.0,52.8,0.0,0.0,14.1,
52132,2011-07-04 22:38:00,saint joseph,MO,39.7686111,-94.8463889,9zhd1xw,2011,7,summer,23,4.333,32,74.6,69.6,0.0,0.0,4.7,
52133,2011-07-04 22:40:00,bellingham,WA,48.7597222,-122.4869444,c28vksr,2011,7,summer,23,4.333,32,58.2,52.8,1.0,0.0,3.6,
52134,2011-07-04 22:40:00,kenosha,WI,42.5847222,-87.8211111,dp9d386,2011,7,summer,23,4.333,32,77.4,60.1,1.0,0.0,4.9,
52135,2011-07-04 22:40:00,ogden,UT,41.2230556,-111.9730556,9x26ebr,2011,7,summer,23,4.333,32,71.3,59.4,100.0,0.0,3.8,
52136,2011-07-04 22:45:00,star,ID,43.6922222,-116.4925,9rv0t1u,2011,7,summer,23,4.333,32,80.2,44.1,0.0,0.0,2.9,
52137,2011-07-04 22:45:00,wolf point,MT,48.0905556,-105.64,c8scs4e,2011,7,summer,23,4.333,32,68.0,50.7,4.0,0.0,9.4,
52138,2011-07-04 22:45:00,levittown,NY,40.7258333,-73.5147222,dr5xxju,2011,7,summer,23,4.333,32,74.8,66.9,100.0,0.0,6.8,
52139,2011-07-04 22:45:00,elgin,IL,42.0372222,-88.2811111,dp3pphe,2011,7,summer,23,4.333,32,71.4,62.0,1.0,0.0,3.2,
52140,2011-07-04 22:45:00,rochester,NY,43.1547222,-77.6158333,dr8v9b1,2011,7,summer,23,4.333,32,66.9,53.7,0.0,0.0,8.5,
52141,2011-07-04 22:46:00,aurora,OH,41.3175,-81.3455556,dpq5hct,2011,7,summer,23,4.333,32,69.0,59.6,6.0,0.0,5.9,
52142,2011-07-04 22:48:00,hillsboro,OR,45.5230556,-122.9886111,c20dcr4,2011,7,summer,23,4.333,32,60.9,46.6,0.0,0.0,8.3,
52143,2011-07-04 22:52:00,harrisburg,PA,40.2736111,-76.8847222,dr1m47w,2011,7,summer,23,4.333,32,73.6,65.6,59.0,0.0,3.2,
52144,2011-07-04 23:00:00,warrensburg,MO,38.7627778,-93.7358333,9yvkdbx,2011,7,summer,23,4.333,32,76.2,71.3,14.0,0.0,5.5,
52145,2011-07-04 23:00:00,arcata,CA,40.8666667,-124.0816667,9prb2rw,2011,7,summer,23,4.333,32,54.7,51.7,0.0,0.0,2.7,
52146,2011-07-04 23:00:00,st. louis park,MN,44.9483333,-93.3477778,9zvxeyd,2011,7,summer,23,4.333,32,74.8,66.0,76.0,0.0,7.1,
52147,2011-07-04 23:00:00,middlesboro,KY,36.6083333,-83.7166667,dns2qbr,2011,7,summer,23,4.333,32,73.6,71.1,38.0,0.0,1.6,
52148,2011-07-04 23:00:00,longview,WA,46.1383333,-122.9369444,c20w6x0,2011,7,summer,23,4.333,32,59.0,50.5,0.0,0.0,5.7,
52149,2011-07-04 23:00:00,hebron,IN,41.3186111,-87.2002778,dp3gp9y,2011,7,summer,23,4.333,32,65.4,60.7,0.0,0.0,5.6,
52150,2011-07-04 23:00:00,washington,MI,42.7244444,-83.0361111,dpsgn3w,2011,7,summer,23,4.333,32,70.9,59.3,0.0,0.0,3.6,
52151,2011-07-04 23:00:00,waterbury,CT,41.5580556,-73.0519444,drkh3tm,2011,7,summer,23,4.333,32,71.2,63.4,13.0,0.0,6.3,
52152,2011-07-04 23:10:00,bellingham,WA,48.7597222,-122.4869444,c28vksr,2011,7,summer,23,4.333,32,58.2,52.8,1.0,0.0,3.6,
52153,2011-07-04 23:11:00,waterbury,CT,41.5580556,-73.0519444,drkh3tm,2011,7,summer,23,4.333,32,71.2,63.4,13.0,0.0,6.3,
52154,2011-07-04 23:15:00,wolf point,MT,48.0905556,-105.64,c8scs4e,2011,7,summer,23,4.333,32,68.0,50.7,4.0,0.0,9.4,
52155,2011-07-04 23:30:00,struthers,OH,41.0525,-80.6080556,dpq9t9r,2011,7,summer,00,4.333,32,69.0,63.8,95.0,0.0,5.0,
52156,2011-07-04 23:45:00,verona,NY,43.1380556,-75.5711111,drdm2m4,2011,7,summer,00,4.333,32,66.8,59.0,55.0,0.0,5.8,
52157,2011-07-04 23:45:00,john day,OR,44.4161111,-118.9519444,9rgktjt,2011,7,summer,00,4.333,32,59.6,50.6,0.0,0.0,3.3,
52158,2011-07-04 23:45:00,san pedro,CA,33.7358333,-118.2913889,9mgzujq,2011,7,summer,00,4.333,32,64.2,59.4,0.0,0.0,2.8,
52159,2011-07-04 23:52:00,van wert,OH,40.8694444,-84.5841667,dp7be0p,2011,7,summer,00,4.333,32,72.3,63.8,100.0,0.0,6.5,
52160,2011-07-05 00:00:00,mount pleasant,MI,43.5977778,-84.7675,dpg8p0d,2011,7,summer,00,2.667,12,69.2,56.9,1.0,0.0,6.3,
52161,2011-07-05 00:30:00,mishawaka,IN,41.6619444,-86.1586111,dp6tp2m,2011,7,summer,00,2.667,12,65.7,61.9,0.0,0.0,5.0,
52162,2011-07-05 00:38:00,fresno,CA,36.7477778,-119.7713889,9qdc499,2011,7,summer,01,2.667,12,79.8,57.0,16.0,0.0,3.3,
52163,2011-07-05 01:00:00,washington,PA,40.1738889,-80.2463889,dpnutcq,2011,7,summer,01,2.667,12,66.7,66.6,13.0,0.0,3.3,
52164,2011-07-05 01:30:00,austin,TX,30.2669444,-97.7427778,9v6kpvc,2011,7,summer,02,2.667,12,82.7,65.2,10.0,0.0,9.7,
52165,2011-07-05 02:45:00,newark,NJ,40.7355556,-74.1727778,dr5r8pt,2011,7,summer,03,2.667,12,67.5,61.6,1.0,0.0,5.4,
52166,2011-07-05 05:59:00,palm desert,CA,33.7222222,-116.3736111,9mvpzfg,2011,7,summer,06,2.667,12,81.1,70.2,65.0,0.0,1.1,
52167,2011-07-05 15:30:00,tacoma,WA,47.2530556,-122.4430556,c22uvdp,2011,7,summer,16,2.667,12,76.5,45.0,0.0,0.0,6.7,
52168,2011-07-05 17:15:00,san jacinto,CA,33.7838889,-116.9577778,9qhb4w1,2011,7,summer,17,2.667,12,85.2,68.8,52.0,0.0,6.5,
52169,2011-07-05 19:00:00,grosse pointe farms,MI,42.4091667,-82.8919444,dpt138r,2011,7,summer,19,2.667,12,85.1,61.0,17.0,0.0,5.8,
52170,2011-07-05 19:55:00,seattle,WA,47.6063889,-122.3308333,c23nb63,2011,7,summer,20,2.667,12,69.3,49.3,0.0,0.0,5.2,
52171,2011-07-05 21:28:00,springfield,MO,37.2152778,-93.2980556,9ytesyy,2011,7,summer,21,2.667,12,81.7,72.4,5.0,0.0,5.9,
52172,2011-07-05 22:00:00,fillmore,CA,34.3991667,-118.9172222,9q57typ,2011,7,summer,22,2.667,12,76.6,67.3,14.0,0.0,0.9,
52173,2011-07-05 22:00:00,stevensville,MI,42.0144444,-86.5194444,dp6rp0q,2011,7,summer,22,2.667,12,76.8,67.8,33.0,0.0,5.4,
52174,2011-07-05 22:05:00,montgomery,PA,41.1702778,-76.8772222,dr364wg,2011,7,summer,22,2.667,12,74.7,65.4,0.0,0.0,2.9,
52175,2011-07-05 22:30:00,minersville,PA,40.6905556,-76.2625,dr1z2x7,2011,7,summer,22,2.667,12,75.1,61.4,0.0,0.0,2.4,
52176,2011-07-05 22:40:00,chicago,IL,41.85,-87.65,dp3wj6x,2011,7,summer,23,2.667,12,79.2,68.8,99.0,0.0,6.3,
52177,2011-07-05 23:00:00,murrells inlet,SC,33.5508333,-79.0416667,djzyc7e,2011,7,summer,23,2.667,12,79.3,75.4,37.0,0.0,8.1,
52178,2011-07-05 23:11:00,phoenix,AZ,33.4483333,-112.0733333,9tbq39n,2011,7,summer,23,2.667,12,89.3,65.5,81.0,0.0,11.3,
52179,2011-07-05 23:45:00,new sweden,ME,46.9416667,-68.1211111,f2re1c7,2011,7,summer,00,2.667,12,62.0,59.4,24.0,0.0,4.7,
52180,2011-07-06 03:00:00,spokane county (on i-90; westbound),WA,47.6588889,-117.425,c2krpuj,2011,7,summer,03,1.0,4,60.7,42.7,0.0,0.0,3.5,
52181,2011-07-06 15:00:00,portland,OR,45.5236111,-122.675,c20fbrq,2011,7,summer,15,1.0,4,84.0,55.0,0.0,0.0,8.9,
52182,2011-07-06 21:00:00,fayetteville,WV,38.0527778,-81.1041667,dny26rm,2011,7,summer,21,1.0,4,74.8,68.3,4.0,0.0,3.2,
52183,2011-07-06 21:00:00,gulfport,MS,30.3672222,-89.0927778,dj2su8h,2011,7,summer,21,1.0,4,81.1,75.3,10.0,0.0,1.4,
52184,2011-07-06 22:00:00,burton,MI,42.9994444,-83.6163889,dpss97b,2011,7,summer,22,1.0,4,72.9,62.6,2.0,0.0,6.4,
52185,2011-07-06 22:00:00,overland park,KS,38.9822222,-94.6705556,9yutv8r,2011,7,summer,22,1.0,4,77.4,71.6,37.0,0.0,3.3,
52186,2011-07-06 22:25:00,strongsville,OH,41.3144444,-81.8358333,dpmg1c0,2011,7,summer,22,1.0,4,75.1,67.1,30.0,0.0,7.3,
52187,2011-07-06 22:45:00,maumee,OH,41.5627778,-83.6538889,dpks2qm,2011,7,summer,23,1.0,4,75.4,65.8,1.0,0.0,6.3,
52188,2011-07-07 00:00:00,tarpon springs,FL,28.1458333,-82.7569444,djj0hgf,2011,7,summer,00,0.667,3,83.1,73.7,88.0,0.0,5.4,
52189,2011-07-07 00:30:00,snoqualmie,WA,47.5288889,-121.8241667,c23q7u6,2011,7,summer,00,0.667,3,63.4,59.1,0.0,0.0,1.6,
52190,2011-07-07 00:50:00,cincinnati,OH,39.1619444,-84.4569444,dngyy1h,2011,7,summer,01,0.667,3,74.3,68.0,2.0,0.0,5.2,
52191,2011-07-07 05:30:00,milton,VT,44.6397222,-73.1108333,drujbq6,2011,7,summer,06,0.667,3,63.4,61.1,43.0,0.0,6.3,
52192,2011-07-07 14:00:00,sedona,AZ,34.8697222,-111.7602778,9w0w2gf,2011,7,summer,14,0.667,3,92.2,47.5,45.0,0.0,7.1,
52193,2011-07-07 16:58:00,liverpool,NY,43.1063889,-76.2180556,dr9v1x7,2011,7,summer,17,0.667,3,77.0,54.7,99.0,0.0,4.3,
52194,2011-07-07 19:00:00,horseheads,NY,42.1669444,-76.8208333,dr3rguk,2011,7,summer,19,0.667,3,76.2,62.9,99.0,0.0,4.8,
52195,2011-07-07 21:00:00,machesney park,IL,42.3472222,-89.0388889,dp88vv5,2011,7,summer,21,0.667,3,73.3,56.0,38.0,0.0,5.4,
52196,2011-07-07 22:00:00,helixville,PA,40.0741667,-78.7047222,dr05cp2,2011,7,summer,22,0.667,3,71.8,69.5,99.0,0.0,3.4,
52197,2011-07-07 22:00:00,osprey,FL,27.1958333,-82.4905556,dhv6dyu,2011,7,summer,22,0.667,3,76.9,74.5,100.0,0.01,7.3,
52198,2011-07-07 22:15:00,harrison,ME,44.1102778,-70.6797222,drvdzwh,2011,7,summer,22,0.667,3,67.4,52.3,99.0,0.0,3.7,
52199,2011-07-07 22:30:00,moore,SC,34.8333333,-81.9922222,dnjwnjp,2011,7,summer,22,0.667,3,75.9,73.1,38.0,0.0,4.7,
52200,2011-07-07 22:40:00,coon rapids,MN,45.12,-93.2875,cbj8tjy,2011,7,summer,23,0.667,3,75.5,65.1,24.0,0.0,5.1,
52201,2011-07-08 00:00:00,franklinville,NC,35.7436111,-79.6925,dnr76dc,2011,7,summer,00,4.0,27,75.6,72.5,52.0,0.0,2.1,
52202,2011-07-08 00:00:00,colorado springs,CO,38.8338889,-104.8208333,9wvkytr,2011,7,summer,00,4.0,27,62.0,59.7,100.0,0.0,0.9,
52203,2011-07-08 01:00:00,villa hills,KY,39.0633333,-84.5930556,dngy5p3,2011,7,summer,01,4.0,27,74.0,69.6,99.0,0.02,2.8,
52204,2011-07-08 02:20:00,sacramento,CA,38.5816667,-121.4933333,9qce7re,2011,7,summer,02,4.0,27,67.7,55.4,0.0,0.0,4.6,
52205,2011-07-08 16:00:00,west alton (mississippi river),MO,36.6941667,-91.3991667,9yx08pv,2011,7,summer,16,4.0,27,83.5,67.6,92.0,0.0,7.1,
52206,2011-07-08 20:30:00,lexington,MI,43.2680556,-82.5308333,dptq1uw,2011,7,summer,20,4.0,27,75.2,63.8,26.0,0.0,3.1,
52207,2011-07-08 23:00:00,dallas,TX,32.7833333,-96.8,9vg4t20,2011,7,summer,23,4.0,27,92.6,64.9,12.0,0.0,13.4,
52208,2011-07-09 10:35:00,owasso,OK,36.2694444,-95.8544444,9y7y6f8,2011,7,summer,11,3.333,18,89.2,70.2,1.0,0.0,7.6,
52209,2011-07-09 10:45:00,sparks,NV,39.535,-119.7516667,9r4bfvp,2011,7,summer,11,3.333,18,82.2,30.0,0.0,0.0,4.1,
52210,2011-07-09 13:00:00,republic,WA,48.6483333,-118.7366667,c2esf04,2011,7,summer,13,3.333,18,71.9,35.1,72.0,0.0,4.9,
52211,2011-07-09 20:00:00,medford,NY,40.8175,-73.0005556,drk04yd,2011,7,summer,20,3.333,18,78.1,63.5,0.0,0.0,6.7,
52212,2011-07-09 20:50:00,elizabeth,PA,40.2691667,-79.89,dppjn4c,2011,7,summer,21,3.333,18,76.6,69.7,3.0,0.0,3.0,
52213,2011-07-09 21:00:00,englewood,FL,26.9616667,-82.3527778,dhv3qh0,2011,7,summer,21,3.333,18,82.7,75.1,26.0,0.0,4.6,
52214,2011-07-09 21:30:00,imperial,MO,38.3697222,-90.3783333,9yzdr2u,2011,7,summer,22,3.333,18,79.9,70.3,0.0,0.0,7.4,
52215,2011-07-09 21:36:00,chicago,IL,41.85,-87.65,dp3wj6x,2011,7,summer,22,3.333,18,81.1,70.4,6.0,0.0,8.3,
52216,2011-07-09 21:40:00,arcata,CA,40.8666667,-124.0816667,9prb2rw,2011,7,summer,22,3.333,18,50.1,48.5,1.0,0.0,5.0,
52217,2011-07-09 22:00:00,milwaukee,WI,43.0388889,-87.9063889,dp9kzdu,2011,7,summer,22,3.333,18,77.8,68.5,16.0,0.0,8.6,
52218,2011-07-09 22:00:00,delta,OH,41.5736111,-84.0052778,dpkk82j,2011,7,summer,22,3.333,18,77.5,59.8,0.0,0.0,4.6,
52219,2011-07-09 22:15:00,grand rivers,KY,37.0030556,-88.2344444,dn9680j,2011,7,summer,22,3.333,18,79.9,70.4,0.0,0.0,6.7,
52220,2011-07-09 22:30:00,san fernando,CA,34.2819444,-118.4380556,9q5g0bu,2011,7,summer,22,3.333,18,74.6,58.9,3.0,0.0,2.3,
52221,2011-07-09 22:30:00,butte,MT,46.0038889,-112.5338889,c2pvxnz,2011,7,summer,22,3.333,18,62.5,31.2,0.0,0.0,5.7,
52222,2011-07-09 22:45:00,joplin,MO,37.0841667,-94.5130556,9ysfcqc,2011,7,summer,23,3.333,18,86.8,67.9,36.0,0.0,8.9,
52223,2011-07-09 22:53:00,columbia city,IN,41.1572222,-85.4883333,dp74nsm,2011,7,summer,23,3.333,18,75.6,60.1,1.0,0.0,4.7,
52224,2011-07-09 23:00:00,wisconsin dells,WI,43.6275,-89.7708333,dpb0jnn,2011,7,summer,23,3.333,18,77.4,62.7,43.0,0.0,8.1,
52225,2011-07-10 02:05:00,missoula,MT,46.8722222,-113.9930556,c2qfwhb,2011,7,summer,02,1.333,5,60.4,37.3,0.0,0.0,2.6,
52226,2011-07-10 10:06:00,bettendorf,IA,41.5244444,-90.5155556,9zrshr2,2011,7,summer,10,1.333,5,82.3,71.5,40.0,0.0,8.0,
52227,2011-07-10 14:00:00,new york city (brooklyn),NY,40.7141667,-74.0063889,dr5regy,2011,7,summer,14,1.333,5,82.5,61.2,85.0,0.0,2.2,
52228,2011-07-10 15:40:00,east los angeles,CA,34.0238889,-118.1711111,9q5cwcy,2011,7,summer,16,1.333,5,80.9,56.5,2.0,0.0,6.0,
52229,2011-07-10 17:00:00,bridgeport,CT,41.1669444,-73.2052778,dr7fnnj,2011,7,summer,17,1.333,5,80.8,61.7,0.0,0.0,7.5,
52230,2011-07-10 20:45:00,menands,NY,42.6919444,-73.725,dredf7g,2011,7,summer,21,1.333,5,74.9,63.8,0.0,0.0,6.0,
52231,2011-07-10 21:30:00,canisteo,NY,42.2702778,-77.6061111,dr8b6p0,2011,7,summer,22,1.333,5,75.5,65.6,10.0,0.0,2.9,
52232,2011-07-10 21:30:00,york beach,ME,43.1713889,-70.6094444,drtv95p,2011,7,summer,22,1.333,5,68.5,61.5,3.0,0.0,4.7,
52233,2011-07-10 22:30:00,charlotte,MI,42.5636111,-84.8358333,dpedjs2,2011,7,summer,22,1.333,5,79.9,67.1,79.0,0.0,3.3,
52234,2011-07-10 22:45:00,new york city (brooklyn),NY,40.7141667,-74.0063889,dr5regy,2011,7,summer,23,1.333,5,73.7,68.2,0.0,0.0,6.3,
52235,2011-07-10 22:45:00,durant,OK,33.9938889,-96.3705556,9y53rh3,2011,7,summer,23,1.333,5,90.1,65.8,3.0,0.0,5.7,
52236,2011-07-10 23:00:00,arcadia,WI,44.2527778,-91.5013889,9zygtzf,2011,7,summer,23,1.333,5,77.5,71.5,14.0,0.0,6.6,
52237,2011-07-10 23:15:00,wolf point,MT,48.0905556,-105.64,c8scs4e,2011,7,summer,23,1.333,5,64.8,50.6,0.0,0.0,5.7,
52238,2011-07-10 23:15:00,ocean beach (fire island),NY,40.6466667,-73.1575,dr5zpr2,2011,7,summer,23,1.333,5,74.9,69.4,0.0,0.0,8.2,
52239,2011-07-11 00:00:00,orlando,FL,28.5380556,-81.3794444,djn4k5j,2011,7,summer,00,2.0,7,78.7,75.6,24.0,0.0,2.2,
52240,2011-07-11 01:00:00,manchester,MI,42.1502778,-84.0377778,dpkpz9j,2011,7,summer,01,2.0,7,76.7,59.8,49.0,0.0,6.9,
52241,2011-07-11 01:00:00,chapel hill,NC,35.9130556,-79.0561111,dnru31c,2011,7,summer,01,2.0,7,76.4,69.1,16.0,0.0,6.4,
52242,2011-07-11 01:45:00,wingdale,NY,41.6469444,-73.5686111,dr7svvs,2011,7,summer,02,2.0,7,68.8,67.1,7.0,0.0,5.8,
52243,2011-07-11 03:00:00,woodbridge,VA,38.6580556,-77.25,dqc5fjk,2011,7,summer,03,2.0,7,74.0,68.8,0.0,0.0,6.5,
52244,2011-07-11 12:00:00,georgetown,TX,30.6325,-97.6769444,9v6w323,2011,7,summer,12,2.0,7,92.0,67.2,18.0,0.0,6.9,
52245,2011-07-11 16:10:00,detroit,MI,42.3313889,-83.0458333,dpsby4p,2011,7,summer,16,2.0,7,85.6,71.8,100.0,0.0,16.1,
52246,2011-07-11 20:05:00,memphis,TN,35.1494444,-90.0488889,9ypzyyu,2011,7,summer,20,2.0,7,88.6,73.2,36.0,0.0,6.0,
52247,2011-07-11 20:45:00,henderson,KY,37.8361111,-87.59,dn9xnzf,2011,7,summer,21,2.0,7,87.0,77.0,0.0,0.0,4.5,
52248,2011-07-11 21:10:00,boyne city (rural),MI,45.2166667,-85.0138889,f0591rq,2011,7,summer,21,2.0,7,74.2,70.5,10.0,0.0,8.5,
52249,2011-07-11 22:00:00,oakdale,CA,37.7666667,-120.8461111,9qdnf54,2011,7,summer,22,2.0,7,67.3,49.4,0.0,0.0,8.9,
52250,2011-07-11 22:00:00,snowflake,AZ,34.5133333,-110.0777778,9w1sr4g,2011,7,summer,22,2.0,7,68.1,61.0,92.0,0.0,6.9,
52251,2011-07-11 22:00:00,white house,TN,36.4702778,-86.6513889,dn6rkpn,2011,7,summer,22,2.0,7,82.3,73.4,44.0,0.0,7.4,
52252,2011-07-11 22:25:00,las vegas,NV,36.175,-115.1363889,9qqju12,2011,7,summer,22,2.0,7,90.3,35.6,0.0,0.0,7.7,
52253,2011-07-11 22:40:00,wisconsin dells,WI,43.6275,-89.7708333,dpb0jnn,2011,7,summer,23,2.0,7,75.5,62.1,2.0,0.0,6.0,
52254,2011-07-12 00:08:00,saranac,MI,42.9294444,-85.2130556,dpekhzj,2011,7,summer,00,2.0,7,75.4,71.7,22.0,0.0,6.0,
52255,2011-07-12 01:00:00,hartland,ME,44.8833333,-69.4480556,dryx7dv,2011,7,summer,01,2.0,7,72.2,66.3,100.0,0.0,2.7,
52256,2011-07-12 03:00:00,cocoa,FL,28.3858333,-80.7422222,djn96xm,2011,7,summer,03,2.0,7,77.6,75.2,24.0,0.0,4.4,
52257,2011-07-12 10:54:00,clive,UT,40.7086111,-113.1166667,9rpx9fy,2011,7,summer,11,2.0,7,85.0,36.2,28.0,0.0,12.5,
52258,2011-07-12 20:03:00,memphis,TN,35.1494444,-90.0488889,9ypzyyu,2011,7,summer,20,2.0,7,91.0,72.8,93.0,0.0,7.4,
52259,2011-07-12 23:10:00,fairfield,OH,39.3458333,-84.5605556,dngzgf8,2011,7,summer,23,2.0,7,80.4,70.5,100.0,0.0,5.3,
52260,2011-07-13 03:00:00,bozeman,MT,45.6797222,-111.0377778,c815c78,2011,7,summer,03,2.0,7,55.8,54.6,1.0,0.0,2.7,
52261,2011-07-13 03:00:00,olney,MD,39.1530556,-77.0672222,dqcnwr9,2011,7,summer,03,2.0,7,78.7,64.7,100.0,0.0,7.0,
52262,2011-07-13 08:53:00,lancaster,NY,42.9005556,-78.6705556,dr8h1cc,2011,7,summer,09,2.0,7,69.1,60.1,34.0,0.0,6.2,
52263,2011-07-13 11:00:00,aloha,OR,45.4944444,-122.8658333,c20du45,2011,7,summer,11,2.0,7,60.0,52.4,58.0,0.0,3.7,
52264,2011-07-13 13:00:00,coarsegold,CA,37.2622222,-119.7,9qdgupm,2011,7,summer,13,2.0,7,75.7,52.4,0.0,0.0,5.6,
52265,2011-07-13 13:30:00,wilkes-barre,PA,41.2458333,-75.8816667,dr649k8,2011,7,summer,14,2.0,7,81.3,59.3,29.0,0.0,8.3,
52266,2011-07-13 20:30:00,newtown,CT,41.4138889,-73.3038889,dr7gegj,2011,7,summer,20,2.0,7,76.3,53.7,25.0,0.0,12.1,
52267,2011-07-13 20:45:00,goshen,OH,39.2333333,-84.1613889,dnuphy5,2011,7,summer,21,2.0,7,77.5,58.9,12.0,0.0,7.2,
52268,2011-07-13 21:40:00,watkins glen,NY,42.3805556,-76.8736111,dr934en,2011,7,summer,22,2.0,7,67.0,56.5,1.0,0.0,7.7,
52269,2011-07-13 21:40:00,jersey city,NJ,40.7280556,-74.0780556,dr5rdq6,2011,7,summer,22,2.0,7,74.9,54.0,1.0,0.0,11.3,
52270,2011-07-13 22:00:00,dunbar,WV,38.3605556,-81.7375,dnvfhp2,2011,7,summer,22,2.0,7,76.2,69.2,36.0,0.0,5.9,
52271,2011-07-13 22:00:00,lithonia,GA,33.7122222,-84.1052778,djupy1h,2011,7,summer,22,2.0,7,84.4,73.7,99.0,0.0,3.6,
52272,2011-07-13 22:25:00,columbus,OH,39.9611111,-82.9988889,dphgr6d,2011,7,summer,22,2.0,7,73.5,53.5,3.0,0.0,7.5,
52273,2011-07-13 22:29:00,watkins glen,NY,42.3805556,-76.8736111,dr934en,2011,7,summer,22,2.0,7,67.0,56.5,1.0,0.0,7.7,
52274,2011-07-13 22:30:00,watkins glen,NY,42.3805556,-76.8736111,dr934en,2011,7,summer,22,2.0,7,67.0,56.5,1.0,0.0,7.7,
52275,2011-07-13 22:30:00,litchfield,IL,39.1752778,-89.6541667,dnbnzge,2011,7,summer,22,2.0,7,75.3,64.5,38.0,0.0,8.8,
52276,2011-07-13 22:38:00,athens,GA,33.9608333,-83.3780556,dnh9nwm,2011,7,summer,23,2.0,7,79.8,76.4,98.0,0.0,3.0,
52277,2011-07-14 02:00:00,ankeny,IA,41.7297222,-93.6055556,9zmmmuw,2011,7,summer,02,2.667,12,69.9,63.7,100.0,0.0,9.1,
52278,2011-07-14 17:03:00,chicago,IL,41.85,-87.65,dp3wj6x,2011,7,summer,17,2.667,12,75.9,59.8,28.0,0.0,9.3,
52279,2011-07-14 20:00:00,keyes,CA,37.5566667,-120.9144444,9qdj8sb,2011,7,summer,20,2.667,12,75.0,47.1,0.0,0.0,8.1,
52280,2011-07-14 20:50:00,cape coral,FL,26.5625,-81.9497222,dhtxp5w,2011,7,summer,21,2.667,12,81.5,76.4,68.0,0.0,5.6,
52281,2011-07-14 21:15:00,emerald isle,NC,34.6777778,-76.9511111,dq1m2bv,2011,7,summer,21,2.667,12,75.7,64.3,23.0,0.0,12.5,
52282,2011-07-14 22:00:00,wayland,MI,42.6738889,-85.6447222,dpe4g0e,2011,7,summer,22,2.667,12,71.3,56.5,98.0,0.0,3.9,
52283,2011-07-14 22:00:00,cleveland,OH,41.4994444,-81.6955556,dpmuhfx,2011,7,summer,22,2.667,12,71.9,59.8,34.0,0.0,10.1,
52284,2011-07-14 22:45:00,plano,TX,33.0197222,-96.6986111,9vg5ze4,2011,7,summer,23,2.667,12,91.2,68.6,55.0,0.0,10.0,
52285,2011-07-14 23:30:00,braintree,MA,42.2222222,-71.0,drt80q7,2011,7,summer,00,2.667,12,64.0,63.6,98.0,0.05,10.7,
52286,2011-07-14 23:34:00,miami,FL,25.7738889,-80.1938889,dhwfx5u,2011,7,summer,00,2.667,12,78.9,74.4,73.0,0.0,1.6,
52287,2011-07-15 00:00:00,san antonio,TX,29.4238889,-98.4933333,9v1zqsr,2011,7,summer,00,0.667,3,84.6,67.7,93.0,0.0,10.8,
52288,2011-07-15 01:00:00,easton,PA,40.6883333,-75.2211111,dr4x2r1,2011,7,summer,01,0.667,3,63.8,58.7,42.0,0.0,5.8,
52289,2011-07-15 02:00:00,palm beach gardens,FL,26.8230556,-80.1388889,dhz086u,2011,7,summer,02,0.667,3,78.5,75.4,83.0,0.0,5.7,
52290,2011-07-15 02:50:00,kissimmee,FL,28.2916667,-81.4077778,djn0gw2,2011,7,summer,03,0.667,3,79.4,74.3,96.0,0.0,4.1,
52291,2011-07-15 10:30:00,surfside beach,SC,33.6058333,-78.9733333,djzz4vv,2011,7,summer,10,0.667,3,79.0,67.6,74.0,0.0,10.8,
52292,2011-07-15 14:30:00,larose,LA,29.5722222,-90.3816667,9vr8pr6,2011,7,summer,14,0.667,3,79.3,76.0,99.0,0.02,10.7,
52293,2011-07-15 15:00:00,denver,CO,39.7391667,-104.9841667,9xj6542,2011,7,summer,15,0.667,3,86.1,41.1,27.0,0.0,7.5,
52294,2011-07-15 15:00:00,louisa,KY,38.1141667,-82.6033333,dnv2b66,2011,7,summer,15,0.667,3,77.7,66.5,85.0,0.0,8.2,
52295,2011-07-15 15:00:00,west chester,PA,39.8494444,-75.3561111,dr46tnr,2011,7,summer,15,0.667,3,83.5,53.3,45.0,0.0,5.4,
52296,2011-07-15 17:00:00,kenesaw,NE,40.6211111,-98.6572222,9z1z54b,2011,7,summer,17,0.667,3,93.4,70.8,70.0,0.0,2.9,
52297,2011-07-15 19:30:00,raleigh,NC,35.7719444,-78.6388889,dq25d80,2011,7,summer,20,0.667,3,80.8,55.2,50.0,0.0,4.7,
52298,2011-07-15 19:30:00,newport,NC,34.7863889,-76.8594444,dq1mgh8,2011,7,summer,20,0.667,3,76.3,59.9,34.0,0.0,8.3,
52299,2011-07-15 21:00:00,watertown,CT,41.6061111,-73.1186111,drkh8nh,2011,7,summer,21,0.667,3,75.1,53.6,31.0,0.0,3.5,
52300,2011-07-15 21:05:00,lake worth,FL,26.6155556,-80.0572222,dhxp6m0,2011,7,summer,21,0.667,3,78.7,74.4,100.0,0.03,5.6,
52301,2011-07-15 21:15:00,stevens point,WI,44.5236111,-89.5744444,dpbm39m,2011,7,summer,21,0.667,3,76.3,64.8,100.0,0.0,5.0,
52302,2011-07-15 21:15:00,stevens point,WI,44.5236111,-89.5744444,dpbm39m,2011,7,summer,21,0.667,3,76.3,64.8,100.0,0.0,5.0,
52303,2011-07-15 21:20:00,lafayette,LA,30.2238889,-92.0197222,9vqefn1,2011,7,summer,21,0.667,3,80.2,74.5,98.0,0.0,5.6,
52304,2011-07-15 21:30:00,stevens point,WI,44.5236111,-89.5744444,dpbm39m,2011,7,summer,22,0.667,3,75.4,64.4,100.0,0.0,5.3,
52305,2011-07-15 22:00:00,lebanon,OR,44.5366667,-122.9058333,9rbt75w,2011,7,summer,22,0.667,3,61.6,52.8,97.0,0.0,3.0,
52306,2011-07-15 22:05:00,mt. vernon,IL,38.316,-88.9106,dnbcbz1,2011,7,summer,22,0.667,3,79.3,68.2,74.0,0.0,4.7,
52307,2011-07-15 23:00:00,wayland,MI,42.6738889,-85.6447222,dpe4g0e,2011,7,summer,23,0.667,3,73.2,58.5,100.0,0.0,4.9,
52308,2011-07-15 23:15:00,seatac,WA,47.4538889,-122.3205556,c23jbw8,2011,7,summer,23,0.667,3,60.9,54.9,97.0,0.0,3.2,
52309,2011-07-15 23:20:00,poughquag,NY,41.6088889,-73.6822222,dr7seqd,2011,7,summer,23,0.667,3,71.8,54.5,17.0,0.0,2.7,
52310,2011-07-16 00:00:00,three forks,MT,45.8925,-111.5513889,c80tjd6,2011,7,summer,00,1.333,5,64.2,53.1,8.0,0.0,2.5,
52311,2011-07-16 02:00:00,shabbona,IL,41.7680556,-88.8769444,dp2v9e9,2011,7,summer,02,1.333,5,70.4,62.7,95.0,0.0,5.5,
52312,2011-07-16 02:15:00,sarasota,FL,27.3361111,-82.5308333,dhv79bq,2011,7,summer,02,1.333,5,79.2,76.4,98.0,0.0,1.6,
52313,2011-07-16 02:46:00,orlando,FL,28.5380556,-81.3794444,djn4k5j,2011,7,summer,03,1.333,5,76.4,74.8,97.0,0.0,2.7,
52314,2011-07-16 11:00:00,orlando (outside of; on 14),FL,28.5380556,-81.3794444,djn4k5j,2011,7,summer,11,1.333,5,83.2,76.6,87.0,0.0,6.1,
52315,2011-07-16 12:00:00,williston,FL,29.3872222,-82.4469444,djjr5vg,2011,7,summer,12,1.333,5,83.6,77.3,98.0,0.01,2.6,
52316,2011-07-16 21:00:00,mokena,IL,41.5261111,-87.8891667,dp3s0p9,2011,7,summer,21,1.333,5,78.5,67.7,3.0,0.0,4.9,
52317,2011-07-16 21:20:00,clinton,IL,40.1536111,-88.9644444,dp0srtd,2011,7,summer,21,1.333,5,77.8,68.2,21.0,0.0,4.2,
52318,2011-07-16 21:30:00,penfield,NY,43.1302778,-77.4758333,dr8vkgx,2011,7,summer,22,1.333,5,75.3,55.7,0.0,0.0,3.6,
52319,2011-07-16 21:45:00,onset,MA,41.7416667,-70.6583333,drmv2nu,2011,7,summer,22,1.333,5,69.8,64.1,95.0,0.0,9.2,
52320,2011-07-16 21:45:00,salem,WI,42.5547222,-88.1108333,dp964fz,2011,7,summer,22,1.333,5,78.4,65.2,13.0,0.0,7.0,
52321,2011-07-16 22:00:00,brunswick,OH,41.2380556,-81.8419444,dpmf9eh,2011,7,summer,22,1.333,5,77.7,61.7,5.0,0.0,4.6,
52322,2011-07-16 22:00:00,manzanita,OR,45.7186111,-123.9338889,c0pu5ff,2011,7,summer,22,1.333,5,57.2,55.3,90.0,0.0,1.1,
52323,2011-07-16 22:00:00,monroeville,PA,40.4211111,-79.7883333,dppmbq7,2011,7,summer,22,1.333,5,74.1,64.8,4.0,0.0,2.9,
52324,2011-07-16 22:30:00,apple valley,CA,34.5008333,-117.185,9qhsm2s,2011,7,summer,22,1.333,5,71.8,47.2,0.0,0.0,3.7,
52325,2011-07-16 22:30:00,south euclid,OH,41.5230556,-81.5186111,dpqh0zp,2011,7,summer,22,1.333,5,79.6,63.2,12.0,0.0,2.9,
52326,2011-07-16 22:35:00,conover,NC,35.7063889,-81.2188889,dnq5pu4,2011,7,summer,23,1.333,5,69.6,66.6,26.0,0.0,2.7,
52327,2011-07-16 23:30:00,oak harbor,WA,48.2933333,-122.6419444,c28f9pw,2011,7,summer,00,1.333,5,57.3,55.0,100.0,0.01,2.0,
52328,2011-07-16 23:52:00,erie,PA,42.1291667,-80.0852778,dprp9t7,2011,7,summer,00,1.333,5,73.2,61.4,0.0,0.0,5.0,
52329,2011-07-17 00:30:00,hartland,MI,42.6566667,-83.7530556,dps6wjk,2011,7,summer,00,2.333,9,76.0,64.9,2.0,0.0,5.7,
52330,2011-07-17 01:00:00,findlay,OH,41.0441667,-83.65,dpk92rz,2011,7,summer,01,2.333,9,76.0,67.2,9.0,0.0,7.7,
52331,2011-07-17 02:30:00,palomar mountain,CA,33.3227778,-116.8777778,9muvs6h,2011,7,summer,02,2.333,9,45.4,40.8,9.0,0.0,0.8,
52332,2011-07-17 02:35:00,fresno (near; on interstate 5),CA,36.7477778,-119.7713889,9qdc499,2011,7,summer,03,2.333,9,66.3,54.9,0.0,0.0,7.3,
52333,2011-07-17 04:06:00,averill park,NY,42.6338889,-73.5541667,dredw1r,2011,7,summer,04,2.333,9,64.7,54.9,0.0,0.0,4.9,
52334,2011-07-17 13:00:00,lewiston,ID,46.4166667,-117.0166667,c2kb11z,2011,7,summer,13,2.333,9,83.1,62.0,63.0,0.0,1.1,
52335,2011-07-17 15:45:00,ashburn,VA,39.0436111,-77.4877778,dqbyhex,2011,7,summer,16,2.333,9,88.0,61.1,90.0,0.0,5.6,
52336,2011-07-17 21:30:00,charlevoix,MI,45.3180556,-85.2583333,f053gcu,2011,7,summer,22,2.333,9,76.6,66.8,99.0,0.0,12.9,
52337,2011-07-17 22:00:00,winston-salem,NC,36.0997222,-80.2444444,dnqvmgz,2011,7,summer,22,2.333,9,76.0,65.6,29.0,0.0,3.2,
52338,2011-07-17 22:00:00,emerald isle,NC,34.6777778,-76.9511111,dq1m2bv,2011,7,summer,22,2.333,9,76.0,61.9,0.0,0.0,4.2,
52339,2011-07-17 22:00:00,elkton,MD,39.6066667,-75.8336111,dr41665,2011,7,summer,22,2.333,9,77.9,66.0,17.0,0.0,8.0,
52340,2011-07-17 23:00:00,ormond beach,FL,29.2855556,-81.0561111,djnqee2,2011,7,summer,23,2.333,9,76.2,72.3,15.0,0.0,6.5,
52341,2011-07-17 23:00:00,arvada,CO,39.8027778,-105.0869444,9xj62ty,2011,7,summer,23,2.333,9,72.2,50.5,4.0,0.0,5.2,
52342,2011-07-18 00:00:00,indio,CA,33.7205556,-116.2147222,9mvrg6x,2011,7,summer,00,0.667,3,89.4,42.4,0.0,0.0,2.9,
52343,2011-07-18 00:04:00,lusby,MD,38.4105556,-76.4555556,dqcds0q,2011,7,summer,00,0.667,3,75.8,67.8,1.0,0.0,10.5,
52344,2011-07-18 01:30:00,clayton,NC,35.6505556,-78.4566667,dq24y9v,2011,7,summer,02,0.667,3,72.9,59.8,98.0,0.0,6.8,
52345,2011-07-18 03:15:00,lynnwood,WA,47.8211111,-122.3138889,c29009t,2011,7,summer,03,0.667,3,54.9,54.0,80.0,0.0,3.5,
52346,2011-07-18 03:16:00,tampa,FL,27.9472222,-82.4586111,dhvqgxe,2011,7,summer,03,0.667,3,76.9,73.5,13.0,0.0,8.4,
52347,2011-07-18 11:45:00,los banos (approx 10 miles east of),CA,37.0583333,-120.8488889,9qd4f42,2011,7,summer,12,0.667,3,82.2,47.2,0.0,0.0,4.9,
52348,2011-07-18 21:05:00,bennington,KS,39.0305556,-97.5938889,9yfw51q,2011,7,summer,21,0.667,3,93.9,65.3,6.0,0.0,5.8,
52349,2011-07-18 21:30:00,turlock,CA,37.4947222,-120.8455556,9qdj61d,2011,7,summer,22,0.667,3,72.9,57.0,0.0,0.0,12.3,
52350,2011-07-18 22:00:00,vancouver,WA,45.6388889,-122.6602778,c20g8u3,2011,7,summer,22,0.667,3,63.6,54.1,5.0,0.0,5.5,
52351,2011-07-18 23:00:00,carthage,TX,32.1572222,-94.3372222,9vsyvq1,2011,7,summer,23,0.667,3,81.4,74.1,16.0,0.0,6.7,
52352,2011-07-18 23:30:00,bonham,TX,33.5772222,-96.1780556,9vgx52t,2011,7,summer,00,0.667,3,85.8,72.1,7.0,0.0,6.5,
52353,2011-07-18 23:40:00,rainier,OR,46.0891667,-122.9347222,c20w4w3,2011,7,summer,00,0.667,3,54.2,54.1,100.0,0.0,2.5,
52354,2011-07-19 00:30:00,salinas,CA,36.6777778,-121.6544444,9q92xsv,2011,7,summer,00,3.333,18,60.2,58.7,84.0,0.0,4.0,
52355,2011-07-19 01:10:00,janesville,WI,42.6827778,-89.0186111,dp8dy64,2011,7,summer,01,3.333,18,83.0,77.6,0.0,0.0,4.9,
52356,2011-07-19 11:40:00,folsom,CA,38.6780556,-121.175,9qcu495,2011,7,summer,12,3.333,18,79.7,55.7,0.0,0.0,3.1,
52357,2011-07-19 19:30:00,richmond,CA,37.9358333,-122.3466667,9q8zzfj,2011,7,summer,20,3.333,18,71.1,55.3,0.0,0.0,6.4,
52358,2011-07-19 21:45:00,st. louis,MO,38.6272222,-90.1977778,9yzgerz,2011,7,summer,22,3.333,18,86.5,76.5,97.0,0.0,3.2,
52359,2011-07-19 22:00:00,evans mills,NY,44.0880556,-75.8075,drf4fcy,2011,7,summer,22,3.333,18,72.0,66.8,31.0,0.0,4.1,
52360,2011-07-19 22:00:00,poughkeepsie,NY,41.7002778,-73.9213889,dr7mjzk,2011,7,summer,22,3.333,18,75.3,58.1,0.0,0.0,3.7,
52361,2011-07-19 22:30:00,sapulpa,OK,35.9986111,-96.1138889,9y7suck,2011,7,summer,22,3.333,18,91.7,63.1,3.0,0.0,7.0,
52362,2011-07-19 22:30:00,port neches,TX,29.9911111,-93.9583333,9vm4tgt,2011,7,summer,22,3.333,18,78.9,75.2,18.0,0.0,5.9,
52363,2011-07-19 23:00:00,lindenhurst,NY,40.6866667,-73.3738889,dr5z6qf,2011,7,summer,23,3.333,18,76.4,72.8,2.0,0.0,5.4,
52364,2011-07-20 01:00:00,oakwood,GA,34.2275,-83.8844444,dnh6env,2011,7,summer,01,2.667,12,78.2,71.1,42.0,0.0,6.5,
52365,2011-07-20 01:00:00,lake jackson,TX,29.0336111,-95.4341667,9vhjhm6,2011,7,summer,01,2.667,12,80.7,76.3,18.0,0.0,8.1,
52366,2011-07-20 01:30:00,churubusco,IN,41.2305556,-85.3194444,dp76d9b,2011,7,summer,02,2.667,12,76.8,70.9,69.0,0.0,4.2,
52367,2011-07-20 13:13:00,san diego,CA,32.7152778,-117.1563889,9mudn59,2011,7,summer,13,2.667,12,74.9,62.6,4.0,0.0,7.6,
52368,2011-07-20 20:00:00,memphis,TN,35.1494444,-90.0488889,9ypzyyu,2011,7,summer,20,2.667,12,90.0,72.7,6.0,0.0,2.5,
52369,2011-07-20 21:00:00,talihina,OK,34.7513889,-95.0477778,9yhmtnk,2011,7,summer,21,2.667,12,91.4,66.7,4.0,0.0,6.2,
52370,2011-07-20 22:00:00,paradise,CA,39.7597222,-121.6208333,9r1d0qn,2011,7,summer,22,2.667,12,78.1,41.0,0.0,0.0,2.5,
52371,2011-07-20 22:13:00,casper,WY,42.8666667,-106.3125,9xs7ug9,2011,7,summer,22,2.667,12,78.7,24.3,2.0,0.0,9.2,
52372,2011-07-20 22:15:00,bridgewater,MA,41.9902778,-70.9755556,drmwbuj,2011,7,summer,22,2.667,12,72.3,66.7,30.0,0.0,9.6,
52373,2011-07-20 22:30:00,wilbraham,MA,42.1236111,-72.4319444,drkrxu2,2011,7,summer,22,2.667,12,76.8,64.1,0.0,0.0,7.6,
52374,2011-07-20 23:00:00,surfside beach,SC,33.6058333,-78.9733333,djzz4vv,2011,7,summer,23,2.667,12,82.9,73.4,31.0,0.0,8.2,
52375,2011-07-20 23:00:00,clearwater,FL,27.9655556,-82.8002778,dhvp5ff,2011,7,summer,23,2.667,12,81.3,73.3,70.0,0.0,3.8,
52376,2011-07-20 23:20:00,brownsville,KY,37.1925,-86.2677778,dndesft,2011,7,summer,23,2.667,12,81.8,77.6,58.0,0.0,2.2,
52377,2011-07-21 04:00:00,redlands,CA,34.0555556,-117.1816667,9qh9trw,2011,7,summer,04,3.0,15,62.5,41.0,0.0,0.0,0.9,
52378,2011-07-21 11:00:00,fairfield,IA,41.0086111,-91.9625,9zq9736,2011,7,summer,11,3.0,15,88.1,73.6,4.0,0.0,3.8,
52379,2011-07-21 19:45:00,hemet,CA,33.7475,-116.9711111,9muzfr8,2011,7,summer,20,3.0,15,74.3,53.6,0.0,0.0,3.7,
52380,2011-07-21 20:45:00,rochester,NY,43.1547222,-77.6158333,dr8v9b1,2011,7,summer,21,3.0,15,87.3,74.6,56.0,0.0,14.4,
52381,2011-07-21 21:18:00,st. augustine,FL,29.8944444,-81.3147222,djq4jdh,2011,7,summer,21,3.0,15,83.1,74.9,7.0,0.0,10.9,
52382,2011-07-21 21:30:00,bethany beach,DE,38.5394444,-75.0555556,dqfehpf,2011,7,summer,22,3.0,15,82.0,75.9,75.0,0.0,8.6,
52383,2011-07-21 21:30:00,edwardsville,IL,38.8113889,-89.9530556,dnbhc16,2011,7,summer,22,3.0,15,89.2,72.5,14.0,0.0,7.1,
52384,2011-07-21 21:50:00,middle island,NY,40.8841667,-72.9377778,drk0s68,2011,7,summer,22,3.0,15,78.6,72.6,36.0,0.0,14.8,
52385,2011-07-21 22:00:00,clarkston,MI,42.7358333,-83.4188889,dpsejgb,2011,7,summer,22,3.0,15,84.0,62.4,36.0,0.0,8.2,
52386,2011-07-21 22:00:00,edisto beach,SC,32.4791667,-80.335,djybgbt,2011,7,summer,22,3.0,15,83.3,77.5,19.0,0.0,10.9,
52387,2011-07-21 22:30:00,orlando,FL,28.5380556,-81.3794444,djn4k5j,2011,7,summer,22,3.0,15,80.5,75.3,50.0,0.0,3.5,
52388,2011-07-21 22:30:00,yucca valley,CA,34.1141667,-116.4313889,9qj4nd3,2011,7,summer,22,3.0,15,75.1,43.5,0.0,0.0,6.5,
52389,2011-07-21 22:35:00,dover,NH,43.1977778,-70.8741667,drttepz,2011,7,summer,23,3.0,15,85.2,71.5,48.0,0.0,9.2,
52390,2011-07-21 23:00:00,boca raton,FL,26.3583333,-80.0833333,dhxjcwm,2011,7,summer,23,3.0,15,80.5,77.6,97.0,0.0,2.7,
52391,2011-07-21 23:30:00,wheatland (used 2 be whiskey flats),TX,34.3111111,-99.8969444,9y0gny1,2011,7,summer,00,3.0,15,89.9,61.7,3.0,0.0,14.0,
52392,2011-07-22 01:00:00,new whiteland,IN,39.5580556,-86.0952778,dp4c0c7,2011,7,summer,01,2.667,12,83.5,74.9,1.0,0.0,5.6,
52393,2011-07-22 01:30:00,custer,SD,43.7666667,-103.5983333,9xy2fx3,2011,7,summer,02,2.667,12,64.4,56.4,3.0,0.0,4.3,
52394,2011-07-22 03:00:00,allen,TX,33.1030556,-96.6702778,9vgk24n,2011,7,summer,03,2.667,12,87.5,63.4,0.0,0.0,11.2,
52395,2011-07-22 20:30:00,mckinney,TX,33.1975,-96.615,9vgkc7r,2011,7,summer,20,2.667,12,94.7,68.4,5.0,0.0,7.8,
52396,2011-07-22 20:55:00,houston,TX,29.7630556,-95.3630556,9vk1mfn,2011,7,summer,21,2.667,12,84.6,75.3,17.0,0.0,11.0,
52397,2011-07-22 21:00:00,pawleys island,SC,33.4330556,-79.1216667,djzwpw3,2011,7,summer,21,2.667,12,83.6,77.4,5.0,0.0,11.4,
52398,2011-07-22 21:00:00,livonia,MI,42.3683333,-83.3527778,dps9p2b,2011,7,summer,21,2.667,12,79.5,72.6,96.0,0.0,4.6,
52399,2011-07-22 21:00:00,houston,TX,29.7630556,-95.3630556,9vk1mfn,2011,7,summer,21,2.667,12,84.6,75.3,17.0,0.0,11.0,
52400,2011-07-22 21:10:00,menomonee falls,WI,43.1788889,-88.1172222,dp9mdu6,2011,7,summer,21,2.667,12,80.3,71.3,64.0,0.0,6.9,
52401,2011-07-22 21:15:00,knoxville,TN,35.9605556,-83.9208333,dnkkd66,2011,7,summer,21,2.667,12,82.2,76.5,53.0,0.0,2.3,
52402,2011-07-22 21:40:00,sanford,FL,28.8002778,-81.2733333,djn5ydf,2011,7,summer,22,2.667,12,78.5,75.5,96.0,0.0,1.8,
52403,2011-07-22 21:45:00,redlands,CA,34.0555556,-117.1816667,9qh9trw,2011,7,summer,22,2.667,12,70.3,52.3,0.0,0.0,2.5,
52404,2011-07-22 21:50:00,portland,OR,45.5236111,-122.675,c20fbrq,2011,7,summer,22,2.667,12,61.8,50.7,0.0,0.0,4.9,
52405,2011-07-22 22:00:00,appling,GA,33.5458333,-82.3161111,djvqyfg,2011,7,summer,22,2.667,12,89.1,67.1,70.0,0.0,5.2,
52406,2011-07-22 22:40:00,woodbury,MN,44.9238889,-92.9591667,9zvzsdj,2011,7,summer,23,2.667,12,80.4,73.5,15.0,0.0,3.0,
52407,2011-07-22 23:00:00,new smyrna beach,FL,29.0255556,-80.9272222,djnmn7y,2011,7,summer,23,2.667,12,82.0,75.4,85.0,0.0,2.0,
52408,2011-07-22 23:15:00,spokane valley,WA,47.6733333,-117.2383333,c2kxhnt,2011,7,summer,23,2.667,12,58.8,37.4,0.0,0.0,4.3,
52409,2011-07-22 23:55:00,huntersville,NC,35.4105556,-80.8430556,dnq92q7,2011,7,summer,00,2.667,12,82.7,71.8,89.0,0.0,3.5,
52410,2011-07-23 00:07:00,marysville,WA,48.0519444,-122.1758333,c2917gd,2011,7,summer,00,0.667,3,55.2,51.6,17.0,0.0,5.2,
52411,2011-07-23 01:35:00,key west,FL,24.5552778,-81.7827778,dhmgdyp,2011,7,summer,02,0.667,3,83.8,76.9,29.0,0.0,15.5,
52412,2011-07-23 05:00:00,gainesville,FL,29.6513889,-82.325,djm2wtu,2011,7,summer,05,0.667,3,75.1,74.7,19.0,0.0,2.4,
52413,2011-07-23 05:23:00,eagle creek,OR,45.3575,-122.3577778,c20fp9j,2011,7,summer,05,0.667,3,54.3,49.2,0.0,0.0,1.7,
52414,2011-07-23 06:50:00,mesa,AZ,33.4222222,-111.8219444,9tbqpkm,2011,7,summer,07,0.667,3,85.8,61.0,45.0,0.0,2.4,
52415,2011-07-23 09:00:00,fort pierce,FL,27.4463889,-80.3258333,dhyuhhk,2011,7,summer,09,0.667,3,84.2,76.0,36.0,0.0,2.9,
52416,2011-07-23 11:00:00,st. charles,IL,41.9141667,-88.3086111,dp3nqqp,2011,7,summer,11,0.667,3,87.2,77.9,100.0,0.0,5.7,
52417,2011-07-23 15:30:00,council bluffs,IA,41.2619444,-95.8608333,9z7fdxs,2011,7,summer,16,0.667,3,97.9,69.8,32.0,0.0,7.9,
52418,2011-07-23 16:00:00,fredericksburg,VA,38.3030556,-77.4608333,dqbcvkf,2011,7,summer,16,0.667,3,98.6,73.2,83.0,0.0,1.1,
52419,2011-07-23 17:00:00,seattle,WA,47.6063889,-122.3308333,c23nb63,2011,7,summer,17,0.667,3,72.2,51.8,0.0,0.0,7.8,
52420,2011-07-23 17:00:00,ursa,IL,40.0747222,-91.3672222,9zp5bzk,2011,7,summer,17,0.667,3,94.8,75.0,55.0,0.0,6.5,
52421,2011-07-23 19:20:00,houston,TX,29.7630556,-95.3630556,9vk1mfn,2011,7,summer,19,0.667,3,90.8,73.2,38.0,0.0,11.8,
52422,2011-07-23 19:30:00,lawrenceville,GA,33.9561111,-83.9880556,dnh30v9,2011,7,summer,20,0.667,3,84.6,71.8,51.0,0.0,4.6,
52423,2011-07-23 20:52:00,memphis,TN,35.1494444,-90.0488889,9ypzyyu,2011,7,summer,21,0.667,3,86.3,74.7,36.0,0.0,7.9,
52424,2011-07-23 21:00:00,yucaipa,CA,34.0336111,-117.0422222,9qhc8es,2011,7,summer,21,0.667,3,76.7,54.5,0.0,0.0,2.2,
52425,2011-07-23 21:34:00,cedarburg,WI,43.2966667,-87.9875,dp9qmcc,2011,7,summer,22,0.667,3,76.4,72.9,98.0,0.0,3.2,
52426,2011-07-23 22:10:00,clive,IA,41.6030556,-93.7238889,9zmkem8,2011,7,summer,22,0.667,3,83.9,72.6,31.0,0.0,7.1,
52427,2011-07-23 22:15:00,des moines,WA,47.4019444,-122.3230556,c23j8mr,2011,7,summer,22,0.667,3,62.7,54.3,12.0,0.0,5.1,
52428,2011-07-23 22:15:00,monticello,NY,41.6555556,-74.6897222,dr6uurh,2011,7,summer,22,0.667,3,80.2,66.8,42.0,0.0,3.9,
52429,2011-07-23 23:00:00,falcon,CO,38.9330556,-104.6080556,9wvt7xd,2011,7,summer,23,0.667,3,68.6,51.7,16.0,0.0,4.4,
52430,2011-07-23 23:00:00,lewiston,ID,46.4166667,-117.0166667,c2kb11z,2011,7,summer,23,0.667,3,73.5,50.6,0.0,0.0,2.7,
52431,2011-07-23 23:06:00,anaheim,CA,33.8352778,-117.9136111,9qh0kz9,2011,7,summer,23,0.667,3,63.7,57.9,0.0,0.0,3.3,
52432,2011-07-23 23:20:00,sylvania,GA,32.7502778,-81.6369444,djvfq61,2011,7,summer,23,0.667,3,84.3,71.8,23.0,0.0,5.9,
52433,2011-07-23 23:47:00,chicago,IL,41.85,-87.65,dp3wj6x,2011,7,summer,00,0.667,3,84.1,77.4,98.0,0.0,6.1,
52434,2011-07-24 00:02:00,billings,MT,45.7833333,-108.5,c84u7n8,2011,7,summer,00,2.333,9,67.4,49.0,0.0,0.0,5.4,
52435,2011-07-24 01:00:00,oxnard,CA,34.1975,-119.1761111,9q56816,2011,7,summer,01,2.333,9,60.8,59.3,14.0,0.0,1.9,
52436,2011-07-24 09:15:00,colonie,NY,42.7177778,-73.8338889,dre7pbe,2011,7,summer,09,2.333,9,73.8,65.1,76.0,0.0,6.2,
52437,2011-07-24 18:00:00,san antonio,TX,29.4238889,-98.4933333,9v1zqsr,2011,7,summer,18,2.333,9,100.6,61.6,30.0,0.0,7.5,
52438,2011-07-24 20:00:00,hemet,CA,33.7475,-116.9711111,9muzfr8,2011,7,summer,20,2.333,9,81.9,63.7,24.0,0.0,3.8,
52439,2011-07-24 20:45:00,oak lawn,IL,41.7108333,-87.7580556,dp3t710,2011,7,summer,21,2.333,9,80.6,75.6,35.0,0.0,7.4,
52440,2011-07-24 20:57:00,east islip,NY,40.7319444,-73.1861111,dr5zwx5,2011,7,summer,21,2.333,9,77.7,73.7,26.0,0.0,5.0,
52441,2011-07-24 21:00:00,ewa beach,HI,21.3155556,-158.0072222,87z9k2q,2011,7,summer,21,2.333,9,75.7,68.0,9.0,0.0,10.2,
52442,2011-07-24 21:15:00,fruita,CO,39.1588889,-108.7283333,9wfwvbd,2011,7,summer,21,2.333,9,91.7,26.1,0.0,0.0,3.2,
52443,2011-07-24 22:30:00,miami,FL,25.7738889,-80.1938889,dhwfx5u,2011,7,summer,22,2.333,9,83.3,75.3,5.0,0.0,5.8,
52444,2011-07-24 23:03:00,orting,WA,47.0980556,-122.2030556,c235gjy,2011,7,summer,23,2.333,9,66.3,60.9,8.0,0.0,4.7,
52445,2011-07-24 23:03:00,orting,WA,47.0980556,-122.2030556,c235gjy,2011,7,summer,23,2.333,9,66.3,60.9,8.0,0.0,4.7,
52446,2011-07-24 23:33:00,ocala,FL,29.1869444,-82.1402778,djjw4c7,2011,7,summer,00,2.333,9,80.5,75.3,61.0,0.0,2.2,
52447,2011-07-24 23:50:00,farrell,PA,41.2122222,-80.4969444,dpqf2nr,2011,7,summer,00,2.333,9,74.1,74.1,100.0,0.04,4.4,
52448,2011-07-25 00:00:00,flagler beach,FL,29.4747222,-81.1272222,djnr9vs,2011,7,summer,00,1.667,6,81.2,76.3,83.0,0.0,5.3,
52449,2011-07-25 00:30:00,osprey,FL,27.1958333,-82.4905556,dhv6dyu,2011,7,summer,00,1.667,6,81.7,76.4,45.0,0.0,5.3,
52450,2011-07-25 01:45:00,columbus,OH,39.9611111,-82.9988889,dphgr6d,2011,7,summer,02,1.667,6,78.8,75.3,100.0,0.0,3.5,
52451,2011-07-25 03:20:00,seattle,WA,47.6063889,-122.3308333,c23nb63,2011,7,summer,03,1.667,6,59.9,57.6,27.0,0.0,6.5,
52452,2011-07-25 08:54:00,oceanside,CA,33.1958333,-117.3786111,9musbgp,2011,7,summer,09,1.667,6,70.2,63.0,7.0,0.0,3.0,
52453,2011-07-25 12:23:00,farmington,MN,44.6402778,-93.1433333,9zvvbqx,2011,7,summer,12,1.667,6,80.2,59.7,2.0,0.0,8.1,
52454,2011-07-25 21:00:00,galesburg,MI,42.2886111,-85.4180556,dpe2862,2011,7,summer,21,1.667,6,76.4,63.5,0.0,0.0,5.3,
52455,2011-07-25 22:15:00,broomfield,CO,39.9205556,-105.0861111,9xj70eq,2011,7,summer,22,1.667,6,75.0,49.8,40.0,0.0,6.9,
52456,2011-07-25 22:50:00,mayville,WI,43.4941667,-88.5447222,dp9p3jg,2011,7,summer,23,1.667,6,74.6,58.4,6.0,0.0,7.0,
52457,2011-07-26 19:30:00,cotulla,TX,28.4366667,-99.2347222,9v13vbe,2011,7,summer,20,1.333,5,98.6,59.7,69.0,0.0,12.4,
52458,2011-07-26 19:50:00,memphis,TN,35.1494444,-90.0488889,9ypzyyu,2011,7,summer,20,1.333,5,90.6,72.1,2.0,0.0,4.1,
52459,2011-07-26 19:50:00,memphis,TN,35.1494444,-90.0488889,9ypzyyu,2011,7,summer,20,1.333,5,90.6,72.1,2.0,0.0,4.1,
52460,2011-07-26 20:45:00,battle creek,MI,42.3211111,-85.1797222,dpe2v8q,2011,7,summer,21,1.333,5,73.9,55.3,0.0,0.0,6.5,
52461,2011-07-26 21:30:00,lebanon,OH,39.4352778,-84.2030556,dph07fv,2011,7,summer,22,1.333,5,80.8,65.4,29.0,0.0,5.4,
52462,2011-07-26 21:34:00,chicago,IL,41.85,-87.65,dp3wj6x,2011,7,summer,22,1.333,5,73.9,60.1,15.0,0.0,9.5,
52463,2011-07-27 00:00:00,burlington,KY,39.0275,-84.7241667,dngy009,2011,7,summer,00,1.333,5,78.0,70.0,5.0,0.0,3.2,
52464,2011-07-27 00:20:00,payne springs,TX,32.2780556,-96.0666667,9vextun,2011,7,summer,00,1.333,5,90.0,66.9,15.0,0.0,6.3,
52465,2011-07-27 01:00:00,watts,OK,36.1091667,-94.57,9ykv2j2,2011,7,summer,01,1.333,5,84.9,65.9,3.0,0.0,8.3,
52466,2011-07-27 01:00:00,hilliard,OH,40.0333333,-83.1583333,dphgexv,2011,7,summer,01,1.333,5,71.0,60.2,4.0,0.0,5.4,
52467,2011-07-27 01:00:00,east setauket,NY,40.9413889,-73.1063889,drk0bmj,2011,7,summer,01,1.333,5,73.8,65.9,28.0,0.0,6.9,
52468,2011-07-27 01:00:00,chesterton,IN,41.6105556,-87.0641667,dp6hdyc,2011,7,summer,01,1.333,5,72.5,60.1,46.0,0.0,6.3,
52469,2011-07-27 02:00:00,norwalk,CT,41.1175,-73.4083333,dr7cct1,2011,7,summer,02,1.333,5,71.8,64.4,1.0,0.0,5.6,
52470,2011-07-27 04:10:00,port clinton,OH,41.5119444,-82.9377778,dpmh0tn,2011,7,summer,04,1.333,5,71.8,63.6,2.0,0.0,6.4,
52471,2011-07-27 04:54:00,coram,NY,40.8686111,-73.0019444,drk06zc,2011,7,summer,05,1.333,5,70.5,65.5,0.0,0.0,7.7,
52472,2011-07-27 05:18:00,el paso,TX,31.7586111,-106.4863889,9tsk8v6,2011,7,summer,05,1.333,5,74.5,61.2,36.0,0.0,4.0,
52473,2011-07-27 08:00:00,lone pine,PA,40.0741667,-80.1725,dpngzxk,2011,7,summer,08,1.333,5,67.1,61.5,13.0,0.0,3.2,
52474,2011-07-27 11:45:00,edmond,OK,35.6527778,-97.4777778,9y6dvf6,2011,7,summer,12,1.333,5,100.5,61.3,17.0,0.0,11.5,
52475,2011-07-27 21:45:00,roach,MO,37.9938889,-92.8361111,9yvbpkw,2011,7,summer,22,1.333,5,90.2,60.4,5.0,0.0,10.4,
52476,2011-07-27 22:35:00,brookings (near),SD,44.3113889,-96.7980556,9zghj69,2011,7,summer,23,1.333,5,74.6,71.0,18.0,0.0,5.3,
52477,2011-07-27 23:59:00,overland park,KS,38.9822222,-94.6705556,9yutv8r,2011,7,summer,00,1.333,5,85.7,66.4,4.0,0.0,6.8,
52478,2011-07-28 00:00:00,bronco,TX,33.2569444,-103.0586111,9tytny5,2011,7,summer,00,0.333,2,85.2,50.1,12.0,0.0,9.3,
52479,2011-07-28 08:30:00,atlanta,GA,33.7488889,-84.3880556,djgzzxy,2011,7,summer,08,0.333,2,76.2,71.8,46.0,0.0,3.1,
52480,2011-07-28 10:30:00,beatty,NV,36.9086111,-116.7583333,9qsczp5,2011,7,summer,10,0.333,2,90.3,48.8,17.0,0.0,5.8,
52481,2011-07-28 12:20:00,princeton,WV,37.3661111,-81.1027778,dnwkd6q,2011,7,summer,12,0.333,2,84.3,62.0,95.0,0.0,3.4,
52482,2011-07-28 20:45:00,la habra,CA,33.9319444,-117.9452778,9qh1h14,2011,7,summer,21,0.333,2,68.5,59.2,0.0,0.0,4.1,
52483,2011-07-28 21:20:00,boyd,TX,33.0786111,-97.565,9vfs5vg,2011,7,summer,21,0.333,2,94.8,60.0,15.0,0.0,7.4,
52484,2011-07-28 21:45:00,cotulla,TX,28.4366667,-99.2347222,9v13vbe,2011,7,summer,22,0.333,2,90.5,67.5,5.0,0.0,14.8,
52485,2011-07-28 22:00:00,lawrenceburg,IN,39.0908333,-84.85,dngwmhq,2011,7,summer,22,0.333,2,86.4,70.1,2.0,0.0,7.7,
52486,2011-07-28 22:38:00,plano,TX,33.0197222,-96.6986111,9vg5ze4,2011,7,summer,23,0.333,2,91.4,62.7,6.0,0.0,12.6,
52487,2011-07-29 00:00:00,pueblo,CO,38.2544444,-104.6086111,9wv9es4,2011,7,summer,00,0.667,3,70.9,63.9,100.0,0.0,2.8,
52488,2011-07-29 00:30:00,detroit,MI,42.3313889,-83.0458333,dpsby4p,2011,7,summer,00,0.667,3,77.9,73.0,100.0,0.0,4.8,
52489,2011-07-29 01:45:00,fulshear,TX,29.6897222,-95.8994444,9v7bcub,2011,7,summer,02,0.667,3,81.6,77.1,7.0,0.0,5.9,
52490,2011-07-29 03:00:00,eagle pass,TX,28.7088889,-100.4991667,9v0e346,2011,7,summer,03,0.667,3,85.9,70.9,4.0,0.0,13.8,
52491,2011-07-29 03:06:00,fort collins,CO,40.5852778,-105.0838889,9xjqbu2,2011,7,summer,03,0.667,3,65.7,55.5,54.0,0.0,1.9,
52492,2011-07-29 17:00:00,wenatchee,WA,47.4236111,-120.3091667,c26my31,2011,7,summer,17,0.667,3,84.3,46.5,0.0,0.0,9.0,
52493,2011-07-29 17:20:00,hoover,AL,33.4052778,-86.8113889,djfq091,2011,7,summer,17,0.667,3,89.1,73.3,61.0,0.0,1.9,
52494,2011-07-29 17:54:00,spokane,WA,47.6588889,-117.425,c2krpuj,2011,7,summer,18,0.667,3,84.1,40.4,0.0,0.0,7.4,
52495,2011-07-29 21:56:00,williamsport,PA,41.2411111,-77.0013889,dr34xg9,2011,7,summer,22,0.667,3,77.1,71.0,95.0,0.0,5.9,
52496,2011-07-29 22:00:00,concord,CA,37.9780556,-122.03,9qc0p1s,2011,7,summer,22,0.667,3,59.8,54.1,1.0,0.0,10.6,
52497,2011-07-29 22:00:00,goshen,IN,41.5822222,-85.8344444,dp6uwcc,2011,7,summer,22,0.667,3,77.6,68.7,75.0,0.0,6.0,
52498,2011-07-29 22:15:00,utica,NY,43.1008333,-75.2330556,drdt0n2,2011,7,summer,22,0.667,3,72.4,72.4,99.0,0.0,8.3,
52499,2011-07-29 22:50:00,dunn,NC,35.3061111,-78.6091667,dq20g5q,2011,7,summer,23,0.667,3,87.3,65.9,7.0,0.0,5.6,
52500,2011-07-29 23:34:00,plainfield,IL,41.6269444,-88.2038889,dp3kbcg,2011,7,summer,00,0.667,3,83.0,73.1,100.0,0.15,1.7,
52501,2011-07-30 00:00:00,lowell,MA,42.6333333,-71.3166667,drt691h,2011,7,summer,00,2.0,7,71.3,70.8,100.0,0.04,11.3,
52502,2011-07-30 00:10:00,eureka,MI,43.1036111,-84.5138889,dpevhyf,2011,7,summer,00,2.0,7,72.5,59.0,0.0,0.0,4.8,
52503,2011-07-30 01:35:00,toledo,OH,41.6638889,-83.5552778,dpkt48s,2011,7,summer,02,2.0,7,73.7,69.3,19.0,0.0,4.7,
52504,2011-07-30 02:00:00,marietta,GA,33.9525,-84.55,dn5chhb,2011,7,summer,02,2.0,7,77.5,71.0,17.0,0.0,6.2,
52505,2011-07-30 09:00:00,philadelphia,PA,39.9522222,-75.1641667,dr4e395,2011,7,summer,09,2.0,7,80.7,66.2,65.0,0.0,8.3,
52506,2011-07-30 13:45:00,buzzards bay,MA,41.7452778,-70.6186111,drmv3p3,2011,7,summer,14,2.0,7,84.0,65.4,23.0,0.0,8.5,
52507,2011-07-30 17:45:00,johnson,VT,44.6355556,-72.6808333,drumfje,2011,7,summer,18,2.0,7,74.4,62.3,20.0,0.0,7.1,
52508,2011-07-30 20:00:00,bethlehem,GA,33.9319444,-83.7138889,dnh3p11,2011,7,summer,20,2.0,7,85.4,71.5,66.0,0.0,7.5,
52509,2011-07-30 20:30:00,oconomowoc,WI,43.1116667,-88.4991667,dp9j60h,2011,7,summer,20,2.0,7,81.9,67.1,2.0,0.0,1.1,
52510,2011-07-30 20:30:00,los angeles,CA,34.0522222,-118.2427778,9q5ctr4,2011,7,summer,20,2.0,7,73.9,59.9,16.0,0.0,5.9,
52511,2011-07-30 20:48:00,roseville,MI,42.4972222,-82.9372222,dpt1b8q,2011,7,summer,21,2.0,7,80.9,67.6,19.0,0.0,3.4,
52512,2011-07-30 21:00:00,prospect,CT,41.5022222,-72.9791667,drkh574,2011,7,summer,21,2.0,7,75.1,57.6,0.0,0.0,4.1,
52513,2011-07-30 21:00:00,new york city (staten island),NY,40.7141667,-74.0063889,dr5regy,2011,7,summer,21,2.0,7,81.3,58.9,0.0,0.0,3.6,
52514,2011-07-30 21:00:00,lumberton,NJ,39.9658333,-74.8055556,dr4g3g8,2011,7,summer,21,2.0,7,85.8,55.1,1.0,0.0,3.8,
52515,2011-07-30 21:00:00,holts summit,MO,38.6402778,-92.1222222,9yy7zdn,2011,7,summer,21,2.0,7,80.7,76.0,95.0,0.0,3.8,
52516,2011-07-30 21:10:00,dubuque,IA,42.5005556,-90.6644444,9zx9bbu,2011,7,summer,21,2.0,7,79.7,73.2,3.0,0.0,4.3,
52517,2011-07-30 21:18:00,troy,NH,42.8238889,-72.1816667,drset7y,2011,7,summer,21,2.0,7,71.6,59.2,0.0,0.0,5.4,
52518,2011-07-30 21:20:00,wind lake,WI,42.8294444,-88.1586111,dp979uu,2011,7,summer,21,2.0,7,79.3,67.5,1.0,0.0,4.1,
52519,2011-07-30 21:35:00,newington,CT,41.6977778,-72.7241667,drkm1ng,2011,7,summer,22,2.0,7,74.5,61.8,0.0,0.0,3.2,
52520,2011-07-30 22:00:00,toledo,OH,41.6638889,-83.5552778,dpkt48s,2011,7,summer,22,2.0,7,78.7,66.7,9.0,0.0,3.5,
52521,2011-07-30 22:00:00,squaw valley,CA,36.7402778,-119.2458333,9qe1n2r,2011,7,summer,22,2.0,7,82.4,56.9,38.0,0.0,3.4,
52522,2011-07-30 22:00:00,norfolk,MA,42.1194444,-71.3255556,drmr8gw,2011,7,summer,22,2.0,7,74.0,60.7,0.0,0.0,4.3,
52523,2011-07-30 22:00:00,brandon,VT,43.7980556,-73.0880556,dru10v4,2011,7,summer,22,2.0,7,69.0,63.9,0.0,0.0,5.3,
52524,2011-07-30 22:00:00,norfolk,MA,42.1194444,-71.3255556,drmr8gw,2011,7,summer,22,2.0,7,74.0,60.7,0.0,0.0,4.3,
52525,2011-07-30 22:00:00,millsboro,DE,38.5913889,-75.2916667,dqf7w9q,2011,7,summer,22,2.0,7,81.3,65.3,2.0,0.0,2.0,
52526,2011-07-30 22:00:00,cassadaga,NY,42.3441667,-79.3097222,dpx8gk8,2011,7,summer,22,2.0,7,70.5,64.1,4.0,0.0,3.3,
52527,2011-07-30 22:00:00,brentwood,TN,36.0330556,-86.7827778,dn6kcpw,2011,7,summer,22,2.0,7,80.5,74.4,93.0,0.0,1.4,
52528,2011-07-30 22:12:00,clermont,FL,28.5491667,-81.7730556,djjf7jn,2011,7,summer,22,2.0,7,83.2,74.0,96.0,0.0,3.7,
52529,2011-07-30 22:15:00,stone harbor,NJ,39.0508333,-74.7583333,dqfy4uf,2011,7,summer,22,2.0,7,83.3,63.6,1.0,0.0,5.2,
52530,2011-07-30 22:30:00,bakersfield,CA,35.3733333,-119.0177778,9q735xt,2011,7,summer,22,2.0,7,88.1,62.6,42.0,0.0,4.0,
52531,2011-07-30 22:30:00,mattapoisett,MA,41.6583333,-70.8166667,drmsux8,2011,7,summer,22,2.0,7,74.9,70.7,0.0,0.0,2.7,
52532,2011-07-30 22:30:00,wildwood,NJ,38.9916667,-74.8152778,dqfvcd1,2011,7,summer,22,2.0,7,83.3,63.6,1.0,0.0,5.2,
52533,2011-07-30 22:45:00,cary,IL,42.2119444,-88.2380556,dp920h7,2011,7,summer,23,2.0,7,77.1,67.6,1.0,0.0,5.1,
52534,2011-07-30 22:54:00,waterbury,CT,41.5580556,-73.0519444,drkh3tm,2011,7,summer,23,2.0,7,72.6,60.0,0.0,0.0,4.3,
52535,2011-07-30 23:00:00,smithville,TX,30.0083333,-97.1591667,9v6ftnf,2011,7,summer,23,2.0,7,87.8,69.5,4.0,0.0,10.1,
52536,2011-07-30 23:10:00,lexington,KY,37.9886111,-84.4777778,dngbjet,2011,7,summer,23,2.0,7,77.6,75.7,100.0,0.0,3.4,
52537,2011-07-31 00:00:00,fulton,NY,43.3227778,-76.4175,dr9wmnd,2011,7,summer,00,2.667,12,69.8,65.7,10.0,0.0,4.3,
52538,2011-07-31 00:00:00,rockaway beach,OR,45.6136111,-123.9416667,c0pg7xs,2011,7,summer,00,2.667,12,57.4,54.3,54.0,0.0,2.0,
52539,2011-07-31 00:00:00,ashland,KY,38.4783333,-82.6380556,dnv4zsb,2011,7,summer,00,2.667,12,78.9,75.2,94.0,0.0,2.2,
52540,2011-07-31 00:20:00,terre du lac,MO,37.9116667,-90.6252778,9yxx9v8,2011,7,summer,00,2.667,12,79.7,76.9,88.0,0.0,3.2,
52541,2011-07-31 21:00:00,milford,CT,41.2222222,-73.0569444,drk4983,2011,7,summer,21,2.667,12,77.8,66.8,8.0,0.0,8.0,
52542,2011-07-31 22:22:00,san diego (ranch environment),CA,32.7152778,-117.1563889,9mudn59,2011,7,summer,22,2.667,12,65.8,61.1,2.0,0.0,4.0,
52543,2011-07-31 22:30:00,lyndonville,VT,44.5336111,-72.0036111,druv3e0,2011,7,summer,22,2.667,12,68.2,59.1,98.0,0.0,4.3,
52544,2011-07-31 22:31:00,seven hills,OH,41.3952778,-81.6763889,dpmgmrv,2011,7,summer,23,2.667,12,75.9,67.3,7.0,0.0,6.2,
52545,2011-07-31 22:50:00,princeton,MN,45.57,-93.5813889,cbj7nxb,2011,7,summer,23,2.667,12,77.2,73.4,10.0,0.0,3.8,
52546,2011-07-31 22:51:00,barrington,IL,42.1538889,-88.1361111,dp3rf3v,2011,7,summer,23,2.667,12,78.5,71.1,22.0,0.0,6.1,
52547,2011-07-31 23:00:00,beaverville,IL,40.9544444,-87.6544444,dp38vre,2011,7,summer,23,2.667,12,78.5,68.3,40.0,0.0,5.0,
52548,2011-07-31 23:00:00,algonquin,IL,42.1655556,-88.2941667,dp3pyu4,2011,7,summer,23,2.667,12,78.0,71.2,22.0,0.0,6.1,
52549,2011-07-31 23:00:00,kenosha,WI,42.5847222,-87.8211111,dp9d386,2011,7,summer,23,2.667,12,84.1,73.4,19.0,0.0,9.3,
52550,2011-07-31 23:30:00,lakeside,CA,32.8572222,-116.9213889,9mufgmk,2011,7,summer,00,2.667,12,68.8,64.7,89.0,0.0,5.7,
52551,2011-08-01 00:00:00,bokchito,OK,34.0172222,-96.1425,9y59s0x,2011,8,summer,00,0.667,3,89.5,64.6,6.0,0.0,5.9,
52552,2011-08-01 00:30:00,clinton,WA,47.9786111,-122.3544444,c28bzy0,2011,8,summer,00,0.667,3,56.9,50.6,1.0,0.0,5.2,
52553,2011-08-01 00:45:00,lawrence,MA,42.7069444,-71.1636111,drt6uws,2011,8,summer,01,0.667,3,70.4,65.6,50.0,0.0,3.4,
52554,2011-08-01 01:00:00,orting,WA,47.0980556,-122.2030556,c235gjy,2011,8,summer,01,0.667,3,56.3,54.6,15.0,0.0,2.6,
52555,2011-08-01 01:00:00,danville,VA,36.5858333,-79.3952778,dnx81k4,2011,8,summer,01,0.667,3,74.1,71.7,83.0,0.0,4.5,
52556,2011-08-01 01:06:00,atlanta,GA,33.7488889,-84.3880556,djgzzxy,2011,8,summer,01,0.667,3,79.0,74.5,95.0,0.0,5.2,
52557,2011-08-01 03:00:00,davenport,WA,47.6541667,-118.1488889,c27zp7n,2011,8,summer,03,0.667,3,62.0,39.5,0.0,0.0,4.3,
52558,2011-08-01 03:30:00,san francisco,CA,37.775,-122.4183333,9q8yyk9,2011,8,summer,04,0.667,3,52.9,51.0,84.0,0.0,4.7,
52559,2011-08-01 04:30:00,poland,ME,44.0605556,-70.3941667,drvfwhu,2011,8,summer,04,0.667,3,64.3,62.4,20.0,0.0,3.4,
52560,2011-08-01 21:00:00,south milwaukee,WI,42.9105556,-87.8605556,dp9s0et,2011,8,summer,21,0.667,3,82.2,76.1,99.0,0.0,6.6,
52561,2011-08-01 22:00:00,violet,LA,29.8955556,-89.8977778,dj24466,2011,8,summer,22,0.667,3,82.3,79.9,85.0,0.0,4.5,
52562,2011-08-01 22:15:00,newport news,VA,36.9786111,-76.4283333,dq9dkgf,2011,8,summer,22,0.667,3,80.8,69.7,55.0,0.0,1.4,
52563,2011-08-01 22:30:00,arvada,CO,39.8027778,-105.0869444,9xj62ty,2011,8,summer,22,0.667,3,73.1,57.8,87.0,0.0,2.7,
52564,2011-08-01 23:00:00,winnsboro,LA,32.1630556,-91.7205556,9vwybz5,2011,8,summer,23,0.667,3,88.3,75.0,14.0,0.0,5.2,
52565,2011-08-01 23:00:00,springfield,TN,36.5091667,-86.885,dn6pwyk,2011,8,summer,23,0.667,3,82.3,60.3,73.0,0.0,4.1,
52566,2011-08-02 00:26:00,kennewick,WA,46.2113889,-119.1361111,c25qbux,2011,8,summer,00,0.333,2,77.5,45.5,0.0,0.0,6.0,
52567,2011-08-02 01:00:00,sumter,SC,33.9202778,-80.3416667,dnnbgyb,2011,8,summer,01,0.333,2,78.7,74.4,1.0,0.0,4.4,
52568,2011-08-02 02:00:00,memphis,TN,35.1494444,-90.0488889,9ypzyyu,2011,8,summer,02,0.333,2,80.2,71.7,5.0,0.0,3.1,
52569,2011-08-02 21:15:00,albuquerque,NM,35.0844444,-106.6505556,9whpt4g,2011,8,summer,21,0.333,2,83.3,56.9,67.0,0.0,5.4,
52570,2011-08-02 21:25:00,owego,NY,42.1033333,-76.2625,dr3z88e,2011,8,summer,21,0.333,2,74.4,58.6,98.0,0.0,5.1,
52571,2011-08-02 21:30:00,mahanoy city,PA,40.8125,-76.1419444,dr3b5me,2011,8,summer,22,0.333,2,75.8,55.4,100.0,0.0,5.7,
52572,2011-08-02 21:35:00,rocklin,CA,38.7908333,-121.2347222,9qcu9jx,2011,8,summer,22,0.333,2,77.7,47.4,0.0,0.0,4.3,
52573,2011-08-02 21:50:00,lakeside,CA,32.8572222,-116.9213889,9mufgmk,2011,8,summer,22,0.333,2,76.9,66.1,1.0,0.0,2.9,
52574,2011-08-02 22:00:00,greenbush,MI,44.5877778,-83.3163889,dpuv8hf,2011,8,summer,22,0.333,2,74.0,70.3,84.0,0.01,10.1,
52575,2011-08-02 22:00:00,silver spring,MD,38.9905556,-77.0263889,dqcjz4p,2011,8,summer,22,0.333,2,83.0,60.2,100.0,0.0,3.9,
52576,2011-08-02 22:04:00,riverside,CA,33.9533333,-117.3952778,9qh90t5,2011,8,summer,22,0.333,2,81.8,64.4,5.0,0.0,1.1,
52577,2011-08-02 22:30:00,harbor city,CA,33.79,-118.2969444,9q5bhp6,2011,8,summer,22,0.333,2,70.1,58.1,12.0,0.0,5.4,
52578,2011-08-02 22:30:00,blue springs,MO,39.0169444,-94.2813889,9yuvywf,2011,8,summer,22,0.333,2,90.2,74.5,2.0,0.0,7.4,
52579,2011-08-02 23:00:00,columbus,OH,39.9611111,-82.9988889,dphgr6d,2011,8,summer,23,0.333,2,80.5,69.7,81.0,0.0,5.2,
52580,2011-08-02 23:00:00,clarksville,TN,36.5297222,-87.3594444,dn3zu44,2011,8,summer,23,0.333,2,84.1,66.4,1.0,0.0,6.7,
52581,2011-08-02 23:20:00,holladay,UT,40.6688889,-111.8238889,9x0rr7s,2011,8,summer,23,0.333,2,70.9,59.9,14.0,0.0,2.9,
52582,2011-08-03 00:00:00,warsaw,NC,34.9991667,-78.0913889,dq0rngr,2011,8,summer,00,0.333,2,77.4,68.8,40.0,0.0,2.8,
52583,2011-08-03 00:14:00,ankeny,IA,41.7297222,-93.6055556,9zmmmuw,2011,8,summer,00,0.333,2,79.8,70.4,69.0,0.0,8.8,
52584,2011-08-03 01:00:00,south point,OH,38.4177778,-82.5863889,dnv689w,2011,8,summer,01,0.333,2,78.6,70.8,96.0,0.0,7.1,
52585,2011-08-03 01:20:00,san antonio,TX,29.4238889,-98.4933333,9v1zqsr,2011,8,summer,01,0.333,2,85.2,68.5,21.0,0.0,8.5,
52586,2011-08-03 05:15:00,fort collins,CO,40.5852778,-105.0838889,9xjqbu2,2011,8,summer,05,0.333,2,63.7,61.5,100.0,0.0,3.8,
52587,2011-08-03 12:31:00,alexandria,VA,38.8047222,-77.0472222,dqchy8p,2011,8,summer,13,0.333,2,87.4,65.4,100.0,0.01,4.2,
52588,2011-08-03 13:15:00,teterboro,NJ,40.8597222,-74.0597222,dr726wr,2011,8,summer,13,0.333,2,86.3,57.1,70.0,0.0,4.0,
52589,2011-08-03 15:18:00,fredericksburg,VA,38.3030556,-77.4608333,dqbcvkf,2011,8,summer,15,0.333,2,83.3,70.7,100.0,0.04,4.2,
52590,2011-08-03 20:45:00,ocean isle beach,NC,33.8941667,-78.4269444,dq00z65,2011,8,summer,21,0.333,2,84.2,75.0,84.0,0.0,13.9,
52591,2011-08-03 20:52:00,arcata,CA,40.8666667,-124.0816667,9prb2rw,2011,8,summer,21,0.333,2,54.9,54.4,100.0,0.0,7.5,
52592,2011-08-03 21:00:00,eagle pass,TX,28.7088889,-100.4991667,9v0e346,2011,8,summer,21,0.333,2,99.0,58.6,1.0,0.0,9.0,
52593,2011-08-03 21:00:00,hatteras,NC,35.2191667,-75.6905556,dq60me7,2011,8,summer,21,0.333,2,83.4,77.7,94.0,0.0,21.3,
52594,2011-08-03 21:00:00,mount shasta,CA,41.31,-122.3094444,9r350b2,2011,8,summer,21,0.333,2,76.7,35.0,0.0,0.0,2.5,
52595,2011-08-03 21:35:00,wheeling,IL,42.1391667,-87.9288889,dp3rxph,2011,8,summer,22,0.333,2,75.2,67.4,0.0,0.0,6.3,
52596,2011-08-03 22:49:00,nampa,ID,43.5408333,-116.5625,9rtpew3,2011,8,summer,23,0.333,2,81.5,42.1,0.0,0.0,4.5,
52597,2011-08-03 23:00:00,key largo,FL,25.0861111,-80.4475,dhqy9qg,2011,8,summer,23,0.333,2,83.3,77.3,76.0,0.0,3.8,
52598,2011-08-03 23:00:00,lakeview,OR,42.1888889,-120.3447222,9rd2j2r,2011,8,summer,23,0.333,2,65.5,35.3,0.0,0.0,5.7,
52599,2011-08-04 00:00:00,round rock,TX,30.5080556,-97.6786111,9v6t93b,2011,8,summer,00,2.0,7,90.2,66.3,39.0,0.0,11.2,
52600,2011-08-04 00:00:00,ontonagon,MI,46.8711111,-89.3138889,f026xse,2011,8,summer,00,2.0,7,71.2,63.8,0.0,0.0,3.0,
52601,2011-08-04 00:23:00,fairfield,VA,37.8791667,-79.2897222,dnxx7xw,2011,8,summer,00,2.0,7,72.2,70.2,79.0,0.0,3.9,
52602,2011-08-04 01:20:00,asheville,NC,35.6008333,-82.5541667,dnm692v,2011,8,summer,01,2.0,7,75.8,66.7,97.0,0.0,5.4,
52603,2011-08-04 03:30:00,willow springs,IL,41.7408333,-87.8602778,dp3t2ww,2011,8,summer,04,2.0,7,69.4,66.6,60.0,0.0,7.1,
52604,2011-08-04 03:45:00,nacogdoches,TX,31.6033333,-94.6552778,9vsey14,2011,8,summer,04,2.0,7,85.6,71.6,11.0,0.0,6.1,
52605,2011-08-04 12:00:00,san jose,CA,37.3394444,-121.8938889,9q9k6jr,2011,8,summer,12,2.0,7,67.0,53.4,3.0,0.0,4.7,
52606,2011-08-04 20:45:00,kingman,AZ,35.1894444,-114.0522222,9qqbhwj,2011,8,summer,21,2.0,7,92.9,28.9,0.0,0.0,4.4,
52607,2011-08-04 20:45:00,kingman,AZ,35.1894444,-114.0522222,9qqbhwj,2011,8,summer,21,2.0,7,92.9,28.9,0.0,0.0,4.4,
52608,2011-08-04 21:00:00,kingman,AZ,35.1894444,-114.0522222,9qqbhwj,2011,8,summer,21,2.0,7,92.9,28.9,0.0,0.0,4.4,
52609,2011-08-04 22:00:00,crestwood,KY,38.3241667,-85.4725,dng4p08,2011,8,summer,22,2.0,7,80.8,70.8,0.0,0.0,6.5,
52610,2011-08-04 22:00:00,post falls,ID,47.7180556,-116.9505556,c2kz6wz,2011,8,summer,22,2.0,7,78.8,48.2,100.0,0.0,4.6,
52611,2011-08-04 22:10:00,gresham,OR,45.4983333,-122.4302778,c20fy48,2011,8,summer,22,2.0,7,65.5,54.7,3.0,0.0,6.2,
52612,2011-08-04 22:10:00,winter,WI,45.8197222,-91.0116667,cbpk8vp,2011,8,summer,22,2.0,7,71.9,65.2,2.0,0.0,3.2,
52613,2011-08-04 22:30:00,kingman,AZ,35.1894444,-114.0522222,9qqbhwj,2011,8,summer,22,2.0,7,88.9,30.8,0.0,0.0,4.3,
52614,2011-08-04 23:00:00,canfield,OH,41.025,-80.7611111,dpq96hr,2011,8,summer,23,2.0,7,71.9,65.8,10.0,0.0,5.4,
52615,2011-08-05 00:00:00,miami beach,FL,25.7902778,-80.1302778,dhx48wf,2011,8,summer,00,5.0,48,83.8,76.1,7.0,0.0,0.8,
52616,2011-08-05 01:13:00,hialeah,FL,25.8572222,-80.2783333,dhwgj5p,2011,8,summer,01,5.0,48,81.9,76.4,12.0,0.0,1.3,
52617,2011-08-05 05:15:00,sugar land,TX,29.6194444,-95.6347222,9v7bxb0,2011,8,summer,05,5.0,48,81.9,75.0,13.0,0.0,6.6,
52618,2011-08-05 12:15:00,south lyon,MI,42.4605556,-83.6516667,dps983w,2011,8,summer,12,5.0,48,78.5,65.8,50.0,0.0,5.2,
52619,2011-08-05 18:13:00,cheyenne,WY,41.14,-104.8197222,9xm6nc2,2011,8,summer,18,5.0,48,84.7,34.6,22.0,0.0,10.0,
52620,2011-08-05 20:50:00,pueblo,CO,38.2544444,-104.6086111,9wv9es4,2011,8,summer,21,5.0,48,79.3,57.0,43.0,0.0,1.0,
52621,2011-08-05 20:53:00,sandwich,IL,41.6458333,-88.6216667,dp2uzm7,2011,8,summer,21,5.0,48,77.1,67.9,42.0,0.0,4.4,
52622,2011-08-05 21:15:00,merrillville,IN,41.4827778,-87.3327778,dp3guxw,2011,8,summer,21,5.0,48,79.3,70.1,64.0,0.0,3.8,
52623,2011-08-05 21:15:00,luxemburg,WI,44.5386111,-87.7038889,dpctkhp,2011,8,summer,21,5.0,48,73.8,66.5,99.0,0.0,4.0,
52624,2011-08-05 21:55:00,oaks,PA,40.1316667,-75.46,dr4k6ce,2011,8,summer,22,5.0,48,74.7,65.9,71.0,0.0,6.9,
52625,2011-08-05 22:15:00,long beach,CA,33.7669444,-118.1883333,9q5bne1,2011,8,summer,22,5.0,48,65.4,59.7,3.0,0.0,5.6,
52626,2011-08-05 23:00:00,winter,WI,45.8197222,-91.0116667,cbpk8vp,2011,8,summer,23,5.0,48,70.3,65.8,54.0,0.0,3.4,
52627,2011-08-05 23:45:00,cambridge,ID,44.5727778,-116.675,9rvj8fp,2011,8,summer,00,5.0,48,72.8,53.8,98.0,0.0,4.2,
52628,2011-08-06 00:00:00,tucson,AZ,32.2216667,-110.9258333,9t9p7cf,2011,8,summer,00,1.667,6,88.1,59.8,12.0,0.0,4.0,
52629,2011-08-06 00:00:00,round rock,TX,30.5080556,-97.6786111,9v6t93b,2011,8,summer,00,1.667,6,87.5,71.0,0.0,0.0,13.8,
52630,2011-08-06 00:00:00,pendleton,IN,39.9975,-85.7466667,dp558c3,2011,8,summer,00,1.667,6,75.8,63.6,1.0,0.0,5.0,
52631,2011-08-06 00:14:00,canyon lake,CA,33.685,-117.2722222,9muxekh,2011,8,summer,00,1.667,6,65.9,59.5,0.0,0.0,2.5,
52632,2011-08-06 05:00:00,lehigh acres,FL,26.625,-81.625,dhtzqwf,2011,8,summer,05,1.667,6,76.8,73.9,1.0,0.0,3.1,
52633,2011-08-06 19:30:00,fayetteville,NC,35.0525,-78.8786111,dnpzmj4,2011,8,summer,20,1.667,6,79.8,76.8,95.0,0.0,8.6,
52634,2011-08-06 20:34:00,long beach,CA,33.7669444,-118.1883333,9q5bne1,2011,8,summer,21,1.667,6,67.4,58.8,0.0,0.0,7.4,
52635,2011-08-06 20:45:00,campbell,CA,37.2872222,-121.9488889,9q9k0gz,2011,8,summer,21,1.667,6,62.0,54.2,23.0,0.0,4.3,
52636,2011-08-06 21:00:00,moline,IL,41.5066667,-90.515,9zrshk0,2011,8,summer,21,1.667,6,81.9,71.8,9.0,0.0,3.0,
52637,2011-08-06 21:15:00,halliday,ND,47.3544444,-102.3355556,c8rjrk9,2011,8,summer,21,1.667,6,65.5,58.4,1.0,0.0,6.6,
52638,2011-08-06 21:30:00,seaside,OR,45.9933333,-123.9213889,c0pvshg,2011,8,summer,22,1.667,6,56.6,54.1,57.0,0.0,3.8,
52639,2011-08-06 21:30:00,oakdale,NY,40.7438889,-73.1391667,dr5zz9j,2011,8,summer,22,1.667,6,73.5,69.6,99.0,0.02,16.6,
52640,2011-08-06 21:45:00,northport,MI,45.1313889,-85.6166667,f050exz,2011,8,summer,22,1.667,6,75.3,69.1,37.0,0.0,2.0,
52641,2011-08-06 21:45:00,belleville,MI,42.2047222,-83.4852778,dps8h5p,2011,8,summer,22,1.667,6,75.3,72.6,63.0,0.0,2.9,
52642,2011-08-06 21:50:00,bloomington,MN,44.8408333,-93.2980556,9zvxhgn,2011,8,summer,22,1.667,6,74.7,68.2,100.0,0.0,2.8,
52643,2011-08-06 22:50:00,fargo,ND,46.8772222,-96.7894444,cb74tt8,2011,8,summer,23,1.667,6,65.1,54.5,19.0,0.0,8.8,
52644,2011-08-06 23:00:00,algonquin,IL,42.1655556,-88.2941667,dp3pyu4,2011,8,summer,23,1.667,6,74.9,70.2,0.0,0.0,4.1,
52645,2011-08-06 23:00:00,masaryktown,FL,28.4413889,-82.4572222,djj3g9s,2011,8,summer,23,1.667,6,82.6,76.7,70.0,0.0,2.7,
52646,2011-08-06 23:00:00,orwell,OH,41.535,-80.8683333,dpqkrc1,2011,8,summer,23,1.667,6,75.8,71.6,91.0,0.0,4.5,
52647,2011-08-06 23:05:00,tampa,FL,27.9472222,-82.4586111,dhvqgxe,2011,8,summer,23,1.667,6,83.4,77.0,96.0,0.0,4.0,
52648,2011-08-06 23:35:00,naples,FL,26.1416667,-81.795,dhtudwy,2011,8,summer,00,1.667,6,83.4,75.4,50.0,0.0,3.3,
52649,2011-08-07 00:00:00,ocala,FL,29.1869444,-82.1402778,djjw4c7,2011,8,summer,00,2.333,9,80.0,77.6,47.0,0.0,2.7,
52650,2011-08-07 00:41:00,winslow,ME,44.5469444,-69.6216667,drymrtx,2011,8,summer,01,2.333,9,68.7,66.9,20.0,0.0,4.9,
52651,2011-08-07 01:14:00,oronoco,MN,44.1661111,-92.5347222,9zy5q24,2011,8,summer,01,2.333,9,73.1,67.5,69.0,0.01,6.1,
52652,2011-08-07 05:00:00,lehigh acres,FL,26.625,-81.625,dhtzqwf,2011,8,summer,05,2.333,9,79.3,76.6,100.0,0.0,3.0,
52653,2011-08-07 08:30:00,kingman,AZ,35.1894444,-114.0522222,9qqbhwj,2011,8,summer,08,2.333,9,80.0,17.1,0.0,0.0,4.9,
52654,2011-08-07 10:15:00,joppa,MD,39.4336111,-76.3580556,dr18q6t,2011,8,summer,10,2.333,9,79.2,75.4,83.0,0.03,4.6,
52655,2011-08-07 18:30:00,minneapolis,MN,44.98,-93.2636111,9zvxvsr,2011,8,summer,18,2.333,9,78.6,59.5,7.0,0.0,0.2,
52656,2011-08-07 21:00:00,big sur,CA,36.2702778,-121.8063889,9q3qk4z,2011,8,summer,21,2.333,9,59.4,56.3,22.0,0.0,12.7,
52657,2011-08-07 21:40:00,park ridge,IL,42.0111111,-87.8405556,dp3wcpu,2011,8,summer,22,2.333,9,75.7,69.8,25.0,0.0,4.0,
52658,2011-08-07 22:30:00,payson,UT,40.0444444,-111.7313889,9x0ec3z,2011,8,summer,22,2.333,9,80.8,26.1,0.0,0.0,3.6,
52659,2011-08-07 23:00:00,el cajon,CA,32.7947222,-116.9616667,9mufd6p,2011,8,summer,23,2.333,9,65.1,60.1,42.0,0.0,2.1,
52660,2011-08-07 23:15:00,clarkston,MI,42.7358333,-83.4188889,dpsejgb,2011,8,summer,23,2.333,9,71.0,68.1,26.0,0.0,4.8,
52661,2011-08-08 00:00:00,felton,CA,37.0513889,-122.0722222,9q94y0v,2011,8,summer,00,2.667,12,56.2,53.6,24.0,0.0,7.2,
52662,2011-08-08 02:30:00,east moline,IL,41.5008333,-90.4441667,9zrsjfu,2011,8,summer,02,2.667,12,71.7,68.1,5.0,0.0,3.6,
52663,2011-08-08 04:50:00,commerce city,CO,39.8083333,-104.9333333,9xj6knv,2011,8,summer,05,2.667,12,58.9,39.9,0.0,0.0,3.3,
52664,2011-08-08 10:30:00,kearns,UT,40.66,-111.9955556,9x0r73z,2011,8,summer,10,2.667,12,81.4,32.3,0.0,0.0,5.4,
52665,2011-08-08 17:00:00,norwalk,CA,33.9022222,-118.0808333,9qh0c58,2011,8,summer,17,2.667,12,78.5,56.4,1.0,0.0,6.7,
52666,2011-08-08 18:30:00,amado,AZ,31.7077778,-111.0638889,9t9h2sj,2011,8,summer,18,2.667,12,88.2,66.9,97.0,0.0,5.6,
52667,2011-08-08 19:41:00,clinton,CT,41.2786111,-72.5280556,drk6vdd,2011,8,summer,20,2.667,12,78.7,69.4,17.0,0.0,4.4,
52668,2011-08-08 19:45:00,asheville,NC,35.6008333,-82.5541667,dnm692v,2011,8,summer,20,2.667,12,80.7,66.6,92.0,0.0,4.9,
52669,2011-08-08 20:00:00,catlettsburg,KY,38.4047222,-82.6005556,dnv62rk,2011,8,summer,20,2.667,12,81.4,73.1,53.0,0.01,6.7,
52670,2011-08-08 20:00:00,tulsa,OK,36.1538889,-95.9925,9y7txts,2011,8,summer,20,2.667,12,97.8,64.0,100.0,0.01,8.5,
52671,2011-08-08 22:15:00,corolla,NC,36.3811111,-75.8333333,dq6nfqg,2011,8,summer,22,2.667,12,82.6,76.4,27.0,0.0,4.2,
52672,2011-08-08 22:30:00,dallas,TX,32.7833333,-96.8,9vg4t20,2011,8,summer,22,2.667,12,97.3,61.9,2.0,0.0,10.2,
52673,2011-08-08 22:50:00,vista,CA,33.2,-117.2416667,9musu5g,2011,8,summer,23,2.667,12,64.8,60.9,41.0,0.0,1.8,
52674,2011-08-08 23:00:00,winslow,ME,44.5469444,-69.6216667,drymrtx,2011,8,summer,23,2.667,12,67.5,60.3,4.0,0.0,7.2,
52675,2011-08-08 23:00:00,medford,OR,42.3266667,-122.8744444,9r88gcm,2011,8,summer,23,2.667,12,64.6,53.1,2.0,0.0,3.2,
52676,2011-08-09 02:00:00,mount summit,IN,40.0044444,-85.3847222,dp57948,2011,8,summer,02,1.667,6,70.4,69.5,98.0,0.07,5.4,
52677,2011-08-09 08:30:00,auburn,WA,47.3075,-122.2272222,c23j4sh,2011,8,summer,08,1.667,6,56.5,50.6,77.0,0.0,6.2,
52678,2011-08-09 20:15:00,tucson,AZ,32.2216667,-110.9258333,9t9p7cf,2011,8,summer,20,1.667,6,96.7,49.5,12.0,0.0,6.3,
52679,2011-08-09 21:00:00,honolulu,HI,21.3069444,-157.8583333,87z9pyg,2011,8,summer,21,1.667,6,76.1,66.2,100.0,0.0,10.7,
52680,2011-08-10 02:00:00,yakima,WA,46.6022222,-120.5047222,c2631ge,2011,8,summer,02,1.0,4,61.0,45.2,0.0,0.0,3.8,
52681,2011-08-10 11:24:00,washington,PA,40.1738889,-80.2463889,dpnutcq,2011,8,summer,11,1.0,4,74.1,58.5,23.0,0.0,8.5,
52682,2011-08-10 13:00:00,muncie,IN,40.1933333,-85.3863889,dp5k8uz,2011,8,summer,13,1.0,4,75.5,57.2,46.0,0.0,11.8,
52683,2011-08-10 13:00:00,worcester,MA,42.2625,-71.8027778,drsbqjd,2011,8,summer,13,1.0,4,78.2,64.6,32.0,0.0,5.4,
52684,2011-08-10 19:34:00,billings,MT,45.7833333,-108.5,c84u7n8,2011,8,summer,20,1.0,4,81.7,38.7,31.0,0.0,2.9,
52685,2011-08-10 21:30:00,trout lake,WA,45.9975,-121.5269444,c21tdtd,2011,8,summer,22,1.0,4,60.7,46.5,0.0,0.0,5.4,
52686,2011-08-10 21:50:00,inlet,NY,43.7544444,-74.7933333,drfbfj3,2011,8,summer,22,1.0,4,59.7,57.5,49.0,0.0,9.9,
52687,2011-08-10 22:00:00,bartlett,TN,35.2044444,-89.8738889,dn206bg,2011,8,summer,22,1.0,4,77.8,72.2,86.0,0.0,4.4,
52688,2011-08-10 22:00:00,wakefield,MA,42.5063889,-71.0733333,drt3ydj,2011,8,summer,22,1.0,4,65.0,61.7,42.0,0.0,6.1,
52689,2011-08-10 22:30:00,del rio,TX,29.3625,-100.8963889,9v0r013,2011,8,summer,22,1.0,4,94.4,64.7,82.0,0.0,8.3,
52690,2011-08-11 01:30:00,wyandotte,MI,42.2141667,-83.15,dpsb5uu,2011,8,summer,02,1.667,6,64.4,50.7,3.0,0.0,8.9,
52691,2011-08-11 02:00:00,lake worth,FL,26.6155556,-80.0572222,dhxp6m0,2011,8,summer,02,1.667,6,77.3,75.2,63.0,0.0,6.0,
52692,2011-08-11 04:15:00,topeka,KS,39.0483333,-95.6777778,9ygynu9,2011,8,summer,04,1.667,6,70.4,63.2,20.0,0.0,3.1,
52693,2011-08-11 09:15:00,trafford,PA,40.3855556,-79.7591667,dppm9pc,2011,8,summer,09,1.667,6,67.4,59.4,100.0,0.0,1.7,
52694,2011-08-11 10:00:00,bend,OR,44.0583333,-121.3141667,9rcdxkt,2011,8,summer,10,1.667,6,65.9,36.7,0.0,0.0,0.5,
52695,2011-08-11 11:30:00,beatrice,NE,40.2680556,-96.7466667,9z5jn6x,2011,8,summer,12,1.667,6,78.2,63.6,28.0,0.0,7.6,
52696,2011-08-11 12:35:00,fort collins,CO,40.5852778,-105.0838889,9xjqbu2,2011,8,summer,13,1.667,6,88.1,37.7,56.0,0.0,4.0,
52697,2011-08-11 17:58:00,west salem,WI,42.5547222,-88.1108333,dp964fz,2011,8,summer,18,1.667,6,77.6,54.3,3.0,0.0,7.0,
52698,2011-08-11 20:00:00,buena park,CA,33.8675,-117.9972222,9qh0dvm,2011,8,summer,20,1.667,6,67.4,56.6,13.0,0.0,6.9,
52699,2011-08-11 20:48:00,north massapequa,NY,40.7008333,-73.4625,dr5z836,2011,8,summer,21,1.667,6,74.4,58.4,0.0,0.0,7.3,
52700,2011-08-11 21:00:00,norway,MI,45.7869444,-87.9036111,f01krxq,2011,8,summer,21,1.667,6,67.6,61.0,21.0,0.0,3.2,
52701,2011-08-11 21:00:00,plainfield,IL,41.6269444,-88.2038889,dp3kbcg,2011,8,summer,21,1.667,6,69.2,59.8,0.0,0.0,3.9,
52702,2011-08-11 21:30:00,poyntelle,PA,41.8205556,-75.4202778,dr6mgv0,2011,8,summer,22,1.667,6,59.2,50.4,8.0,0.0,2.8,
52703,2011-08-11 21:45:00,streetsboro,OH,41.2391667,-81.3461111,dpq4sgm,2011,8,summer,22,1.667,6,64.7,53.7,0.0,0.0,1.5,
52704,2011-08-11 22:00:00,oak bluffs,MA,41.4541667,-70.5625,drmgf69,2011,8,summer,22,1.667,6,72.0,63.6,0.0,0.0,10.0,
52705,2011-08-11 22:10:00,olympia,WA,47.0380556,-122.8994444,c22ee75,2011,8,summer,22,1.667,6,63.8,55.6,1.0,0.0,4.3,
52706,2011-08-11 22:35:00,orlando,FL,28.5380556,-81.3794444,djn4k5j,2011,8,summer,23,1.667,6,82.4,76.1,3.0,0.0,5.4,
52707,2011-08-11 22:36:00,binghamton,NY,42.0986111,-75.9183333,dr6p2rv,2011,8,summer,23,1.667,6,62.3,55.4,5.0,0.0,3.0,
52708,2011-08-11 22:40:00,wesley chapel,FL,28.2394444,-82.3280556,djj2wsf,2011,8,summer,23,1.667,6,81.5,77.4,24.0,0.0,2.9,
52709,2011-08-11 23:00:00,roanoke,VA,37.2708333,-79.9416667,dnxhhbu,2011,8,summer,23,1.667,6,73.9,60.1,2.0,0.0,5.2,
52710,2011-08-11 23:05:00,virginia beach,VA,36.8527778,-75.9783333,dq9cxhf,2011,8,summer,23,1.667,6,78.7,68.0,21.0,0.0,4.0,
52711,2011-08-11 23:15:00,stowe,VT,44.4652778,-72.685,drukfn8,2011,8,summer,23,1.667,6,61.4,56.2,39.0,0.0,4.0,
52712,2011-08-11 23:30:00,annapolis,MD,38.9783333,-76.4925,dqcterg,2011,8,summer,00,1.667,6,78.2,56.6,0.0,0.0,6.4,
52713,2011-08-12 00:00:00,pottstown,PA,40.2452778,-75.65,dr4hyw3,2011,8,summer,00,1.333,5,66.9,54.1,1.0,0.0,4.3,
52714,2011-08-12 00:30:00,derby,CT,41.3205556,-73.0894444,drk50f1,2011,8,summer,00,1.333,5,68.0,56.4,0.0,0.0,5.9,
52715,2011-08-12 02:30:00,barton,VT,44.7480556,-72.1766667,druwtd4,2011,8,summer,02,1.333,5,58.2,55.5,44.0,0.0,4.5,
52716,2011-08-12 03:00:00,napa,CA,38.2972222,-122.2844444,9qc1c7g,2011,8,summer,03,1.333,5,58.1,54.6,17.0,0.0,4.0,
52717,2011-08-12 05:30:00,kings mountain,NC,35.245,-81.3413889,dnq0t01,2011,8,summer,06,1.333,5,71.3,67.8,65.0,0.0,4.5,
52718,2011-08-12 06:00:00,honolulu,HI,21.3069444,-157.8583333,87z9pyg,2011,8,summer,06,1.333,5,74.6,67.4,6.0,0.0,8.8,
52719,2011-08-12 06:34:00,atlanta,GA,33.7488889,-84.3880556,djgzzxy,2011,8,summer,07,1.333,5,71.6,67.9,77.0,0.0,3.0,
52720,2011-08-12 07:45:00,gig harbor,WA,47.3294444,-122.5788889,c22v68h,2011,8,summer,08,1.333,5,60.7,56.1,62.0,0.0,0.4,
52721,2011-08-12 09:30:00,bel air,MD,39.5358333,-76.3486111,dr18ytk,2011,8,summer,10,1.333,5,75.0,51.6,51.0,0.0,5.3,
52722,2011-08-12 11:30:00,st. louis,MO,38.6272222,-90.1977778,9yzgerz,2011,8,summer,12,1.333,5,82.8,62.0,40.0,0.0,7.1,
52723,2011-08-12 15:00:00,emmett,ID,43.8736111,-116.4983333,9rv1t4b,2011,8,summer,15,1.333,5,88.8,34.7,0.0,0.0,1.9,
52724,2011-08-12 19:00:00,temecula,CA,33.4936111,-117.1475,9muww1r,2011,8,summer,19,1.333,5,75.3,56.9,8.0,0.0,5.0,
52725,2011-08-12 20:00:00,el centro,CA,32.7919444,-115.5622222,9mvfd3d,2011,8,summer,20,1.333,5,100.6,54.7,4.0,0.0,3.0,
52726,2011-08-12 20:15:00,wernersville,PA,40.33,-76.0808333,dr1vktz,2011,8,summer,20,1.333,5,76.1,55.7,95.0,0.0,2.8,
52727,2011-08-12 20:15:00,new castle,NH,43.0722222,-70.7166667,drttnc1,2011,8,summer,20,1.333,5,70.8,60.2,3.0,0.0,3.5,
52728,2011-08-12 20:45:00,charlotte,NC,35.2269444,-80.8433333,dnq82kg,2011,8,summer,21,1.333,5,76.3,72.1,61.0,0.0,4.0,
52729,2011-08-12 21:00:00,encinitas,CA,33.0369444,-117.2911111,9muefyp,2011,8,summer,21,1.333,5,64.2,58.0,44.0,0.0,4.8,
52730,2011-08-12 21:00:00,owensboro,KY,37.7741667,-87.1133333,dndncsw,2011,8,summer,21,1.333,5,75.6,62.5,87.0,0.0,4.0,
52731,2011-08-12 21:00:00,moses lake,WA,47.1302778,-119.2769444,c27hjgc,2011,8,summer,21,1.333,5,81.9,38.4,98.0,0.0,4.3,
52732,2011-08-12 21:00:00,galveston,TX,29.3011111,-94.7975,9vhwdy4,2011,8,summer,21,1.333,5,85.6,77.9,12.0,0.0,11.9,
52733,2011-08-12 21:15:00,rhodhiss,NC,35.7738889,-81.4313889,dnq5dbr,2011,8,summer,21,1.333,5,77.0,68.2,61.0,0.05,6.0,
52734,2011-08-12 21:45:00,chillicothe,IL,40.9222222,-89.4861111,dp22g9w,2011,8,summer,22,1.333,5,73.8,64.3,4.0,0.0,5.6,
52735,2011-08-12 21:55:00,whitefish,MT,48.4111111,-114.3366667,c2weqhy,2011,8,summer,22,1.333,5,67.9,47.8,81.0,0.0,3.5,
52736,2011-08-12 22:00:00,houston,TX,29.7630556,-95.3630556,9vk1mfn,2011,8,summer,22,1.333,5,86.3,76.0,7.0,0.0,9.8,
52737,2011-08-12 22:00:00,forked river,NJ,39.8397222,-74.1905556,dr54xu8,2011,8,summer,22,1.333,5,75.5,60.9,93.0,0.0,5.5,
52738,2011-08-12 22:40:00,cheektowaga (buffalo),NY,42.9033333,-78.755,dpxupfk,2011,8,summer,23,1.333,5,67.8,61.3,96.0,0.0,5.7,
52739,2011-08-12 23:00:00,muskegon,MI,43.2341667,-86.2483333,dpdtvqe,2011,8,summer,23,1.333,5,71.1,62.8,98.0,0.0,6.7,
52740,2011-08-12 23:15:00,yonkers,NY,40.9311111,-73.8991667,dr72y7k,2011,8,summer,23,1.333,5,73.2,64.8,97.0,0.0,2.0,
52741,2011-08-12 23:27:00,mandeville,LA,30.3580556,-90.0655556,9vruww8,2011,8,summer,23,1.333,5,83.4,77.6,25.0,0.0,4.1,
52742,2011-08-13 00:45:00,watertown,NY,43.9747222,-75.9111111,drf40t7,2011,8,summer,01,2.0,7,64.8,57.3,5.0,0.0,6.7,
52743,2011-08-13 00:45:00,fairfield,CA,38.2494444,-122.0388889,9qc1wgj,2011,8,summer,01,2.0,7,64.2,56.6,100.0,0.0,5.4,
52744,2011-08-13 01:00:00,edwardsville,IL,38.8113889,-89.9530556,dnbhc16,2011,8,summer,01,2.0,7,74.9,65.8,64.0,0.0,5.0,
52745,2011-08-13 01:55:00,woodland hills,CA,34.1683333,-118.605,9q5dmh4,2011,8,summer,02,2.0,7,62.1,59.3,38.0,0.0,0.8,
52746,2011-08-13 03:30:00,rapid city,SD,44.0805556,-103.2305556,9xydfbt,2011,8,summer,04,2.0,7,54.4,50.1,0.0,0.0,3.6,
52747,2011-08-13 04:00:00,apple valley,CA,34.5008333,-117.185,9qhsm2s,2011,8,summer,04,2.0,7,68.0,52.8,79.0,0.0,5.9,
52748,2011-08-13 07:00:00,leavenworth,WA,47.5963889,-120.6602778,c26ny29,2011,8,summer,07,2.0,7,56.5,54.8,57.0,0.0,5.2,
52749,2011-08-13 09:31:00,mashpee,MA,41.6483333,-70.4816667,drmuuju,2011,8,summer,10,2.0,7,73.5,62.5,94.0,0.0,1.4,
52750,2011-08-13 18:00:00,carmichael,CA,38.6172222,-121.3272222,9qcexnh,2011,8,summer,18,2.0,7,91.7,50.7,0.0,0.0,8.3,
52751,2011-08-13 18:20:00,atlantic highlands,NJ,40.4077778,-74.0347222,dr5mgk1,2011,8,summer,18,2.0,7,78.1,62.3,100.0,0.0,8.6,
52752,2011-08-13 20:00:00,tazewell,TN,36.4541667,-83.5694444,dnkx6k6,2011,8,summer,20,2.0,7,76.7,73.9,91.0,0.0,1.6,
52753,2011-08-13 20:45:00,indianapolis,IN,39.7683333,-86.1580556,dp4dprt,2011,8,summer,21,2.0,7,76.0,62.0,62.0,0.0,4.5,
52754,2011-08-13 21:00:00,crystal lake,IL,42.2411111,-88.3161111,dp90q3f,2011,8,summer,21,2.0,7,66.4,63.3,79.0,0.0,7.2,
52755,2011-08-13 21:10:00,crystal lake,IL,42.2411111,-88.3161111,dp90q3f,2011,8,summer,21,2.0,7,66.4,63.3,79.0,0.0,7.2,
52756,2011-08-13 21:12:00,dade city,FL,28.3644444,-82.1961111,djj93ed,2011,8,summer,21,2.0,7,81.0,75.2,77.0,0.0,2.7,
52757,2011-08-13 21:13:00,el centro,CA,32.7919444,-115.5622222,9mvfd3d,2011,8,summer,21,2.0,7,95.9,47.9,0.0,0.0,5.9,
52758,2011-08-13 21:15:00,aloha,OR,45.4944444,-122.8658333,c20du45,2011,8,summer,21,2.0,7,64.7,48.6,5.0,0.0,6.2,
52759,2011-08-13 21:15:00,phoenix,AZ,33.4483333,-112.0733333,9tbq39n,2011,8,summer,21,2.0,7,99.1,58.2,33.0,0.0,3.9,
52760,2011-08-13 21:20:00,tonawanda,NY,43.0202778,-78.8805556,dpxutp8,2011,8,summer,21,2.0,7,73.2,62.4,11.0,0.0,3.6,
52761,2011-08-13 21:29:00,annandale,MN,45.2627778,-94.1241667,cbj16pu,2011,8,summer,21,2.0,7,68.3,60.6,15.0,0.0,3.9,
52762,2011-08-13 21:30:00,truckee,CA,39.3280556,-120.1822222,9qfx9pm,2011,8,summer,22,2.0,7,64.3,45.0,0.0,0.0,2.6,
52763,2011-08-13 21:30:00,forest park,IL,41.8794444,-87.8136111,dp3w1zb,2011,8,summer,22,2.0,7,69.0,64.3,93.0,0.0,8.1,
52764,2011-08-13 21:50:00,mattoon,IL,39.4830556,-88.3727778,dp10t58,2011,8,summer,22,2.0,7,71.1,65.2,21.0,0.0,7.6,
52765,2011-08-13 22:00:00,dennis port (cape cod),MA,41.6583333,-70.1291667,drqhupt,2011,8,summer,22,2.0,7,70.6,65.5,100.0,0.0,10.7,
52766,2011-08-13 22:00:00,bristolville,OH,41.3875,-80.8694444,dpq7ry2,2011,8,summer,22,2.0,7,70.7,63.6,54.0,0.0,5.5,
52767,2011-08-13 22:40:00,buffalo,NY,42.8863889,-78.8786111,dpxgvp4,2011,8,summer,23,2.0,7,69.4,63.2,18.0,0.0,3.7,
52768,2011-08-14 00:00:00,billings,MT,45.7833333,-108.5,c84u7n8,2011,8,summer,00,2.0,7,71.9,46.6,100.0,0.0,5.2,
52769,2011-08-14 00:00:00,mcfarland,WI,43.0125,-89.2897222,dp8s8nj,2011,8,summer,00,2.0,7,64.3,58.4,2.0,0.0,5.4,
52770,2011-08-14 01:00:00,hays,MT,47.9891667,-108.6936111,c8d9n85,2011,8,summer,01,2.0,7,68.5,37.5,100.0,0.0,7.0,
52771,2011-08-14 01:20:00,auburn,WA,47.3075,-122.2272222,c23j4sh,2011,8,summer,01,2.0,7,56.9,51.0,18.0,0.0,5.7,
52772,2011-08-14 09:30:00,auburn,CA,38.8966667,-121.0758333,9qcvkbg,2011,8,summer,10,2.0,7,75.1,41.0,68.0,0.0,7.2,
52773,2011-08-14 11:51:00,blacksburg,VA,37.2294444,-80.4141667,dnwgf1k,2011,8,summer,12,2.0,7,73.3,64.2,77.0,0.0,6.9,
52774,2011-08-14 16:50:00,alpine,CA,32.835,-116.7655556,9mufycm,2011,8,summer,17,2.0,7,78.9,58.2,7.0,0.0,5.4,
52775,2011-08-14 19:25:00,ewa beach,HI,21.3155556,-158.0072222,87z9k2q,2011,8,summer,19,2.0,7,77.8,68.4,93.0,0.0,13.0,
52776,2011-08-14 20:00:00,fort wayne,IN,41.1305556,-85.1288889,dp73yze,2011,8,summer,20,2.0,7,70.6,61.1,90.0,0.0,11.9,
52777,2011-08-14 20:10:00,ridgway,IL,37.7991667,-88.2611111,dn9pp94,2011,8,summer,20,2.0,7,76.4,56.0,25.0,0.0,5.5,
52778,2011-08-14 20:30:00,dixon,IL,41.8388889,-89.4794444,dp2q5be,2011,8,summer,20,2.0,7,71.0,58.8,72.0,0.0,5.4,
52779,2011-08-14 20:45:00,houston,FL,30.2566667,-82.9027778,djmh1s0,2011,8,summer,21,2.0,7,81.9,74.8,95.0,0.0,6.4,
52780,2011-08-14 21:15:00,seguin,TX,29.5686111,-97.9644444,9v624yb,2011,8,summer,21,2.0,7,92.0,64.9,43.0,0.0,7.4,
52781,2011-08-14 21:40:00,central lake,MI,45.07,-85.2644444,f0527u8,2011,8,summer,22,2.0,7,69.0,56.8,1.0,0.0,6.7,
52782,2011-08-14 21:55:00,corvallis,OR,44.5647222,-123.2608333,9rbme0u,2011,8,summer,22,2.0,7,60.8,49.2,0.0,0.0,3.6,
52783,2011-08-14 22:30:00,pentwater,MI,43.7816667,-86.4330556,dpf914j,2011,8,summer,22,2.0,7,67.3,59.4,2.0,0.0,7.6,
52784,2011-08-14 22:50:00,ewa beach,HI,21.3155556,-158.0072222,87z9k2q,2011,8,summer,23,2.0,7,76.4,68.8,94.0,0.0,12.4,
52785,2011-08-14 23:00:00,ludington,MI,43.9552778,-86.4525,dpfd09z,2011,8,summer,23,2.0,7,65.8,58.4,0.0,0.0,6.9,
52786,2011-08-14 23:18:00,baraboo,WI,43.4711111,-89.7441667,dp8pmcd,2011,8,summer,23,2.0,7,65.7,57.3,21.0,0.0,2.5,
52787,2011-08-15 00:00:00,firebaugh,CA,36.8588889,-120.455,9qd3dvz,2011,8,summer,00,2.0,7,76.4,50.3,0.0,0.0,6.5,
52788,2011-08-15 00:00:00,hunt,NY,42.5469444,-77.9944444,dr8d11q,2011,8,summer,00,2.0,7,63.2,63.0,100.0,0.06,4.0,
52789,2011-08-15 02:00:00,oklahoma city,OK,35.4675,-97.5161111,9y69ubw,2011,8,summer,02,2.0,7,81.7,63.5,99.0,0.0,7.7,
52790,2011-08-15 03:20:00,lexington,KY,37.9886111,-84.4777778,dngbjet,2011,8,summer,03,2.0,7,66.6,59.6,3.0,0.0,5.9,
52791,2011-08-15 03:30:00,wellington,OH,41.1688889,-82.2180556,dpmd1nd,2011,8,summer,04,2.0,7,65.2,63.8,94.0,0.02,11.6,
52792,2011-08-15 16:00:00,lawrenceville,GA,33.9561111,-83.9880556,dnh30v9,2011,8,summer,16,2.0,7,87.2,54.3,98.0,0.0,9.1,
52793,2011-08-15 17:00:00,battle mountain (54 miles from),NV,40.6422222,-116.9333333,9rhz5ne,2011,8,summer,17,2.0,7,84.6,18.7,0.0,0.0,7.1,
52794,2011-08-15 17:00:00,hamburg,NY,42.7158333,-78.8297222,dpxgn0j,2011,8,summer,17,2.0,7,71.5,65.2,99.0,0.02,6.3,
52795,2011-08-15 19:00:00,high point,NC,35.9555556,-80.0055556,dnrhe3t,2011,8,summer,19,2.0,7,77.6,59.0,34.0,0.0,6.7,
52796,2011-08-15 21:00:00,mackinaw city,MI,45.7838889,-84.7277778,f05sryx,2011,8,summer,21,2.0,7,73.7,57.5,88.0,0.0,4.0,
52797,2011-08-15 21:00:00,yankton,SD,42.8711111,-97.3969444,9zdezsm,2011,8,summer,21,2.0,7,75.7,65.3,1.0,0.0,11.2,
52798,2011-08-15 22:00:00,boise,ID,43.6136111,-116.2025,9rv25ex,2011,8,summer,22,2.0,7,74.2,30.5,0.0,0.0,5.9,
52799,2011-08-15 22:00:00,macon,GA,32.8405556,-83.6325,djudbfk,2011,8,summer,22,2.0,7,83.0,55.7,100.0,0.0,4.1,
52800,2011-08-15 22:00:00,phoenix,AZ,33.4483333,-112.0733333,9tbq39n,2011,8,summer,22,2.0,7,96.9,59.0,61.0,0.0,5.4,
52801,2011-08-15 22:20:00,holden,MO,38.7141667,-93.9911111,9yvhjpt,2011,8,summer,22,2.0,7,73.8,63.8,26.0,0.0,7.5,
52802,2011-08-15 23:00:00,kittery point,ME,43.0833333,-70.7083333,drttngp,2011,8,summer,23,2.0,7,61.4,60.9,100.0,0.04,20.3,
52803,2011-08-15 23:00:00,oakdale,CA,37.7666667,-120.8461111,9qdnf54,2011,8,summer,23,2.0,7,72.9,48.4,0.0,0.0,5.2,
52804,2011-08-16 01:00:00,raytown,MO,39.0086111,-94.4633333,9yuvfmm,2011,8,summer,01,1.667,6,72.2,63.1,42.0,0.0,8.5,
52805,2011-08-16 01:00:00,siloam springs,AR,36.1880556,-94.5402778,9ykvbev,2011,8,summer,01,1.667,6,75.0,65.4,2.0,0.0,9.0,
52806,2011-08-16 11:40:00,lexington,KY,37.9886111,-84.4777778,dngbjet,2011,8,summer,12,1.667,6,78.8,54.5,57.0,0.0,3.0,
52807,2011-08-16 11:55:00,north bend,WA,47.4958333,-121.7855556,c23qhwq,2011,8,summer,12,1.667,6,71.3,45.7,0.0,0.0,3.5,
52808,2011-08-16 17:28:00,coos bay,OR,43.3666667,-124.2166667,9pxwtqs,2011,8,summer,17,1.667,6,71.2,49.4,0.0,0.0,14.5,
52809,2011-08-16 20:00:00,kingsport,TN,36.5483333,-82.5619444,dnmrcm2,2011,8,summer,20,1.667,6,74.9,63.2,2.0,0.0,4.8,
52810,2011-08-16 20:10:00,old orchard beach,ME,43.5172222,-70.3780556,drtzwd0,2011,8,summer,20,1.667,6,65.9,62.1,6.0,0.0,5.4,
52811,2011-08-16 20:12:00,kingsport,TN,36.5483333,-82.5619444,dnmrcm2,2011,8,summer,20,1.667,6,74.9,63.2,2.0,0.0,4.8,
52812,2011-08-16 22:00:00,vancouver,WA,45.6388889,-122.6602778,c20g8u3,2011,8,summer,22,1.667,6,66.1,47.0,0.0,0.0,7.6,
52813,2011-08-16 22:22:00,boise,ID,43.6136111,-116.2025,9rv25ex,2011,8,summer,22,1.667,6,79.1,33.7,0.0,0.0,6.1,
52814,2011-08-16 22:30:00,shawnee,KS,39.0416667,-94.72,9yuwhe7,2011,8,summer,22,1.667,6,79.6,70.2,4.0,0.0,8.1,
52815,2011-08-16 23:00:00,grand canyon (north rim),AZ,36.0544444,-112.1386111,9w2m05x,2011,8,summer,23,1.667,6,70.4,30.9,0.0,0.0,5.4,
52816,2011-08-17 00:34:00,kent,WA,47.3811111,-122.2336111,c23jd92,2011,8,summer,01,0.333,2,56.1,50.3,0.0,0.0,3.4,
52817,2011-08-17 02:00:00,las vegas,NV,36.175,-115.1363889,9qqju12,2011,8,summer,02,0.333,2,80.8,26.0,11.0,0.0,4.9,
52818,2011-08-17 02:30:00,el paso,TX,31.7586111,-106.4863889,9tsk8v6,2011,8,summer,02,0.333,2,83.8,53.3,82.0,0.0,3.5,
52819,2011-08-17 08:41:00,macomb,IL,40.4591667,-90.6716667,9zpw0tq,2011,8,summer,09,0.333,2,72.1,63.6,84.0,0.0,5.0,
52820,2011-08-17 14:00:00,waco,TX,31.5491667,-97.1463889,9vdgmrk,2011,8,summer,14,0.333,2,100.9,59.3,0.0,0.0,6.4,
52821,2011-08-17 16:00:00,cromwell,CT,41.595,-72.6458333,drkkduh,2011,8,summer,16,0.333,2,82.1,59.2,47.0,0.0,5.5,
52822,2011-08-17 18:10:00,cannon falls,MN,44.5069444,-92.9052778,9zvvjyh,2011,8,summer,18,0.333,2,78.5,49.3,0.0,0.0,6.3,
52823,2011-08-17 19:00:00,pinellas park,FL,27.8425,-82.6997222,dhvnqhe,2011,8,summer,19,0.333,2,84.1,74.8,91.0,0.0,4.5,
52824,2011-08-17 20:45:00,oak creek,WI,42.8858333,-87.8630556,dp9ebxh,2011,8,summer,21,0.333,2,76.5,68.4,15.0,0.0,5.6,
52825,2011-08-17 21:00:00,fontana,CA,34.0922222,-117.4341667,9qh3zwr,2011,8,summer,21,0.333,2,80.0,57.6,0.0,0.0,2.7,
52826,2011-08-17 21:00:00,janesville,WI,42.6827778,-89.0186111,dp8dy64,2011,8,summer,21,0.333,2,74.5,67.7,8.0,0.0,3.6,
52827,2011-08-17 21:00:00,port jefferson station,NY,40.9252778,-73.0477778,drk0cf0,2011,8,summer,21,0.333,2,72.3,67.3,1.0,0.0,8.2,
52828,2011-08-17 21:30:00,cromwell,CT,41.595,-72.6458333,drkkduh,2011,8,summer,22,0.333,2,69.9,65.9,0.0,0.0,6.4,
52829,2011-08-17 22:00:00,roseville,MI,42.4972222,-82.9372222,dpt1b8q,2011,8,summer,22,0.333,2,74.2,63.6,6.0,0.0,5.3,
52830,2011-08-17 22:00:00,bartlett,IL,41.995,-88.1855556,dp3qckc,2011,8,summer,22,0.333,2,72.2,65.1,11.0,0.0,3.6,
52831,2011-08-17 22:00:00,spokane,WA,47.6588889,-117.425,c2krpuj,2011,8,summer,22,0.333,2,71.2,27.9,0.0,0.0,6.9,
52832,2011-08-17 22:30:00,reno,NV,39.5297222,-119.8127778,9r4bcs4,2011,8,summer,22,0.333,2,74.3,30.6,1.0,0.0,4.3,
52833,2011-08-17 23:10:00,buffalo,MN,45.1719444,-93.8744444,cbj0zz6,2011,8,summer,23,0.333,2,66.5,53.9,7.0,0.0,5.9,
52834,2011-08-17 23:20:00,waterloo,IA,42.4927778,-92.3427778,9zw3dxw,2011,8,summer,23,0.333,2,65.9,56.0,0.0,0.0,4.9,
52835,2011-08-18 04:00:00,long beach,CA,33.7669444,-118.1883333,9q5bne1,2011,8,summer,04,0.0,0,62.7,61.8,56.0,0.0,4.7,
52836,2011-08-18 04:19:00,granite falls,WA,48.0841667,-121.9675,c293893,2011,8,summer,04,0.0,0,52.2,48.4,0.0,0.0,1.4,
52837,2011-08-18 05:30:00,slaughterville,OK,35.0872222,-97.3347222,9y4z957,2011,8,summer,06,0.0,0,82.2,65.3,96.0,0.0,3.3,
52838,2011-08-18 14:30:00,englewood,CO,39.6477778,-104.9872222,9xj3dcw,2011,8,summer,14,0.0,0,91.4,32.3,52.0,0.0,4.5,
52839,2011-08-18 18:30:00,tinley park,IL,41.5733333,-87.7844444,dp3sd2j,2011,8,summer,18,0.0,0,81.9,65.7,1.0,0.0,5.9,
52840,2011-08-18 19:00:00,kalamazoo,MI,42.2916667,-85.5872222,dpe0s6v,2011,8,summer,19,0.0,0,77.8,55.6,0.0,0.0,6.8,
52841,2011-08-18 21:00:00,sumrall,MS,31.4172222,-89.5422222,dj86drm,2011,8,summer,21,0.0,0,83.6,73.9,94.0,0.0,4.9,
52842,2011-08-18 21:44:00,bellingham,WA,48.7597222,-122.4869444,c28vksr,2011,8,summer,22,0.0,0,59.6,56.1,0.0,0.0,3.3,
52843,2011-08-18 22:00:00,santa ana,CA,33.7455556,-117.8669444,9mupvz5,2011,8,summer,22,0.0,0,68.6,61.4,0.0,0.0,2.6,
52844,2011-08-18 22:15:00,san jose,CA,37.3394444,-121.8938889,9q9k6jr,2011,8,summer,22,0.0,0,61.7,53.9,32.0,0.0,2.4,
52845,2011-08-19 00:08:00,virginia beach,VA,36.8527778,-75.9783333,dq9cxhf,2011,8,summer,00,1.333,5,76.4,71.5,8.0,0.0,9.8,
52846,2011-08-19 00:44:00,maple valley,WA,47.4066667,-122.0375,c23jwyp,2011,8,summer,01,1.333,5,58.1,54.9,8.0,0.0,2.8,
52847,2011-08-19 00:50:00,baker city,OR,44.775,-117.8333333,9runwxh,2011,8,summer,01,1.333,5,58.7,34.9,0.0,0.0,4.8,
52848,2011-08-19 01:30:00,jacksonville,FL,30.3319444,-81.6558333,djmutcu,2011,8,summer,02,1.333,5,77.1,75.2,37.0,0.0,3.0,
52849,2011-08-19 02:19:00,kalispell,MT,48.1958333,-114.3119444,c2wdnvb,2011,8,summer,02,1.333,5,59.2,43.7,0.0,0.0,1.1,
52850,2011-08-19 05:30:00,mulberry,FL,27.895,-81.9736111,dhvwwwh,2011,8,summer,06,1.333,5,75.7,74.5,36.0,0.0,2.9,
52851,2011-08-19 10:20:00,south bend,IN,41.6833333,-86.25,dp6tjk4,2011,8,summer,10,1.333,5,72.4,57.7,3.0,0.0,2.1,
52852,2011-08-19 13:34:00,hialeah,FL,25.8572222,-80.2783333,dhwgj5p,2011,8,summer,14,1.333,5,83.3,74.4,99.0,0.08,10.7,
52853,2011-08-19 15:38:00,tucson,AZ,32.2216667,-110.9258333,9t9p7cf,2011,8,summer,16,1.333,5,95.0,60.7,13.0,0.0,4.9,
52854,2011-08-19 18:00:00,moore,SC,34.8333333,-81.9922222,dnjwnjp,2011,8,summer,18,1.333,5,87.8,65.1,59.0,0.01,5.8,
52855,2011-08-19 20:30:00,las vegas,NV,36.175,-115.1363889,9qqju12,2011,8,summer,20,1.333,5,95.7,50.4,0.0,0.0,7.4,
52856,2011-08-19 21:00:00,new bedford,MA,41.6361111,-70.9347222,drmscgd,2011,8,summer,21,1.333,5,71.2,69.7,51.0,0.0,6.9,
52857,2011-08-19 21:00:00,kansas city,MO,39.0997222,-94.5783333,9yuwrvf,2011,8,summer,21,1.333,5,82.1,71.4,42.0,0.0,5.9,
52858,2011-08-19 21:07:00,kansas city,MO,39.0997222,-94.5783333,9yuwrvf,2011,8,summer,21,1.333,5,82.1,71.4,42.0,0.0,5.9,
52859,2011-08-19 21:09:00,kansas city,KS,39.1141667,-94.6272222,9yuww8w,2011,8,summer,21,1.333,5,82.4,71.7,58.0,0.0,6.2,
52860,2011-08-19 21:26:00,holland,MI,42.7875,-86.1088889,dpdg2t1,2011,8,summer,21,1.333,5,76.4,57.6,4.0,0.0,3.6,
52861,2011-08-19 21:30:00,hillsboro,OR,45.5230556,-122.9886111,c20dcr4,2011,8,summer,22,1.333,5,68.1,51.0,0.0,0.0,9.0,
52862,2011-08-19 21:59:00,merritt island,FL,28.5388889,-80.6722222,djndk72,2011,8,summer,22,1.333,5,80.2,74.9,52.0,0.0,5.7,
52863,2011-08-19 22:00:00,appleton,WI,44.2619444,-88.4152778,dpc5u19,2011,8,summer,22,1.333,5,72.7,63.5,13.0,0.0,4.0,
52864,2011-08-19 22:02:00,yuba city,CA,39.1405556,-121.6158333,9qcw8t6,2011,8,summer,22,1.333,5,73.4,52.6,0.0,0.0,7.8,
52865,2011-08-19 23:00:00,sanford,NC,35.4797222,-79.1805556,dnr9y4y,2011,8,summer,23,1.333,5,78.1,67.2,43.0,0.0,3.7,
52866,2011-08-19 23:55:00,las cruces,NM,32.3122222,-106.7777778,9tspf4q,2011,8,summer,00,1.333,5,75.3,65.4,97.0,0.0,1.8,
52867,2011-08-20 08:32:00,yucaipa,CA,34.0336111,-117.0422222,9qhc8es,2011,8,summer,09,0.333,2,72.5,43.1,2.0,0.0,2.4,
52868,2011-08-20 10:00:00,philadelphia,PA,39.9522222,-75.1641667,dr4e395,2011,8,summer,10,0.333,2,72.7,66.4,0.0,0.0,2.6,
52869,2011-08-20 18:00:00,fullerton,CA,33.8702778,-117.9244444,9qh0stf,2011,8,summer,18,0.333,2,75.0,57.0,8.0,0.0,7.2,
52870,2011-08-20 19:30:00,delaware,OH,40.2986111,-83.0680556,dphvm8p,2011,8,summer,20,0.333,2,82.4,63.6,91.0,0.0,3.8,
52871,2011-08-20 19:35:00,globe,AZ,33.3941667,-110.7858333,9tcjzp0,2011,8,summer,20,0.333,2,88.2,48.7,52.0,0.0,2.1,
52872,2011-08-20 20:30:00,angleton,TX,29.1691667,-95.4316667,9vhjuqh,2011,8,summer,20,0.333,2,86.5,72.1,32.0,0.0,8.4,
52873,2011-08-20 20:44:00,niles,NY,42.8375,-76.4138889,dr9etnm,2011,8,summer,21,0.333,2,73.0,63.2,100.0,0.0,6.5,
52874,2011-08-20 20:45:00,cedarburg,WI,43.2966667,-87.9875,dp9qmcc,2011,8,summer,21,0.333,2,71.7,60.8,41.0,0.0,3.4,
52875,2011-08-20 20:55:00,mount vernon,OH,40.3933333,-82.4858333,dpjmfcr,2011,8,summer,21,0.333,2,78.9,64.5,49.0,0.0,3.8,
52876,2011-08-20 21:00:00,lindenhurst,NY,40.6866667,-73.3738889,dr5z6qf,2011,8,summer,21,0.333,2,73.3,69.3,1.0,0.0,9.0,
52877,2011-08-20 21:00:00,chambersburg,PA,39.9375,-77.6613889,dr0g0y2,2011,8,summer,21,0.333,2,77.3,64.4,100.0,0.0,1.9,
52878,2011-08-20 21:00:00,poplar bluff,MO,36.7569444,-90.3927778,9yx9p53,2011,8,summer,21,0.333,2,84.5,73.8,89.0,0.0,4.0,
52879,2011-08-20 21:00:00,wailuku,HI,20.8911111,-156.5047222,8e8wyeh,2011,8,summer,21,0.333,2,76.1,65.8,20.0,0.0,10.0,
52880,2011-08-20 21:00:00,provo,UT,40.2338889,-111.6577778,9x0sghm,2011,8,summer,21,0.333,2,83.5,46.1,39.0,0.0,5.0,
52881,2011-08-20 21:15:00,kansas city,KS,39.1141667,-94.6272222,9yuww8w,2011,8,summer,21,0.333,2,79.3,70.7,3.0,0.0,2.8,
52882,2011-08-20 21:20:00,aurora,OR,45.2311111,-122.7547222,c209qdh,2011,8,summer,21,0.333,2,80.4,48.5,0.0,0.0,6.7,
52883,2011-08-20 21:30:00,lenoir city,TN,35.7972222,-84.2561111,dnk5dsw,2011,8,summer,22,0.333,2,80.1,69.5,30.0,0.0,2.7,
52884,2011-08-20 21:30:00,tacoma,WA,47.2530556,-122.4430556,c22uvdp,2011,8,summer,22,0.333,2,69.5,54.9,0.0,0.0,3.8,
52885,2011-08-20 22:00:00,osage beach,MO,38.1502778,-92.6177778,9yy1h3j,2011,8,summer,22,0.333,2,74.0,73.2,35.0,0.11,3.4,
52886,2011-08-20 22:00:00,falls church,VA,38.8822222,-77.1713889,dqcj5ym,2011,8,summer,22,0.333,2,75.8,66.9,100.0,0.0,6.4,
52887,2011-08-20 22:00:00,palermo,ME,44.4077778,-69.4744444,dryseh4,2011,8,summer,22,0.333,2,68.2,67.1,24.0,0.0,5.7,
52888,2011-08-20 22:20:00,ventura,CA,34.2783333,-119.2922222,9q55j2n,2011,8,summer,22,0.333,2,64.0,59.9,0.0,0.0,3.2,
52889,2011-08-20 22:27:00,kingman,AZ,35.1894444,-114.0522222,9qqbhwj,2011,8,summer,22,0.333,2,86.2,35.2,15.0,0.0,3.6,
52890,2011-08-20 22:30:00,independence,MO,39.0911111,-94.4152778,9yuy7s2,2011,8,summer,22,0.333,2,76.8,70.6,5.0,0.0,3.4,
52891,2011-08-20 22:30:00,auburn,WA,47.3075,-122.2272222,c23j4sh,2011,8,summer,22,0.333,2,69.3,56.3,0.0,0.0,2.7,
52892,2011-08-20 23:00:00,casper,WY,42.8666667,-106.3125,9xs7ug9,2011,8,summer,23,0.333,2,72.4,48.8,0.0,0.0,7.2,
52893,2011-08-20 23:00:00,palm coast,FL,29.5847222,-81.2080556,djq221d,2011,8,summer,23,0.333,2,79.4,76.1,33.0,0.0,4.7,
52894,2011-08-20 23:05:00,riverdale,MI,43.3855556,-84.8355556,dpewvd0,2011,8,summer,23,0.333,2,65.3,62.6,2.0,0.0,3.5,
52895,2011-08-20 23:50:00,bowling green,OH,41.3747222,-83.6513889,dpke2kn,2011,8,summer,00,0.333,2,68.7,59.3,0.0,0.0,4.5,
52896,2011-08-21 01:00:00,raleigh,NC,35.7719444,-78.6388889,dq25d80,2011,8,summer,01,1.0,4,75.5,70.9,46.0,0.0,5.6,
52897,2011-08-21 01:30:00,henrietta,NY,43.0591667,-77.6125,dr8ucys,2011,8,summer,02,1.0,4,70.3,63.5,93.0,0.0,5.6,
52898,2011-08-21 03:00:00,waynesboro,VA,38.0683333,-78.8897222,dnzbsf4,2011,8,summer,03,1.0,4,69.5,61.0,53.0,0.0,4.7,
52899,2011-08-21 04:00:00,denver,CO,39.7391667,-104.9841667,9xj6542,2011,8,summer,04,1.0,4,62.1,49.0,26.0,0.0,6.5,
52900,2011-08-21 08:35:00,brentwood,CA,37.9319444,-121.6947222,9q9ryc2,2011,8,summer,09,1.0,4,62.6,54.1,98.0,0.0,6.0,
52901,2011-08-21 12:00:00,mansfield,TX,32.5630556,-97.1413889,9vfcjrz,2011,8,summer,12,1.0,4,97.9,64.8,17.0,0.0,3.2,
52902,2011-08-21 13:00:00,worcester,MA,42.2625,-71.8027778,drsbqjd,2011,8,summer,13,1.0,4,81.4,66.6,63.0,0.0,8.1,
52903,2011-08-21 13:30:00,san clemente,CA,33.4269444,-117.6111111,9muq5tn,2011,8,summer,14,1.0,4,73.0,55.6,11.0,0.0,6.4,
52904,2011-08-21 18:11:00,san diego,CA,32.7152778,-117.1563889,9mudn59,2011,8,summer,18,1.0,4,69.4,58.6,83.0,0.0,6.8,
52905,2011-08-21 20:00:00,temecula,CA,33.4936111,-117.1475,9muww1r,2011,8,summer,20,1.0,4,73.6,55.1,92.0,0.0,3.2,
52906,2011-08-21 20:25:00,oakley,CA,37.9975,-121.7113889,9qc2nmh,2011,8,summer,20,1.0,4,67.4,53.4,4.0,0.0,10.1,
52907,2011-08-21 20:30:00,knightsen,CA,37.9688889,-121.6669444,9qc2p2h,2011,8,summer,20,1.0,4,67.4,53.3,4.0,0.0,10.1,
52908,2011-08-21 20:30:00,temecula,CA,33.4936111,-117.1475,9muww1r,2011,8,summer,20,1.0,4,73.6,55.1,92.0,0.0,3.2,
52909,2011-08-21 20:34:00,discovery bay,CA,37.9086111,-121.5991667,9q9x8vn,2011,8,summer,21,1.0,4,65.4,53.3,0.0,0.0,8.3,
52910,2011-08-21 20:45:00,clover,SC,35.1111111,-81.2266667,dnnpxxu,2011,8,summer,21,1.0,4,77.6,71.4,70.0,0.01,4.0,
52911,2011-08-21 20:45:00,moses lake,WA,47.1302778,-119.2769444,c27hjgc,2011,8,summer,21,1.0,4,85.4,31.9,0.0,0.0,6.8,
52912,2011-08-21 22:00:00,kalamazoo,MI,42.2916667,-85.5872222,dpe0s6v,2011,8,summer,22,1.0,4,66.4,53.0,24.0,0.0,5.1,
52913,2011-08-21 23:30:00,tunnel hill,GA,34.8405556,-85.0427778,dn5w0y9,2011,8,summer,00,1.0,4,80.4,67.0,4.0,0.0,6.0,
52914,2011-08-22 05:00:00,muncie,IN,40.1933333,-85.3863889,dp5k8uz,2011,8,summer,05,0.333,2,60.8,54.7,1.0,0.0,4.3,
52915,2011-08-22 08:45:00,livingston,MT,45.6625,-110.5602778,c817u0s,2011,8,summer,09,0.333,2,67.9,45.6,0.0,0.0,3.6,
52916,2011-08-22 14:00:00,highland springs,VA,37.5458333,-77.3280556,dq9j875,2011,8,summer,14,0.333,2,83.9,54.5,25.0,0.0,7.2,
52917,2011-08-22 14:00:00,mashpee,MA,41.6483333,-70.4816667,drmuuju,2011,8,summer,14,0.333,2,74.0,59.4,2.0,0.0,9.4,
52918,2011-08-22 20:22:00,whittier,CA,33.9791667,-118.0319444,9qh161e,2011,8,summer,20,0.333,2,73.9,56.9,1.0,0.0,3.4,
52919,2011-08-22 20:47:00,eddyville,KY,37.0944444,-88.0802778,dn9758v,2011,8,summer,21,0.333,2,80.3,59.0,2.0,0.0,6.3,
52920,2011-08-22 21:00:00,hugo,OK,34.0105556,-95.5094444,9yh16xk,2011,8,summer,21,0.333,2,88.9,68.6,24.0,0.0,6.6,
52921,2011-08-22 21:45:00,salem,OH,40.9008333,-80.8569444,dpq88jc,2011,8,summer,22,0.333,2,61.6,50.8,28.0,0.0,3.0,
52922,2011-08-22 22:00:00,whitefish,MT,48.4111111,-114.3366667,c2weqhy,2011,8,summer,22,0.333,2,74.5,43.1,63.0,0.0,6.2,
52923,2011-08-22 22:10:00,pensacola,FL,30.4211111,-87.2169444,dj3vp3f,2011,8,summer,22,0.333,2,83.5,78.1,78.0,0.0,4.1,
52924,2011-08-22 22:25:00,warrenton,VA,38.7133333,-77.7955556,dqbsjxx,2011,8,summer,22,0.333,2,69.7,48.2,24.0,0.0,6.4,
52925,2011-08-22 23:30:00,conway,AR,35.0886111,-92.4419444,9ynr87t,2011,8,summer,00,0.333,2,81.1,73.5,37.0,0.0,3.8,
52926,2011-08-23 03:00:00,stroudsburg,PA,40.9866667,-75.195,dr690vk,2011,8,summer,03,1.667,6,59.0,52.1,1.0,0.0,4.3,
52927,2011-08-23 05:00:00,athens (hwy 72 w),AL,34.8027778,-86.9716667,dn4juzt,2011,8,summer,05,1.667,6,73.3,61.2,0.0,0.0,4.8,
52928,2011-08-23 09:00:00,lancaster,SC,34.7202778,-80.7711111,dnntd08,2011,8,summer,09,1.667,6,72.0,51.3,6.0,0.0,9.2,
52929,2011-08-23 10:13:00,middlesboro,KY,36.6083333,-83.7166667,dns2qbr,2011,8,summer,10,1.667,6,72.0,57.2,0.0,0.0,3.9,
52930,2011-08-23 11:06:00,portland,OR,45.5236111,-122.675,c20fbrq,2011,8,summer,11,1.667,6,69.6,59.1,96.0,0.0,0.9,
52931,2011-08-23 11:15:00,denver,CO,39.7391667,-104.9841667,9xj6542,2011,8,summer,11,1.667,6,88.9,38.7,1.0,0.0,4.6,
52932,2011-08-23 12:45:00,san antonio,TX,29.4238889,-98.4933333,9v1zqsr,2011,8,summer,13,1.667,6,96.8,64.1,3.0,0.0,4.7,
52933,2011-08-23 15:30:00,niceville,FL,30.5166667,-86.4822222,dj6t853,2011,8,summer,16,1.667,6,89.9,75.2,44.0,0.0,7.7,
52934,2011-08-23 16:00:00,las vegas,NV,36.175,-115.1363889,9qqju12,2011,8,summer,16,1.667,6,104.6,35.5,0.0,0.0,6.5,
52935,2011-08-23 17:50:00,shallowater,TX,33.6888889,-101.9977778,9tzrwuz,2011,8,summer,18,1.667,6,97.5,49.6,1.0,0.0,11.0,
52936,2011-08-23 20:30:00,hollister,CA,36.8525,-121.4005556,9q99tky,2011,8,summer,20,1.667,6,76.3,60.6,2.0,0.0,2.8,
52937,2011-08-23 21:20:00,battle ground,WA,45.7811111,-122.5322222,c20u7wn,2011,8,summer,21,1.667,6,69.0,60.4,0.0,0.0,3.6,
52938,2011-08-23 21:24:00,auburn,WA,47.3075,-122.2272222,c23j4sh,2011,8,summer,21,1.667,6,67.1,59.3,5.0,0.0,1.3,
52939,2011-08-23 21:25:00,west des moines,IA,41.6005556,-93.6088889,9zmktvh,2011,8,summer,21,1.667,6,83.2,74.1,41.0,0.0,6.5,
52940,2011-08-24 01:15:00,bakersfield,CA,35.3733333,-119.0177778,9q735xt,2011,8,summer,01,0.333,2,76.6,53.5,2.0,0.0,3.6,
52941,2011-08-24 04:15:00,cloquet,MN,46.7216667,-92.4591667,cbq3b13,2011,8,summer,04,0.333,2,73.3,58.2,64.0,0.0,14.3,
52942,2011-08-24 04:30:00,cutchogue,NY,41.0105556,-72.4855556,drk3q99,2011,8,summer,04,0.333,2,70.1,62.1,0.0,0.0,10.3,
52943,2011-08-24 05:50:00,geronimo,OK,34.4811111,-98.3827778,9y4h1jp,2011,8,summer,06,0.333,2,85.2,58.7,5.0,0.0,8.5,
52944,2011-08-24 09:00:00,portland,OR,45.5236111,-122.675,c20fbrq,2011,8,summer,09,0.333,2,71.4,59.2,0.0,0.0,3.4,
52945,2011-08-24 12:45:00,raleigh,NC,35.7719444,-78.6388889,dq25d80,2011,8,summer,13,0.333,2,85.6,61.3,70.0,0.0,4.3,
52946,2011-08-24 20:50:00,tontogany,OH,41.4191667,-83.7408333,dpk7wkj,2011,8,summer,21,0.333,2,73.7,70.5,100.0,0.0,10.0,
52947,2011-08-24 21:00:00,new york city (brooklyn),NY,40.7141667,-74.0063889,dr5regy,2011,8,summer,21,0.333,2,71.7,61.8,9.0,0.0,10.7,
52948,2011-08-24 21:30:00,wilkeson,WA,47.1055556,-122.0444444,c235yz3,2011,8,summer,22,0.333,2,65.7,59.6,66.0,0.0,2.1,
52949,2011-08-24 22:00:00,harrington,DE,38.9236111,-75.5780556,dqfm2jv,2011,8,summer,22,0.333,2,74.2,59.8,7.0,0.0,13.0,
52950,2011-08-24 22:10:00,laguna niguel,CA,33.5225,-117.7066667,9muq9w8,2011,8,summer,22,0.333,2,67.5,63.0,0.0,0.0,2.1,
52951,2011-08-25 00:31:00,des moines,IA,41.6005556,-93.6088889,9zmktvh,2011,8,summer,01,0.333,2,67.3,49.6,0.0,0.0,5.8,
52952,2011-08-25 01:00:00,winnett,MT,47.0027778,-108.3513889,c86gqks,2011,8,summer,01,0.333,2,71.8,38.8,0.0,0.0,6.0,
52953,2011-08-25 05:30:00,lisbon,OH,40.7719444,-80.7683333,dpnxfn6,2011,8,summer,06,0.333,2,70.1,69.3,100.0,0.01,9.3,
52954,2011-08-25 08:25:00,herkimer,NY,43.0255556,-74.9863889,drdsv8s,2011,8,summer,08,0.333,2,71.8,64.5,100.0,0.01,9.0,
52955,2011-08-25 08:25:00,herkimer,NY,43.0255556,-74.9863889,drdsv8s,2011,8,summer,08,0.333,2,71.8,64.5,100.0,0.01,9.0,
52956,2011-08-25 09:50:00,saint joseph,IL,40.1116667,-88.0416667,dp1khw4,2011,8,summer,10,0.333,2,74.8,56.3,0.0,0.0,6.2,
52957,2011-08-25 12:40:00,war eagle,AR,36.2677778,-93.9408333,9ymnq66,2011,8,summer,13,0.333,2,86.8,61.4,1.0,0.0,5.2,
52958,2011-08-25 16:00:00,north woodmere,NY,40.65,-73.7244444,dr5x625,2011,8,summer,16,0.333,2,79.7,72.0,100.0,0.0,9.6,
52959,2011-08-25 19:00:00,carmichaels,PA,39.8966667,-79.9747222,dpp4unu,2011,8,summer,19,0.333,2,76.3,69.7,1.0,0.0,4.3,
52960,2011-08-25 19:30:00,alton,IL,38.8905556,-90.1841667,9yzv5zc,2011,8,summer,20,0.333,2,78.3,62.9,0.0,0.0,4.2,
52961,2011-08-25 20:45:00,twisp,WA,48.3636111,-120.1211111,c2de4s6,2011,8,summer,21,0.333,2,77.3,48.1,0.0,0.0,6.0,
52962,2011-08-25 20:50:00,curlew,WA,48.8855556,-118.5983333,c2ewj5r,2011,8,summer,21,0.333,2,77.4,55.5,0.0,0.0,2.4,
52963,2011-08-25 20:52:00,arlington,WA,48.1988889,-122.1238889,c294jn2,2011,8,summer,21,0.333,2,67.4,60.5,0.0,0.0,2.2,
52964,2011-08-25 20:55:00,fresno,CA,36.7477778,-119.7713889,9qdc499,2011,8,summer,21,0.333,2,88.7,50.1,0.0,0.0,6.5,
52965,2011-08-25 21:00:00,baroda,MI,41.9575,-86.4855556,dp6qxyp,2011,8,summer,21,0.333,2,68.8,60.9,0.0,0.0,7.9,
52966,2011-08-25 21:00:00,brier,WA,47.7847222,-122.2730556,c23pcdg,2011,8,summer,21,0.333,2,66.4,55.8,0.0,0.0,4.9,
52967,2011-08-25 21:30:00,mountain home,ID,43.1330556,-115.6902778,9rttrkh,2011,8,summer,22,0.333,2,87.3,39.8,0.0,0.0,4.8,
52968,2011-08-25 21:30:00,nampa,ID,43.5408333,-116.5625,9rtpew3,2011,8,summer,22,0.333,2,82.4,45.0,0.0,0.0,1.6,
52969,2011-08-25 22:00:00,burton,MI,42.9994444,-83.6163889,dpss97b,2011,8,summer,22,0.333,2,67.5,61.3,24.0,0.0,3.2,
52970,2011-08-25 22:30:00,bellingham,WA,48.7597222,-122.4869444,c28vksr,2011,8,summer,22,0.333,2,64.8,61.8,0.0,0.0,3.4,
52971,2011-08-26 00:00:00,saint paul,MN,44.9444444,-93.0930556,9zvz9tg,2011,8,summer,00,0.333,2,70.0,59.8,0.0,0.0,5.9,
52972,2011-08-26 00:20:00,sunland,CA,34.2669444,-118.3013889,9q5fgyp,2011,8,summer,00,0.333,2,80.8,54.9,0.0,0.0,3.0,
52973,2011-08-26 00:45:00,houston,TX,29.7630556,-95.3630556,9vk1mfn,2011,8,summer,01,0.333,2,81.3,75.2,14.0,0.0,3.3,
52974,2011-08-26 08:35:00,orlando,FL,28.5380556,-81.3794444,djn4k5j,2011,8,summer,09,0.333,2,78.8,73.6,30.0,0.0,12.0,
52975,2011-08-26 08:38:00,clinton,MS,32.3413889,-90.3216667,9vxzbxt,2011,8,summer,09,0.333,2,86.0,69.6,1.0,0.0,1.1,
52976,2011-08-26 11:56:00,fairport,NY,43.0986111,-77.4422222,dr8vjvb,2011,8,summer,12,0.333,2,73.5,61.2,100.0,0.0,2.2,
52977,2011-08-26 20:00:00,virginia beach,VA,36.8527778,-75.9783333,dq9cxhf,2011,8,summer,20,0.333,2,78.9,75.6,100.0,0.0,12.1,
52978,2011-08-26 20:30:00,galveston,TX,29.3011111,-94.7975,9vhwdy4,2011,8,summer,20,0.333,2,86.6,74.8,11.0,0.0,9.0,
52979,2011-08-26 20:30:00,monroe,WA,47.8555556,-121.9697222,c2920xb,2011,8,summer,20,0.333,2,69.7,60.4,6.0,0.0,3.2,
52980,2011-08-26 20:30:00,portage,IN,41.5758333,-87.1761111,dp6h828,2011,8,summer,20,0.333,2,74.4,59.0,73.0,0.0,1.1,
52981,2011-08-26 21:00:00,lake in the hills,IL,42.1816667,-88.3302778,dp3pvyz,2011,8,summer,21,0.333,2,72.8,64.0,17.0,0.0,2.4,
52982,2011-08-26 21:00:00,perkasie,PA,40.3719444,-75.2930556,dr4mwtm,2011,8,summer,21,0.333,2,76.1,69.1,92.0,0.0,6.0,
52983,2011-08-26 22:00:00,huntington beach,CA,33.6602778,-117.9983333,9mup6zs,2011,8,summer,22,0.333,2,72.3,65.4,3.0,0.0,7.7,
52984,2011-08-26 22:30:00,portland,ME,43.6613889,-70.2558333,dry03k3,2011,8,summer,22,0.333,2,68.6,66.2,2.0,0.0,3.1,
52985,2011-08-27 01:30:00,columbia,SC,34.0005556,-81.035,dnn3kj8,2011,8,summer,02,1.333,5,79.4,67.6,100.0,0.0,11.9,
52986,2011-08-27 01:30:00,san fernando,CA,34.2819444,-118.4380556,9q5g0bu,2011,8,summer,02,1.333,5,81.3,60.3,6.0,0.0,2.2,
52987,2011-08-27 02:40:00,drake,MO,38.4683333,-91.4644444,9yyfydv,2011,8,summer,03,1.333,5,71.8,66.7,0.0,0.0,3.0,
52988,2011-08-27 03:00:00,manchester,TN,35.4816667,-86.0886111,dn6cc50,2011,8,summer,03,1.333,5,71.4,58.2,0.0,0.0,6.7,
52989,2011-08-27 07:30:00,utica,NY,43.1008333,-75.2330556,drdt0n2,2011,8,summer,08,1.333,5,66.1,62.9,100.0,0.0,1.0,
52990,2011-08-27 08:22:00,joliet,IL,41.525,-88.0816667,dp3k5xk,2011,8,summer,08,1.333,5,71.3,66.5,0.0,0.0,3.8,
52991,2011-08-27 14:30:00,chicago,IL,41.85,-87.65,dp3wj6x,2011,8,summer,14,1.333,5,77.1,68.9,80.0,0.01,10.6,
52992,2011-08-27 19:00:00,hartland,WI,43.105,-88.3419444,dp9jjxp,2011,8,summer,19,1.333,5,71.6,55.6,5.0,0.0,8.4,
52993,2011-08-27 20:30:00,cary,IL,42.2119444,-88.2380556,dp920h7,2011,8,summer,20,1.333,5,69.6,56.6,2.0,0.0,9.0,
52994,2011-08-27 20:30:00,lake in the hills,IL,42.1816667,-88.3302778,dp3pvyz,2011,8,summer,20,1.333,5,69.7,56.3,2.0,0.0,9.0,
52995,2011-08-27 20:40:00,miami,FL,25.7738889,-80.1938889,dhwfx5u,2011,8,summer,21,1.333,5,80.8,75.7,96.0,0.0,10.7,
52996,2011-08-27 20:45:00,lockport,NY,43.1705556,-78.6905556,dr8j96g,2011,8,summer,21,1.333,5,69.8,63.6,100.0,0.0,5.2,
52997,2011-08-27 21:00:00,atwater,CA,37.3477778,-120.6080556,9qdhrqz,2011,8,summer,21,1.333,5,85.2,51.0,0.0,0.0,7.6,
52998,2011-08-27 21:00:00,wilkeson,WA,47.1055556,-122.0444444,c235yz3,2011,8,summer,21,1.333,5,66.7,58.8,0.0,0.0,3.0,
52999,2011-08-27 21:05:00,howard,OH,40.4075,-82.3269444,dpjmyeg,2011,8,summer,21,1.333,5,71.3,59.6,0.0,0.0,10.3,
53000,2011-08-27 21:15:00,carmel,IN,39.9783333,-86.1180556,dp4g2mf,2011,8,summer,21,1.333,5,77.2,62.0,43.0,0.0,10.5,
53001,2011-08-27 22:00:00,strongsville,OH,41.3144444,-81.8358333,dpmg1c0,2011,8,summer,22,1.333,5,69.1,63.2,21.0,0.0,8.5,
53002,2011-08-27 22:00:00,seattle,WA,47.6063889,-122.3308333,c23nb63,2011,8,summer,22,1.333,5,65.1,47.1,0.0,0.0,4.5,
53003,2011-08-27 22:00:00,port allegany,PA,41.8108333,-78.28,dr2mfeq,2011,8,summer,22,1.333,5,68.4,63.1,100.0,0.0,9.9,
53004,2011-08-27 22:15:00,seattle,WA,47.6063889,-122.3308333,c23nb63,2011,8,summer,22,1.333,5,65.1,47.1,0.0,0.0,4.5,
53005,2011-08-27 23:00:00,riverdale,MI,43.3855556,-84.8355556,dpewvd0,2011,8,summer,23,1.333,5,66.5,54.5,24.0,0.0,7.1,
53006,2011-08-27 23:15:00,evansville,IN,37.9747222,-87.5558333,dnc8p95,2011,8,summer,23,1.333,5,78.9,60.9,1.0,0.0,7.9,
53007,2011-08-28 00:00:00,lancaster,KY,37.6194444,-84.5780556,dney52k,2011,8,summer,00,1.0,4,73.5,59.0,2.0,0.0,6.3,
53008,2011-08-28 02:00:00,rolla,MO,37.9513889,-91.7711111,9ywxzsy,2011,8,summer,02,1.0,4,70.6,59.5,0.0,0.0,6.6,
53009,2011-08-28 03:30:00,charleston,SC,32.7763889,-79.9311111,djz4mng,2011,8,summer,04,1.0,4,78.3,73.4,14.0,0.0,5.7,
53010,2011-08-28 04:00:00,catawissa,MO,38.4247222,-90.7825,9yz6w5n,2011,8,summer,04,1.0,4,70.1,61.4,0.0,0.0,5.7,
53011,2011-08-28 11:30:00,east brunswick,NJ,40.4277778,-74.4163889,dr5jfxe,2011,8,summer,12,1.0,4,70.5,67.8,100.0,0.01,18.6,
53012,2011-08-28 14:27:00,nissequogue,NY,40.9038889,-73.1983333,dr7bwq6,2011,8,summer,14,1.0,4,73.6,69.1,100.0,0.0,22.2,
53013,2011-08-28 16:50:00,sacramento,CA,38.5816667,-121.4933333,9qce7re,2011,8,summer,17,1.0,4,94.2,42.8,0.0,0.0,5.2,
53014,2011-08-28 17:45:00,ventura,CA,34.2783333,-119.2922222,9q55j2n,2011,8,summer,18,1.0,4,81.7,59.4,0.0,0.0,8.4,
53015,2011-08-28 18:00:00,amherst,VA,37.585,-79.0516667,dnxvc4h,2011,8,summer,18,1.0,4,84.9,54.3,0.0,0.0,5.7,
53016,2011-08-28 20:30:00,waukee,IA,41.6116667,-93.885,9zmhxx5,2011,8,summer,20,1.0,4,73.6,60.6,77.0,0.0,5.9,
53017,2011-08-28 20:42:00,shelbyville,TN,35.4833333,-86.4602778,dn69be9,2011,8,summer,21,1.0,4,77.5,57.3,12.0,0.0,6.7,
53018,2011-08-28 21:00:00,vancouver,WA,45.6388889,-122.6602778,c20g8u3,2011,8,summer,21,1.0,4,70.4,53.9,3.0,0.0,7.6,
53019,2011-08-28 21:00:00,tonawanda,NY,43.0202778,-78.8805556,dpxutp8,2011,8,summer,21,1.0,4,66.0,49.1,5.0,0.0,11.0,
53020,2011-08-28 21:00:00,oregon city,OR,45.3575,-122.6055556,c20f411,2011,8,summer,21,1.0,4,73.8,53.6,1.0,0.0,4.7,
53021,2011-08-28 21:00:00,perkasie,PA,40.3719444,-75.2930556,dr4mwtm,2011,8,summer,21,1.0,4,67.1,56.7,0.0,0.0,11.3,
53022,2011-08-28 21:09:00,seattle,WA,47.6063889,-122.3308333,c23nb63,2011,8,summer,21,1.0,4,69.6,55.7,0.0,0.0,2.7,
53023,2011-08-28 21:10:00,milwaukie,OR,45.4463889,-122.6380556,c20f933,2011,8,summer,21,1.0,4,73.2,54.3,1.0,0.0,6.8,
53024,2011-08-28 21:12:00,spokane,WA,47.6588889,-117.425,c2krpuj,2011,8,summer,21,1.0,4,84.2,45.0,71.0,0.0,3.8,
53025,2011-08-28 21:15:00,puyallup,WA,47.1855556,-122.2916667,c23h3jv,2011,8,summer,21,1.0,4,69.4,55.9,1.0,0.0,4.7,
53026,2011-08-28 21:45:00,rochester,MN,44.0216667,-92.4697222,9zy4rvc,2011,8,summer,22,1.0,4,68.0,55.4,0.0,0.0,3.7,
53027,2011-08-28 23:05:00,carbon hill,IL,41.2969444,-88.3,dp34ytv,2011,8,summer,23,1.0,4,66.8,57.2,92.0,0.0,4.0,
53028,2011-08-28 23:15:00,riverside,CA,33.9533333,-117.3952778,9qh90t5,2011,8,summer,23,1.0,4,80.9,64.6,0.0,0.0,0.6,
53029,2011-08-28 23:20:00,prescott valley,AZ,34.61,-112.315,9w0huhw,2011,8,summer,23,1.0,4,76.5,45.1,80.0,0.0,2.2,
53030,2011-08-29 04:45:00,leominster,MA,42.525,-71.7602778,drsczj3,2011,8,summer,05,0.667,3,59.1,50.1,0.0,0.0,11.0,
53031,2011-08-29 05:45:00,alvin,TX,29.4236111,-95.2438889,9vhr2sm,2011,8,summer,06,0.667,3,78.7,75.6,0.0,0.0,3.2,
53032,2011-08-29 05:45:00,alvin,TX,29.4236111,-95.2438889,9vhr2sm,2011,8,summer,06,0.667,3,78.7,75.6,0.0,0.0,3.2,
53033,2011-08-29 08:45:00,new lenox,IL,41.5119444,-87.9655556,dp3knm1,2011,8,summer,09,0.667,3,69.4,58.3,0.0,0.0,2.8,
53034,2011-08-29 12:30:00,chula vista,CA,32.64,-117.0833333,9mu9xty,2011,8,summer,12,0.667,3,75.0,65.0,0.0,0.0,5.8,
53035,2011-08-29 20:00:00,gilbert,MN,47.4888889,-92.4647222,cbqnpvj,2011,8,summer,20,0.667,3,70.3,59.0,44.0,0.0,6.9,
53036,2011-08-29 20:00:00,chicago,IL,41.85,-87.65,dp3wj6x,2011,8,summer,20,0.667,3,74.0,58.8,0.0,0.0,4.7,
53037,2011-08-29 20:30:00,seattle,WA,47.6063889,-122.3308333,c23nb63,2011,8,summer,20,0.667,3,68.3,52.1,49.0,0.0,2.5,
53038,2011-08-29 22:00:00,oscoda,MI,44.4202778,-83.3308333,dpusxy2,2011,8,summer,22,0.667,3,72.9,57.3,1.0,0.0,9.0,
53039,2011-08-29 22:00:00,lancaster,CA,34.6980556,-118.1358333,9q5vru8,2011,8,summer,22,0.667,3,82.4,54.6,0.0,0.0,5.8,
53040,2011-08-29 22:05:00,branson,MO,36.6436111,-93.2183333,9yt8qyb,2011,8,summer,22,0.667,3,79.2,59.2,99.0,0.0,9.0,
53041,2011-08-29 22:30:00,reading,MI,41.8394444,-84.7480556,dp7wp88,2011,8,summer,22,0.667,3,62.4,52.1,0.0,0.0,3.4,
53042,2011-08-29 22:50:00,morgantown,WV,39.6294444,-79.9561111,dpp1kw3,2011,8,summer,23,0.667,3,64.4,55.4,0.0,0.0,3.8,
53043,2011-08-29 23:20:00,elizabethton,TN,36.3486111,-82.2108333,dnmwc1p,2011,8,summer,23,0.667,3,67.6,55.3,3.0,0.0,3.9,
53044,2011-08-29 23:25:00,toledo,OH,41.6638889,-83.5552778,dpkt48s,2011,8,summer,23,0.667,3,64.7,55.3,0.0,0.0,4.5,
53045,2011-08-30 01:30:00,atlantic beach,FL,30.3341667,-81.3988889,djqhedp,2011,8,summer,02,0.0,0,80.4,73.8,68.0,0.0,7.5,
53046,2011-08-30 03:15:00,grand rapids,MI,42.9633333,-85.6680556,dpeh6t4,2011,8,summer,03,0.0,0,59.9,55.3,100.0,0.0,5.2,
53047,2011-08-30 03:30:00,pasadena,MD,39.1072222,-76.5713889,dqcw3x6,2011,8,summer,04,0.0,0,64.5,56.8,1.0,0.0,7.8,
53048,2011-08-30 05:30:00,franklin,IN,39.4805556,-86.055,dp4b9g0,2011,8,summer,06,0.0,0,57.7,50.0,59.0,0.0,4.1,
53049,2011-08-30 09:35:00,ashland,OH,40.8686111,-82.3183333,dpm2qzc,2011,8,summer,10,0.0,0,68.6,51.9,22.0,0.0,2.2,
53050,2011-08-30 11:20:00,bastrop,LA,32.7561111,-91.8722222,9vydm7h,2011,8,summer,11,0.0,0,93.8,57.9,10.0,0.0,4.5,
53051,2011-08-30 20:00:00,blue point,NY,40.7438889,-73.035,drhpf11,2011,8,summer,20,0.0,0,71.2,62.8,0.0,0.0,5.5,
53052,2011-08-30 20:20:00,golden valley,AZ,35.2233333,-114.2222222,9qqb2u1,2011,8,summer,20,0.0,0,97.1,43.7,0.0,0.0,7.3,
53053,2011-08-30 20:30:00,white house,TN,36.4702778,-86.6513889,dn6rkpn,2011,8,summer,20,0.0,0,81.7,57.7,79.0,0.0,4.4,
53054,2011-08-30 20:36:00,sharon,PA,41.2330556,-80.4936111,dpqf864,2011,8,summer,21,0.0,0,68.6,60.2,100.0,0.0,5.8,
53055,2011-08-30 20:40:00,sequim,WA,48.0797222,-123.1005556,c283wb8,2011,8,summer,21,0.0,0,57.3,50.6,77.0,0.0,5.1,
53056,2011-08-30 20:44:00,yonkers,NY,40.9311111,-73.8991667,dr72y7k,2011,8,summer,21,0.0,0,69.6,61.9,2.0,0.0,4.3,
53057,2011-08-30 21:00:00,adelanto,CA,34.5827778,-117.4083333,9qhs8r9,2011,8,summer,21,0.0,0,81.3,48.9,0.0,0.0,5.4,
53058,2011-08-30 21:30:00,macon,GA,32.8405556,-83.6325,djudbfk,2011,8,summer,22,0.0,0,81.6,69.0,30.0,0.0,7.5,
53059,2011-08-30 21:45:00,bridgewater,MA,41.9902778,-70.9755556,drmwbuj,2011,8,summer,22,0.0,0,65.2,60.0,0.0,0.0,6.1,
53060,2011-08-30 21:45:00,bennington,VT,42.8780556,-73.1972222,dregyme,2011,8,summer,22,0.0,0,63.8,59.2,1.0,0.0,3.4,
53061,2011-08-30 22:16:00,lysander,NY,43.2063889,-76.4594444,dr9tu17,2011,8,summer,22,0.0,0,66.7,62.2,1.0,0.0,4.7,
53062,2011-08-30 22:30:00,boise,ID,43.6136111,-116.2025,9rv25ex,2011,8,summer,22,0.0,0,79.1,42.3,53.0,0.0,4.3,
53063,2011-08-30 23:00:00,long beach,CA,33.7669444,-118.1883333,9q5bne1,2011,8,summer,23,0.0,0,65.7,61.2,0.0,0.0,4.7,
53064,2011-08-30 23:00:00,exeter,NH,42.9813889,-70.9483333,drts989,2011,8,summer,23,0.0,0,66.8,63.2,1.0,0.0,5.0,
53065,2011-08-31 00:00:00,felt,ID,43.8730556,-111.1838889,9xbctfy,2011,8,summer,00,1.0,4,59.7,35.3,0.0,0.0,6.3,
53066,2011-08-31 00:00:00,ardmore,OK,34.1741667,-97.1433333,9y4fmmn,2011,8,summer,00,1.0,4,90.9,61.3,53.0,0.0,11.1,
53067,2011-08-31 00:00:00,rock springs,WY,41.5875,-109.2022222,9x6ke4c,2011,8,summer,00,1.0,4,67.9,43.6,3.0,0.0,7.4,
53068,2011-08-31 01:00:00,hooks,TX,33.4661111,-94.2883333,9vuyqkm,2011,8,summer,01,1.0,4,85.5,62.2,40.0,0.0,6.5,
53069,2011-08-31 10:30:00,trenton,MI,42.1394444,-83.1783333,dpkzepr,2011,8,summer,10,1.0,4,70.8,61.6,74.0,0.0,4.3,
53070,2011-08-31 20:00:00,sun valley,CA,34.2175,-118.3694444,9q5fdmn,2011,8,summer,20,1.0,4,72.5,55.1,0.0,0.0,3.0,
53071,2011-08-31 20:30:00,mount sinai,NY,40.9469444,-73.03,drk0fnj,2011,8,summer,20,1.0,4,74.0,66.2,98.0,0.0,5.5,
53072,2011-08-31 21:05:00,montauk,NY,41.0358333,-71.955,drkc6w7,2011,8,summer,21,1.0,4,68.9,65.8,90.0,0.0,5.0,
53073,2011-08-31 21:17:00,lynchburg,VA,37.4136111,-79.1425,dnxsz4f,2011,8,summer,21,1.0,4,74.2,58.1,0.0,0.0,5.0,
53074,2011-08-31 21:22:00,castro valley,CA,37.6941667,-122.0852778,9q9nmyh,2011,8,summer,21,1.0,4,63.3,53.0,0.0,0.0,4.4,
53075,2011-08-31 21:25:00,lily,KY,37.0244444,-84.0752778,dns4wu4,2011,8,summer,21,1.0,4,80.5,59.9,10.0,0.0,3.2,
53076,2011-08-31 21:27:00,louisburg,NC,36.0988889,-78.3013889,dq2m65w,2011,8,summer,21,1.0,4,72.8,62.1,20.0,0.0,5.3,
53077,2011-08-31 21:52:00,hazelton,KS,37.0902778,-98.3980556,9yd50bh,2011,8,summer,22,1.0,4,93.8,55.0,6.0,0.0,15.5,
53078,2011-08-31 22:00:00,montauk,NY,41.0358333,-71.955,drkc6w7,2011,8,summer,22,1.0,4,68.7,65.8,99.0,0.0,3.5,
53079,2011-08-31 23:03:00,doylestown,OH,40.97,-81.6966667,dpmchfq,2011,8,summer,23,1.0,4,71.5,60.2,33.0,0.0,6.7,
53080,2011-09-01 01:22:00,sherburn,MN,43.6522222,-94.7266667,9zu8k6w,2011,9,fall,01,1.333,5,72.8,70.9,5.0,0.0,10.6,
53081,2011-09-01 01:55:00,vashon,WA,47.4475,-122.4586111,c22vvms,2011,9,fall,02,1.333,5,54.2,50.6,0.0,0.0,2.6,
53082,2011-09-01 03:00:00,bremerton,WA,47.5675,-122.6313889,c22y97q,2011,9,fall,03,1.333,5,56.3,52.6,7.0,0.0,1.4,
53083,2011-09-01 04:00:00,friday harbor,WA,48.5344444,-123.0158333,c28s0eq,2011,9,fall,04,1.333,5,54.1,51.3,27.0,0.0,6.0,
53084,2011-09-01 09:00:00,franklin county,NC,35.1822222,-83.3816667,dnk8nse,2011,9,fall,09,1.333,5,72.2,63.3,11.0,0.0,0.8,
53085,2011-09-01 10:25:00,wolf creek (near),MT,47.0061111,-112.0683333,c8273v4,2011,9,fall,10,1.333,5,57.0,42.7,19.0,0.0,5.4,
53086,2011-09-01 18:00:00,hamburg,NY,42.7158333,-78.8297222,dpxgn0j,2011,9,fall,18,1.333,5,72.4,69.7,50.0,0.02,3.4,
53087,2011-09-01 18:45:00,falmouth,MA,41.5513889,-70.6152778,drmu3h5,2011,9,fall,19,1.333,5,65.6,57.4,94.0,0.0,8.4,
53088,2011-09-01 20:30:00,watertown,NY,43.9747222,-75.9111111,drf40t7,2011,9,fall,20,1.333,5,70.2,68.3,57.0,0.02,4.1,
53089,2011-09-01 20:50:00,linton,IN,39.0347222,-87.1658333,dnfn06p,2011,9,fall,21,1.333,5,88.9,66.4,4.0,0.0,6.0,
53090,2011-09-01 20:55:00,silver lake,KS,39.1041667,-95.8583333,9ygy6ww,2011,9,fall,21,1.333,5,92.7,57.8,0.0,0.0,12.3,
53091,2011-09-01 21:00:00,aurora,CO,39.7294444,-104.8313889,9xj6n88,2011,9,fall,21,1.333,5,81.6,38.5,52.0,0.0,3.7,
53092,2011-09-01 21:00:00,fayetteville,AR,36.0625,-94.1572222,9ymj1ku,2011,9,fall,21,1.333,5,85.2,63.4,5.0,0.0,7.9,
53093,2011-09-01 21:00:00,lititz,PA,40.1572222,-76.3072222,dr1srw6,2011,9,fall,21,1.333,5,71.2,59.8,77.0,0.0,6.0,
53094,2011-09-01 21:00:00,jacksonville,AL,33.8136111,-85.7613889,dn5027w,2011,9,fall,21,1.333,5,83.6,67.7,52.0,0.0,3.5,
53095,2011-09-01 21:00:00,bernard,ME,44.2411111,-68.3563889,drz7stb,2011,9,fall,21,1.333,5,58.1,54.0,97.0,0.0,3.5,
53096,2011-09-01 21:00:00,spring hill,KS,38.7430556,-94.8252778,9yus6hy,2011,9,fall,21,1.333,5,91.4,60.4,0.0,0.0,10.7,
53097,2011-09-01 21:47:00,ovid,NY,42.6763889,-76.8233333,dr96gbf,2011,9,fall,22,1.333,5,66.9,63.8,32.0,0.0,7.8,
53098,2011-09-01 22:00:00,portland,OR,45.5236111,-122.675,c20fbrq,2011,9,fall,22,1.333,5,62.5,48.7,0.0,0.0,6.3,
53099,2011-09-01 22:00:00,signal mountain,TN,35.1225,-85.3438889,dn5rccy,2011,9,fall,22,1.333,5,78.4,66.6,29.0,0.0,4.7,
53100,2011-09-01 23:20:00,brownfield,TX,33.1811111,-102.2738889,9tzkb8q,2011,9,fall,23,1.333,5,81.7,48.9,0.0,0.0,9.3,
53101,2011-09-01 23:30:00,morgans point resort,TX,31.1480556,-97.4630556,9vd9nnm,2011,9,fall,00,1.333,5,88.4,59.6,1.0,0.0,9.7,
53102,2011-09-01 23:45:00,lancaster,PA,40.0377778,-76.3058333,dr1ez8e,2011,9,fall,00,1.333,5,67.1,62.1,63.0,0.0,4.7,
53103,2011-09-02 01:10:00,merced,CA,37.3022222,-120.4819444,9qdk4qe,2011,9,fall,01,3.0,15,73.9,50.2,0.0,0.0,4.8,
53104,2011-09-02 01:14:00,sacramento,CA,38.5816667,-121.4933333,9qce7re,2011,9,fall,01,3.0,15,73.8,42.7,0.0,0.0,3.8,
53105,2011-09-02 01:15:00,pineville,MO,36.5944444,-94.3838889,9ysbhjz,2011,9,fall,01,3.0,15,83.8,62.6,2.0,0.0,8.8,
53106,2011-09-02 08:39:00,brattleboro,VT,42.8508333,-72.5583333,drs7ubu,2011,9,fall,09,3.0,15,63.9,60.1,20.0,0.0,1.8,
53107,2011-09-02 15:00:00,syracuse,NY,43.0480556,-76.1477778,dr9ughw,2011,9,fall,15,3.0,15,80.3,66.7,84.0,0.0,8.3,
53108,2011-09-02 19:00:00,new bedford,MA,41.6361111,-70.9347222,drmscgd,2011,9,fall,19,3.0,15,65.2,57.3,0.0,0.0,4.7,
53109,2011-09-02 20:00:00,bryceville,FL,30.3844444,-81.9388889,djmsz7m,2011,9,fall,20,3.0,15,79.5,65.2,85.0,0.0,6.1,
53110,2011-09-02 20:22:00,waupaca,WI,44.3580556,-89.0858333,dpbskg1,2011,9,fall,20,3.0,15,78.3,69.7,83.0,0.0,2.6,
53111,2011-09-02 20:45:00,des moines,IA,41.6005556,-93.6088889,9zmktvh,2011,9,fall,21,3.0,15,80.8,72.9,42.0,0.0,4.6,
53112,2011-09-02 21:00:00,bentonville,AR,36.3727778,-94.2086111,9ymnbjr,2011,9,fall,21,3.0,15,83.2,63.6,33.0,0.0,7.5,
53113,2011-09-02 21:00:00,lubbock,TX,33.5777778,-101.8547222,9tzx40x,2011,9,fall,21,3.0,15,86.1,50.5,0.0,0.0,5.3,
53114,2011-09-02 21:00:00,spencer,WV,38.8019444,-81.3511111,dnyhsz9,2011,9,fall,21,3.0,15,81.9,75.6,3.0,0.0,4.0,
53115,2011-09-02 21:50:00,salt lake city,UT,40.7608333,-111.8902778,9x0rvu7,2011,9,fall,22,3.0,15,70.8,38.2,0.0,0.0,2.4,
53116,2011-09-02 22:00:00,san antonio,TX,29.4238889,-98.4933333,9v1zqsr,2011,9,fall,22,3.0,15,91.9,60.5,7.0,0.0,4.3,
53117,2011-09-02 22:15:00,matlock,WA,47.2380556,-123.4066667,c22hxz6,2011,9,fall,22,3.0,15,58.7,51.6,0.0,0.0,2.4,
53118,2011-09-02 22:30:00,elkhorn,WI,42.6727778,-88.5444444,dp94c07,2011,9,fall,22,3.0,15,78.9,73.4,76.0,0.0,2.6,
53119,2011-09-02 22:30:00,batavia,IL,41.85,-88.3125,dp3nn6s,2011,9,fall,22,3.0,15,80.3,73.3,27.0,0.0,3.4,
53120,2011-09-02 23:00:00,indianapolis,IN,39.7683333,-86.1580556,dp4dprt,2011,9,fall,23,3.0,15,84.6,61.2,7.0,0.0,4.6,
53121,2011-09-03 00:00:00,alexandria,LA,31.3111111,-92.445,9vw60k5,2011,9,fall,00,3.0,15,75.8,69.9,100.0,0.02,12.6,
53122,2011-09-03 08:30:00,fitchburg,MA,42.5833333,-71.8027778,drsfq04,2011,9,fall,08,3.0,15,64.4,61.1,40.0,0.0,7.9,
53123,2011-09-03 09:00:00,round rock,TX,30.5080556,-97.6786111,9v6t93b,2011,9,fall,09,3.0,15,83.1,66.6,0.0,0.0,6.8,
53124,2011-09-03 13:10:00,pittsburg,CA,38.0280556,-121.8836111,9qc266z,2011,9,fall,13,3.0,15,80.4,50.9,0.0,0.0,6.4,
53125,2011-09-03 15:00:00,black diamond,WA,47.3088889,-122.0019444,c23jpu2,2011,9,fall,15,3.0,15,80.5,40.5,0.0,0.0,3.8,
53126,2011-09-03 20:00:00,aulander,NC,36.2294444,-77.1144444,dq3nj5q,2011,9,fall,20,3.0,15,76.8,66.5,12.0,0.0,5.8,
53127,2011-09-03 20:00:00,windsor,MA,42.5116667,-73.0583333,drs1ce0,2011,9,fall,20,3.0,15,71.6,69.0,30.0,0.0,2.7,
53128,2011-09-03 20:15:00,hampton beach,NH,42.9072222,-70.8125,drtshe5,2011,9,fall,20,3.0,15,74.7,71.9,92.0,0.0,5.9,
53129,2011-09-03 20:16:00,rochester (town of chili),NY,43.1547222,-77.6158333,dr8v9b1,2011,9,fall,20,3.0,15,79.1,73.5,9.0,0.0,5.1,
53130,2011-09-03 20:40:00,katy,TX,29.7855556,-95.8241667,9v7c7qq,2011,9,fall,21,3.0,15,83.7,61.8,100.0,0.01,16.4,
53131,2011-09-03 21:00:00,freedom,NH,43.8122222,-71.0361111,drv3pxc,2011,9,fall,21,3.0,15,73.2,70.2,4.0,0.0,2.2,
53132,2011-09-03 21:00:00,passaic,MO,38.3219444,-94.3480556,9yufj03,2011,9,fall,21,3.0,15,81.0,70.9,43.0,0.0,7.5,
53133,2011-09-03 21:00:00,essex junction,VT,44.4905556,-73.1113889,druj073,2011,9,fall,21,3.0,15,73.5,71.7,22.0,0.0,1.4,
53134,2011-09-03 21:00:00,church point,LA,30.4027778,-92.215,9vqkvwe,2011,9,fall,21,3.0,15,76.4,75.2,100.0,0.01,17.8,
53135,2011-09-03 21:00:00,aulander,NC,36.2294444,-77.1144444,dq3nj5q,2011,9,fall,21,3.0,15,74.6,65.4,36.0,0.0,6.5,
53136,2011-09-03 21:15:00,bentonville,AR,36.3727778,-94.2086111,9ymnbjr,2011,9,fall,21,3.0,15,82.3,60.5,95.0,0.0,6.7,
53137,2011-09-03 21:30:00,wilkes-barre,PA,41.2458333,-75.8816667,dr649k8,2011,9,fall,22,3.0,15,74.9,72.8,23.0,0.0,5.7,
53138,2011-09-03 22:00:00,wisconsin dells,WI,43.6275,-89.7708333,dpb0jnn,2011,9,fall,22,3.0,15,68.7,67.3,86.0,0.04,8.4,
53139,2011-09-03 22:00:00,ogallala,NE,41.1280556,-101.7191667,9xr9vr4,2011,9,fall,22,3.0,15,60.0,41.1,1.0,0.0,6.4,
53140,2011-09-03 22:00:00,corvallis,MT,46.3141667,-114.1119444,c2nz7r4,2011,9,fall,22,3.0,15,63.1,34.0,0.0,0.0,4.4,
53141,2011-09-03 22:15:00,richland,MI,42.3761111,-85.455,dpe1p6m,2011,9,fall,22,3.0,15,76.1,72.2,100.0,0.0,4.3,
53142,2011-09-03 22:15:00,narragansett,RI,41.45,-71.45,drm5y1e,2011,9,fall,22,3.0,15,68.3,62.7,36.0,0.0,9.4,
53143,2011-09-03 22:15:00,huron,OH,41.395,-82.5552778,dpm73rt,2011,9,fall,22,3.0,15,83.4,69.0,34.0,0.0,6.2,
53144,2011-09-03 22:22:00,kings park,NY,40.8861111,-73.2577778,dr7bsgp,2011,9,fall,22,3.0,15,69.2,63.1,28.0,0.0,7.7,
53145,2011-09-03 23:00:00,glandorf,OH,41.0288889,-84.0791667,dpk1qtp,2011,9,fall,23,3.0,15,77.3,63.5,65.0,0.0,6.0,
53146,2011-09-03 23:00:00,bellefontaine,OH,40.3611111,-83.7597222,dphmw58,2011,9,fall,23,3.0,15,80.3,63.7,43.0,0.0,4.3,
53147,2011-09-03 23:30:00,riviera beach,FL,26.775,-80.0583333,dhz064p,2011,9,fall,00,3.0,15,78.2,72.3,93.0,0.0,4.8,
53148,2011-09-04 00:00:00,newport,TN,35.9669444,-83.1877778,dnkue58,2011,9,fall,00,0.333,2,74.8,68.4,100.0,0.0,4.6,
53149,2011-09-04 00:00:00,centennial,CO,39.5791667,-104.8763889,9xj3jmp,2011,9,fall,00,0.333,2,55.6,35.3,9.0,0.0,0.2,
53150,2011-09-04 00:00:00,savona,NY,42.2886111,-77.2186111,dr90df7,2011,9,fall,00,0.333,2,71.9,70.8,12.0,0.0,6.3,
53151,2011-09-04 01:00:00,international falls,MN,48.6011111,-93.4108333,cbts6rs,2011,9,fall,01,0.333,2,56.3,51.5,51.0,0.01,9.7,
53152,2011-09-04 01:00:00,ridgway,IL,37.7991667,-88.2611111,dn9pp94,2011,9,fall,01,0.333,2,80.8,65.5,100.0,0.0,2.2,
53153,2011-09-04 01:00:00,visalia,CA,36.3302778,-119.2911111,9q7ntmw,2011,9,fall,01,0.333,2,73.3,44.2,0.0,0.0,1.4,
53154,2011-09-04 01:20:00,carrollton,TX,32.9536111,-96.89,9vg57pn,2011,9,fall,01,0.333,2,84.7,58.1,85.0,0.0,6.1,
53155,2011-09-04 02:00:00,international falls,MN,48.6011111,-93.4108333,cbts6rs,2011,9,fall,02,0.333,2,54.9,50.7,66.0,0.0,11.1,
53156,2011-09-04 02:45:00,coppell,TX,32.9544444,-97.0147222,9vg52rh,2011,9,fall,03,0.333,2,81.3,60.0,50.0,0.0,5.0,
53157,2011-09-04 04:00:00,dallas,TX,32.7833333,-96.8,9vg4t20,2011,9,fall,04,0.333,2,80.9,58.6,71.0,0.0,7.9,
53158,2011-09-04 05:45:00,mckinney,TX,33.1975,-96.615,9vgkc7r,2011,9,fall,06,0.333,2,79.8,58.5,6.0,0.0,10.7,
53159,2011-09-04 13:30:00,faribault,MN,44.295,-93.2686111,9zvevxe,2011,9,fall,14,0.333,2,63.4,48.0,64.0,0.0,14.5,
53160,2011-09-04 13:40:00,fort flagler,WA,48.0969444,-122.6938889,c28c85c,2011,9,fall,14,0.333,2,73.0,49.6,7.0,0.0,2.8,
53161,2011-09-04 15:00:00,winston-salem,NC,36.0997222,-80.2444444,dnqvmgz,2011,9,fall,15,0.333,2,88.3,66.1,100.0,0.0,6.1,
53162,2011-09-04 18:30:00,findlay,OH,41.0441667,-83.65,dpk92rz,2011,9,fall,18,0.333,2,72.0,66.2,100.0,0.12,7.7,
53163,2011-09-04 19:50:00,roswell  (no joke),NM,33.3941667,-104.5225,9tvtvx1,2011,9,fall,20,0.333,2,72.5,54.3,87.0,0.0,10.2,
53164,2011-09-04 20:45:00,tama,IA,41.9666667,-92.5766667,9zqntrg,2011,9,fall,21,0.333,2,60.8,47.6,4.0,0.0,10.5,
53165,2011-09-04 21:02:00,tucson,AZ,32.2216667,-110.9258333,9t9p7cf,2011,9,fall,21,0.333,2,94.7,51.0,57.0,0.0,8.1,
53166,2011-09-04 21:10:00,king of prussia,PA,40.0891667,-75.3963889,dr4kh64,2011,9,fall,21,0.333,2,75.9,69.1,100.0,0.0,6.2,
53167,2011-09-04 21:32:00,waterloo,IA,42.4927778,-92.3427778,9zw3dxw,2011,9,fall,22,0.333,2,59.0,47.5,2.0,0.0,8.3,
53168,2011-09-04 21:37:00,corvallis,OR,44.5647222,-123.2608333,9rbme0u,2011,9,fall,22,0.333,2,67.7,50.9,3.0,0.0,4.9,
53169,2011-09-04 22:00:00,ashford hollow,NY,42.4033333,-78.6855556,dr811rq,2011,9,fall,22,0.333,2,65.4,65.4,100.0,0.04,7.8,
53170,2011-09-04 22:00:00,cheswick,PA,40.5416667,-79.7994444,dppq8h7,2011,9,fall,22,0.333,2,72.4,72.0,100.0,0.15,5.7,
53171,2011-09-04 22:30:00,columbia,MO,38.9516667,-92.3338889,9yymdfu,2011,9,fall,22,0.333,2,66.2,47.8,22.0,0.0,10.1,
53172,2011-09-04 23:00:00,olympia,WA,47.0380556,-122.8994444,c22ee75,2011,9,fall,23,0.333,2,65.4,56.7,2.0,0.0,4.4,
53173,2011-09-04 23:25:00,west des moines,IA,41.6005556,-93.6088889,9zmktvh,2011,9,fall,23,0.333,2,58.5,47.1,0.0,0.0,8.3,
53174,2011-09-04 23:30:00,brea,CA,33.9166667,-117.8991667,9qh0vnk,2011,9,fall,00,0.333,2,64.9,57.8,0.0,0.0,0.2,
53175,2011-09-05 00:30:00,pocatello,ID,42.8713889,-112.4447222,9x85ck2,2011,9,fall,00,2.333,9,59.9,33.0,0.0,0.0,3.4,
53176,2011-09-05 00:45:00,baytown,TX,29.7352778,-94.9772222,9vk3ntp,2011,9,fall,01,2.333,9,80.2,62.3,0.0,0.0,15.3,
53177,2011-09-05 01:00:00,portland,OR,45.5236111,-122.675,c20fbrq,2011,9,fall,01,2.333,9,65.5,50.0,0.0,0.0,2.3,
53178,2011-09-05 01:00:00,seattle,WA,47.6063889,-122.3308333,c23nb63,2011,9,fall,01,2.333,9,57.2,52.1,8.0,0.0,2.1,
53179,2011-09-05 06:30:00,miami,FL,25.7738889,-80.1938889,dhwfx5u,2011,9,fall,06,2.333,9,81.0,75.4,96.0,0.0,5.4,
53180,2011-09-05 12:18:00,eugene,OR,44.0522222,-123.0855556,9rb6x57,2011,9,fall,12,2.333,9,77.3,48.6,0.0,0.0,3.7,
53181,2011-09-05 20:30:00,rockford,IL,42.2711111,-89.0938889,dp88kx5,2011,9,fall,20,2.333,9,57.9,43.2,0.0,0.0,5.6,
53182,2011-09-05 20:45:00,columbus,OH,39.9611111,-82.9988889,dphgr6d,2011,9,fall,21,2.333,9,61.7,51.9,100.0,0.0,12.1,
53183,2011-09-05 21:25:00,copperas cove,TX,31.1238889,-97.9027778,9vd3h1v,2011,9,fall,21,2.333,9,77.3,30.5,0.0,0.0,6.2,
53184,2011-09-05 21:45:00,lakeville,MN,44.6497222,-93.2425,9zvwn0n,2011,9,fall,22,2.333,9,59.8,47.8,41.0,0.0,4.3,
53185,2011-09-05 22:30:00,riverside,CA,33.9533333,-117.3952778,9qh90t5,2011,9,fall,22,2.333,9,81.7,62.2,12.0,0.0,1.7,
53186,2011-09-05 23:50:00,morgan hill,CA,37.1305556,-121.6533333,9q97pxq,2011,9,fall,00,2.333,9,61.7,56.0,2.0,0.0,2.2,
53187,2011-09-06 19:45:00,wichita,KS,37.6922222,-97.3372222,9ydy3j9,2011,9,fall,20,1.0,4,73.6,42.4,75.0,0.0,5.1,
53188,2011-09-06 21:02:00,covington,GA,33.5966667,-83.8602778,djur5sn,2011,9,fall,21,1.0,4,62.7,54.1,96.0,0.0,7.1,
53189,2011-09-06 21:30:00,duvall,WA,47.7425,-121.9844444,c23r85m,2011,9,fall,22,1.0,4,64.4,56.1,0.0,0.0,2.4,
53190,2011-09-06 23:30:00,fountain,CO,38.6822222,-104.7002778,9wvs13z,2011,9,fall,00,1.0,4,72.3,31.1,31.0,0.0,4.0,
53191,2011-09-07 00:00:00,escondido,CA,33.1191667,-117.0855556,9musrth,2011,9,fall,00,1.667,6,75.3,69.4,0.0,0.0,2.2,
53192,2011-09-07 00:22:00,heber city,UT,40.5069444,-111.4125,9x0y2wp,2011,9,fall,00,1.667,6,61.9,55.1,3.0,0.0,3.7,
53193,2011-09-07 02:02:00,nassau county,NY,42.5158333,-73.6105556,dre9ugy,2011,9,fall,02,1.667,6,58.1,58.1,100.0,0.08,7.2,
53194,2011-09-07 03:00:00,hemet,CA,33.7475,-116.9711111,9muzfr8,2011,9,fall,03,1.667,6,76.9,64.5,0.0,0.0,3.1,
53195,2011-09-07 09:00:00,sacramento,CA,38.5816667,-121.4933333,9qce7re,2011,9,fall,09,1.667,6,72.1,54.9,39.0,0.0,3.3,
53196,2011-09-07 20:10:00,friendswood,TX,29.5291667,-95.2008333,9vhrcxs,2011,9,fall,20,1.667,6,79.4,51.6,0.0,0.0,6.5,
53197,2011-09-07 20:30:00,saint peters,MO,38.8002778,-90.6263889,9yzs9xr,2011,9,fall,20,1.667,6,68.0,49.6,0.0,0.0,6.7,
53198,2011-09-07 21:00:00,pflugerville,TX,30.4391667,-97.6197222,9v6t4t7,2011,9,fall,21,1.667,6,82.1,35.8,0.0,0.0,5.6,
53199,2011-09-07 21:54:00,cedar lake,IN,41.3647222,-87.4411111,dp3g64p,2011,9,fall,22,1.667,6,62.4,56.1,75.0,0.0,9.6,
53200,2011-09-08 03:31:00,north wilkesboro,NC,36.1583333,-81.1477778,dnqm9qm,2011,9,fall,04,1.0,4,63.4,60.5,88.0,0.0,3.1,
53201,2011-09-08 19:05:00,farmington,NM,36.7280556,-108.2180556,9we0cqn,2011,9,fall,19,1.0,4,78.3,38.4,43.0,0.0,3.6,
53202,2011-09-08 20:00:00,tulsa,OK,36.1538889,-95.9925,9y7txts,2011,9,fall,20,1.0,4,76.2,41.7,0.0,0.0,3.9,
53203,2011-09-08 20:30:00,canton,MI,42.3086111,-83.4822222,dps8sq4,2011,9,fall,20,1.0,4,64.5,61.1,100.0,0.0,6.7,
53204,2011-09-08 20:50:00,lock haven,PA,41.1369444,-77.4472222,dr2fj8u,2011,9,fall,21,1.0,4,68.1,67.6,98.0,0.01,5.9,
53205,2011-09-08 21:00:00,milwaukee,WI,43.0388889,-87.9063889,dp9kzdu,2011,9,fall,21,1.0,4,66.6,59.2,3.0,0.0,14.1,
53206,2011-09-08 22:03:00,blythe,CA,33.6102778,-114.5955556,9myx0qd,2011,9,fall,22,1.0,4,98.7,46.3,0.0,0.0,4.8,
53207,2011-09-08 22:45:00,windsor,CO,40.4775,-104.9008333,9xjqkbt,2011,9,fall,23,1.0,4,57.7,44.7,0.0,0.0,1.4,
53208,2011-09-08 23:00:00,volo,IL,42.3261111,-88.1677778,dp92c9n,2011,9,fall,23,1.0,4,64.3,59.1,23.0,0.0,7.6,
53209,2011-09-08 23:00:00,claymont,DE,39.8005556,-75.46,dr466v7,2011,9,fall,23,1.0,4,72.4,70.8,98.0,0.0,7.8,
53210,2011-09-08 23:00:00,volo,IL,42.3261111,-88.1677778,dp92c9n,2011,9,fall,23,1.0,4,64.3,59.1,23.0,0.0,7.6,
53211,2011-09-08 23:15:00,rockford,IL,42.2711111,-89.0938889,dp88kx5,2011,9,fall,23,1.0,4,63.9,53.0,13.0,0.0,8.1,
53212,2011-09-08 23:20:00,rockford,IL,42.2711111,-89.0938889,dp88kx5,2011,9,fall,23,1.0,4,63.9,53.0,13.0,0.0,8.1,
53213,2011-09-08 23:33:00,evansville,IN,37.9747222,-87.5558333,dnc8p95,2011,9,fall,00,1.0,4,64.1,54.4,33.0,0.0,6.3,
53214,2011-09-09 08:30:00,arley,AL,34.0788889,-87.2122222,dn1cz7v,2011,9,fall,08,4.667,39,63.0,59.6,0.0,0.0,1.6,
53215,2011-09-09 09:30:00,hampstead,NC,34.3675,-77.7108333,dq0ex8k,2011,9,fall,10,4.667,39,75.6,65.0,5.0,0.0,4.6,
53216,2011-09-09 10:20:00,double springs,AL,34.1463889,-87.4022222,dn1f705,2011,9,fall,10,4.667,39,70.9,55.0,0.0,0.0,2.9,
53217,2011-09-09 11:00:00,wilmington,NC,34.2255556,-77.945,dq0ddqd,2011,9,fall,11,4.667,39,78.3,61.6,33.0,0.0,8.7,
53218,2011-09-09 13:00:00,tulsa,OK,36.1538889,-95.9925,9y7txts,2011,9,fall,13,4.667,39,80.2,48.3,48.0,0.0,7.7,
53219,2011-09-09 20:00:00,santa barbara,CA,34.4208333,-119.6972222,9q4gu4p,2011,9,fall,20,4.667,39,71.4,59.0,12.0,0.0,3.8,
53220,2011-09-09 20:00:00,portland,OR,45.5236111,-122.675,c20fbrq,2011,9,fall,20,4.667,39,80.2,51.9,6.0,0.0,6.5,
53221,2011-09-09 20:30:00,rochester,NY,43.1547222,-77.6158333,dr8v9b1,2011,9,fall,20,4.667,39,68.1,60.6,73.0,0.0,4.0,
53222,2011-09-09 20:50:00,bradenton,FL,27.4986111,-82.575,dhvk2vy,2011,9,fall,21,4.667,39,77.4,75.8,33.0,0.01,4.0,
53223,2011-09-09 21:00:00,ridgeland,SC,32.4805556,-80.9805556,djy2v0z,2011,9,fall,21,4.667,39,76.6,58.7,73.0,0.0,4.2,
53224,2011-09-09 21:15:00,montauk,NY,41.0358333,-71.955,drkc6w7,2011,9,fall,21,4.667,39,71.3,66.6,13.0,0.0,11.2,
53225,2011-09-09 21:30:00,chula vista,CA,32.64,-117.0833333,9mu9xty,2011,9,fall,22,4.667,39,62.8,58.5,54.0,0.0,4.6,
53226,2011-09-09 22:00:00,chula vista,CA,32.64,-117.0833333,9mu9xty,2011,9,fall,22,4.667,39,62.8,58.5,54.0,0.0,4.6,
53227,2011-09-09 23:00:00,kenmore,WA,47.7575,-122.2427778,c23pdmc,2011,9,fall,23,4.667,39,65.6,56.6,16.0,0.0,4.0,
53228,2011-09-09 23:05:00,mokena,IL,41.5261111,-87.8891667,dp3s0p9,2011,9,fall,23,4.667,39,62.6,61.5,39.0,0.0,3.4,
53229,2011-09-10 00:00:00,point pleasant,NJ,40.0830556,-74.0686111,dr5k48b,2011,9,fall,00,2.333,9,74.1,71.0,29.0,0.0,7.6,
53230,2011-09-10 02:00:00,glenwood,NJ,41.2511111,-74.49,dr748vw,2011,9,fall,02,2.333,9,66.0,62.6,54.0,0.0,3.5,
53231,2011-09-10 02:20:00,houston,TX,29.7630556,-95.3630556,9vk1mfn,2011,9,fall,02,2.333,9,73.8,63.0,0.0,0.0,3.7,
53232,2011-09-10 05:20:00,ammon,ID,43.4697222,-111.9658333,9x8rk1k,2011,9,fall,05,2.333,9,54.6,30.8,0.0,0.0,4.2,
53233,2011-09-10 08:00:00,oak lawn,IL,41.7108333,-87.7580556,dp3t710,2011,9,fall,08,2.333,9,63.4,62.5,100.0,0.0,0.9,
53234,2011-09-10 09:25:00,buffalo,NY,42.8863889,-78.8786111,dpxgvp4,2011,9,fall,09,2.333,9,66.3,61.8,70.0,0.0,6.3,
53235,2011-09-10 09:45:00,hartland,MI,42.6566667,-83.7530556,dps6wjk,2011,9,fall,10,2.333,9,65.6,62.3,67.0,0.0,1.8,
53236,2011-09-10 12:50:00,falls,PA,41.4605556,-75.8491667,dr65f58,2011,9,fall,13,2.333,9,75.8,61.1,27.0,0.0,4.0,
53237,2011-09-10 13:30:00,vassalboro,ME,44.4591667,-69.6780556,drykymt,2011,9,fall,14,2.333,9,65.0,44.8,37.0,0.0,7.8,
53238,2011-09-10 14:30:00,williamsville,NY,42.9638889,-78.7380556,dr8h2m2,2011,9,fall,14,2.333,9,73.1,56.3,81.0,0.0,6.3,
53239,2011-09-10 19:30:00,pebble beach,CA,36.5663889,-121.9455556,9q92109,2011,9,fall,20,2.333,9,60.6,57.0,81.0,0.0,4.6,
53240,2011-09-10 19:45:00,seligman (15 miles west of),AZ,35.3255556,-112.8766667,9qr8zqv,2011,9,fall,20,2.333,9,67.0,50.9,54.0,0.05,5.5,
53241,2011-09-10 20:00:00,tremont,PA,40.6283333,-76.3875,dr1xju0,2011,9,fall,20,2.333,9,71.1,65.8,37.0,0.0,4.0,
53242,2011-09-10 20:20:00,everett,WA,47.9791667,-122.2008333,c290gq2,2011,9,fall,20,2.333,9,70.3,58.4,0.0,0.0,4.8,
53243,2011-09-10 20:30:00,lakeville,MN,44.6497222,-93.2425,9zvwn0n,2011,9,fall,20,2.333,9,75.8,61.3,90.0,0.0,0.9,
53244,2011-09-10 20:45:00,allen,TX,33.1030556,-96.6702778,9vgk24n,2011,9,fall,21,2.333,9,83.1,44.0,0.0,0.0,2.6,
53245,2011-09-10 20:54:00,renton,WA,47.4830556,-122.2158333,c23n4uj,2011,9,fall,21,2.333,9,70.0,59.5,0.0,0.0,3.6,
53246,2011-09-10 21:00:00,allendale,MI,42.9722222,-85.9536111,dpduknf,2011,9,fall,21,2.333,9,70.7,60.7,82.0,0.0,2.3,
53247,2011-09-10 21:00:00,tonawanda,NY,43.0202778,-78.8805556,dpxutp8,2011,9,fall,21,2.333,9,66.0,52.9,3.0,0.0,5.8,
53248,2011-09-10 21:00:00,baraboo,WI,43.4711111,-89.7441667,dp8pmcd,2011,9,fall,21,2.333,9,67.7,60.8,2.0,0.0,4.1,
53249,2011-09-10 21:30:00,harrison,ME,44.1102778,-70.6797222,drvdzwh,2011,9,fall,22,2.333,9,56.5,51.8,0.0,0.0,3.6,
53250,2011-09-10 22:00:00,plainfield,IL,41.6269444,-88.2038889,dp3kbcg,2011,9,fall,22,2.333,9,65.7,59.7,80.0,0.0,3.4,
53251,2011-09-10 22:00:00,port clinton,OH,41.5119444,-82.9377778,dpmh0tn,2011,9,fall,22,2.333,9,65.4,63.4,91.0,0.0,2.5,
53252,2011-09-10 22:00:00,seattle,WA,47.6063889,-122.3308333,c23nb63,2011,9,fall,22,2.333,9,65.9,56.1,0.0,0.0,3.2,
53253,2011-09-10 22:30:00,greenfield,PA,40.4213889,-79.9436111,dppjuy6,2011,9,fall,22,2.333,9,63.3,61.8,34.0,0.0,2.0,
53254,2011-09-10 22:43:00,lantana,TX,26.1927778,-97.5786111,9udt581,2011,9,fall,23,2.333,9,79.0,67.1,0.0,0.0,7.5,
53255,2011-09-10 22:50:00,landers,CA,34.2661111,-116.3922222,9qj4zmv,2011,9,fall,23,2.333,9,72.3,56.9,6.0,0.0,3.7,
53256,2011-09-10 23:20:00,sioux city,IA,42.5,-96.4,9ze3y2g,2011,9,fall,23,2.333,9,66.4,59.6,6.0,0.0,3.9,
53257,2011-09-10 23:20:00,lincoln,CA,38.8916667,-121.2919444,9qctrbj,2011,9,fall,23,2.333,9,74.0,54.5,0.0,0.0,6.6,
53258,2011-09-10 23:30:00,twin falls,ID,42.5630556,-114.46,9rwd5kk,2011,9,fall,00,2.333,9,71.4,31.0,29.0,0.0,0.9,
53259,2011-09-10 23:30:00,olathe,KS,38.8813889,-94.8188889,9yut4q4,2011,9,fall,00,2.333,9,62.7,60.0,70.0,0.0,3.4,
53260,2011-09-10 23:44:00,greeneville,TN,36.1630556,-82.8311111,dnmjepk,2011,9,fall,00,2.333,9,61.5,57.9,4.0,0.0,2.2,
53261,2011-09-11 00:00:00,the dalles,OR,45.5947222,-121.1775,c21g6s3,2011,9,fall,00,3.667,22,80.1,48.6,0.0,0.0,1.5,
53262,2011-09-11 00:25:00,fishers,IN,39.9555556,-86.0138889,dp4g69w,2011,9,fall,00,3.667,22,64.4,57.7,60.0,0.0,3.4,
53263,2011-09-11 09:00:00,wasilla,AK,61.5813889,-149.4394444,bdvwr6t,2011,9,fall,09,3.667,22,42.8,39.6,18.0,0.0,2.5,
53264,2011-09-11 11:00:00,newberry,FL,29.6461111,-82.6066667,djm28hz,2011,9,fall,11,3.667,22,85.4,60.5,0.0,0.0,1.5,
53265,2011-09-11 19:30:00,ecorse,MI,42.2444444,-83.1458333,dpsb7fr,2011,9,fall,20,3.667,22,68.3,63.4,59.0,0.02,3.7,
53266,2011-09-11 20:00:00,los angeles,CA,34.0522222,-118.2427778,9q5ctr4,2011,9,fall,20,3.667,22,68.2,53.9,0.0,0.0,4.2,
53267,2011-09-11 20:20:00,oak lawn,IL,41.7108333,-87.7580556,dp3t710,2011,9,fall,20,3.667,22,73.4,59.4,14.0,0.0,5.4,
53268,2011-09-11 21:10:00,senatobia,MS,34.6175,-89.9686111,dn0hbty,2011,9,fall,21,3.667,22,73.3,63.4,21.0,0.0,2.9,
53269,2011-09-11 21:15:00,melvindale,MI,42.2825,-83.1752778,dpsbe33,2011,9,fall,21,3.667,22,66.8,62.7,34.0,0.0,4.5,
53270,2011-09-11 21:30:00,canton,MI,42.3086111,-83.4822222,dps8sq4,2011,9,fall,22,3.667,22,65.8,62.0,19.0,0.0,5.0,
53271,2011-09-11 22:30:00,bellevue,NE,41.1366667,-95.8905556,9z7f1bw,2011,9,fall,22,3.667,22,71.7,60.0,2.0,0.0,5.4,
53272,2011-09-11 22:45:00,detroit,MI,42.3313889,-83.0458333,dpsby4p,2011,9,fall,23,3.667,22,65.3,62.7,14.0,0.0,7.3,
53273,2011-09-12 01:00:00,greenville,NC,35.6125,-77.3666667,dq2fx7p,2011,9,fall,01,4.667,39,70.2,66.7,1.0,0.0,4.1,
53274,2011-09-12 02:55:00,dowagiac,MI,41.9841667,-86.1086111,dp6ybdc,2011,9,fall,03,4.667,39,63.4,57.9,7.0,0.0,5.8,
53275,2011-09-12 04:38:00,la vista,NE,41.1838889,-96.0308333,9z7dqc2,2011,9,fall,05,4.667,39,66.6,56.0,0.0,0.0,9.6,
53276,2011-09-12 14:45:00,la porte,TX,29.6655556,-95.0191667,9vk2vb3,2011,9,fall,15,4.667,39,98.2,59.0,22.0,0.0,6.4,
53277,2011-09-12 15:08:00,tupelo,MS,34.2575,-88.7033333,dn0fvs2,2011,9,fall,15,4.667,39,85.5,61.0,1.0,0.0,2.2,
53278,2011-09-12 20:00:00,vancouver,WA,45.6388889,-122.6602778,c20g8u3,2011,9,fall,20,4.667,39,74.2,56.9,0.0,0.0,3.5,
53279,2011-09-12 20:12:00,league city,TX,29.5072222,-95.0947222,9vhru5d,2011,9,fall,20,4.667,39,83.7,70.3,2.0,0.0,13.0,
53280,2011-09-12 20:30:00,casper,WY,42.8666667,-106.3125,9xs7ug9,2011,9,fall,20,4.667,39,74.7,34.3,76.0,0.01,6.4,
53281,2011-09-12 21:15:00,omaha,NE,41.2586111,-95.9375,9z7f8yu,2011,9,fall,21,4.667,39,78.6,61.9,24.0,0.0,5.6,
53282,2011-09-12 21:30:00,providence,RI,41.8238889,-71.4133333,drmjyvy,2011,9,fall,22,4.667,39,67.0,65.8,34.0,0.0,5.1,
53283,2011-09-12 22:00:00,destin,FL,30.3933333,-86.4958333,dj6kzsz,2011,9,fall,22,4.667,39,75.5,69.7,0.0,0.0,5.1,
53284,2011-09-12 23:00:00,kennedy,NY,42.1572222,-79.1022222,dprxzfr,2011,9,fall,23,4.667,39,63.2,61.5,33.0,0.0,8.4,
53285,2011-09-12 23:15:00,manchester,MO,38.5969444,-90.5091667,9yzes6m,2011,9,fall,23,4.667,39,71.6,57.9,0.0,0.0,7.3,
53286,2011-09-13 00:00:00,dundalk,MD,39.2505556,-76.5208333,dqcx69r,2011,9,fall,00,1.0,4,68.8,64.8,10.0,0.0,5.4,
53287,2011-09-13 01:00:00,silver springs,FL,29.2163889,-82.0577778,djjwhwx,2011,9,fall,01,1.0,4,76.2,68.5,0.0,0.0,4.2,
53288,2011-09-13 04:20:00,bismarck,MO,37.7691667,-90.6247222,9yxwcg9,2011,9,fall,04,1.0,4,67.4,54.8,11.0,0.0,9.2,
53289,2011-09-13 09:00:00,greer,SC,34.9386111,-82.2272222,dnjwbb7,2011,9,fall,09,1.0,4,69.8,57.3,0.0,0.0,3.4,
53290,2011-09-13 09:00:00,greer,SC,34.9386111,-82.2272222,dnjwbb7,2011,9,fall,09,1.0,4,69.8,57.3,0.0,0.0,3.4,
53291,2011-09-13 10:45:00,springer,OK,34.3144444,-97.1425,9y4gjqy,2011,9,fall,11,1.0,4,94.8,46.9,10.0,0.0,12.0,
53292,2011-09-13 13:00:00,fort edward,NY,43.2669444,-73.585,drewjs9,2011,9,fall,13,1.0,4,76.6,64.3,10.0,0.0,9.0,
53293,2011-09-13 18:45:00,manalapan,NJ,40.2572222,-74.3961111,dr5j50d,2011,9,fall,19,1.0,4,75.5,63.3,17.0,0.0,6.6,
53294,2011-09-13 19:30:00,cathedral city,CA,33.7797222,-116.4644444,9qj0jv3,2011,9,fall,20,1.0,4,80.4,60.9,67.0,0.0,3.4,
53295,2011-09-13 21:00:00,florence,KY,38.9988889,-84.6266667,dngvf78,2011,9,fall,21,1.0,4,75.7,59.6,12.0,0.0,6.8,
53296,2011-09-13 22:00:00,belleville,IL,38.52,-89.9838889,dnb50k7,2011,9,fall,22,1.0,4,77.4,63.1,93.0,0.0,6.5,
53297,2011-09-13 22:00:00,destin,FL,30.3933333,-86.4958333,dj6kzsz,2011,9,fall,22,1.0,4,78.5,72.2,27.0,0.0,5.0,
53298,2011-09-13 22:15:00,scottsbluff,NE,41.8666667,-103.6666667,9xqq1j8,2011,9,fall,22,1.0,4,61.0,55.1,18.0,0.0,5.6,
53299,2011-09-13 23:30:00,new carrollton,MD,38.9697222,-76.8802778,dqcmdw1,2011,9,fall,00,1.0,4,68.0,64.5,10.0,0.0,3.8,
53300,2011-09-14 00:00:00,lodi,CA,38.1302778,-121.2713889,9qcbbmk,2011,9,fall,00,1.667,6,69.3,57.3,0.0,0.0,2.0,
53301,2011-09-14 06:45:00,ojai,CA,34.4480556,-119.2419444,9q55yx4,2011,9,fall,07,1.667,6,66.3,62.6,3.0,0.0,1.4,
53302,2011-09-14 17:00:00,cave creek,AZ,33.8333333,-111.95,9w02kx0,2011,9,fall,17,1.667,6,83.9,51.7,8.0,0.0,7.6,
53303,2011-09-14 19:00:00,las vegas,NV,36.175,-115.1363889,9qqju12,2011,9,fall,19,1.667,6,74.8,52.7,88.0,0.0,2.4,
53304,2011-09-14 19:00:00,las vegas,NV,36.175,-115.1363889,9qqju12,2011,9,fall,19,1.667,6,74.8,52.7,88.0,0.0,2.4,
53305,2011-09-14 19:30:00,palm springs (north of),CA,33.8302778,-116.5444444,9qj07yw,2011,9,fall,20,1.667,6,80.8,63.7,25.0,0.0,2.9,
53306,2011-09-14 19:30:00,henderson,NV,36.0397222,-114.9811111,9qqjp8c,2011,9,fall,20,1.667,6,75.1,54.2,93.0,0.0,1.1,
53307,2011-09-14 19:40:00,pahrump,NV,36.2083333,-115.9830556,9qmtbxx,2011,9,fall,20,1.667,6,75.4,56.9,72.0,0.0,1.0,
53308,2011-09-14 19:45:00,phoenix,AZ,33.4483333,-112.0733333,9tbq39n,2011,9,fall,20,1.667,6,85.6,55.3,4.0,0.0,4.3,
53309,2011-09-14 19:45:00,pahrump,NV,36.2083333,-115.9830556,9qmtbxx,2011,9,fall,20,1.667,6,75.4,56.9,72.0,0.0,1.0,
53310,2011-09-14 19:45:00,las vegas,NV,36.175,-115.1363889,9qqju12,2011,9,fall,20,1.667,6,73.7,53.8,91.0,0.0,3.4,
53311,2011-09-14 19:45:00,henderson,NV,36.0397222,-114.9811111,9qqjp8c,2011,9,fall,20,1.667,6,75.1,54.2,93.0,0.0,1.1,
53312,2011-09-14 19:54:00,ramona,CA,33.0416667,-116.8672222,9mugux5,2011,9,fall,20,1.667,6,66.0,59.8,3.0,0.0,2.0,
53313,2011-09-14 20:00:00,portland,OR,45.5236111,-122.675,c20fbrq,2011,9,fall,20,1.667,6,65.5,50.7,24.0,0.0,6.0,
53314,2011-09-14 20:30:00,lake elsinore,CA,33.6680556,-117.3263889,9muxd1j,2011,9,fall,20,1.667,6,71.5,61.0,4.0,0.0,2.9,
53315,2011-09-14 20:30:00,lake elsinore,CA,33.6680556,-117.3263889,9muxd1j,2011,9,fall,20,1.667,6,71.5,61.0,4.0,0.0,2.9,
53316,2011-09-14 23:00:00,boulder,CO,40.015,-105.27,9xj5ss8,2011,9,fall,23,1.667,6,51.7,51.4,100.0,0.11,6.4,
53317,2011-09-14 23:30:00,naples,FL,26.1416667,-81.795,dhtudwy,2011,9,fall,00,1.667,6,79.3,71.5,16.0,0.0,7.7,
53318,2011-09-14 23:34:00,dresden,OH,40.1213889,-82.0108333,dpjsjzc,2011,9,fall,00,1.667,6,68.1,64.6,39.0,0.01,6.5,
53319,2011-09-15 00:00:00,wildwood,NJ,38.9916667,-74.8152778,dqfvcd1,2011,9,fall,00,0.333,2,73.7,68.4,6.0,0.0,7.2,
53320,2011-09-15 02:00:00,bloomington,MN,44.8408333,-93.2980556,9zvxhgn,2011,9,fall,02,0.333,2,44.7,32.7,0.0,0.0,4.8,
53321,2011-09-15 02:20:00,konawa,OK,34.9594444,-96.7525,9y5nyk4,2011,9,fall,02,0.333,2,63.4,49.7,24.0,0.0,12.4,
53322,2011-09-15 17:00:00,newark,DE,39.6836111,-75.75,dr41u20,2011,9,fall,17,0.333,2,65.8,58.3,94.0,0.0,14.6,
53323,2011-09-15 19:00:00,quincy,IL,39.9355556,-91.4097222,9zngpyj,2011,9,fall,19,0.333,2,59.1,32.5,100.0,0.0,2.7,
53324,2011-09-15 19:15:00,pahrump,NV,36.2083333,-115.9830556,9qmtbxx,2011,9,fall,19,0.333,2,81.7,52.6,59.0,0.0,4.2,
53325,2011-09-15 19:15:00,cary,NC,35.7913889,-78.7813889,dnrgx79,2011,9,fall,19,0.333,2,76.7,64.4,74.0,0.01,8.1,
53326,2011-09-15 19:30:00,glenarm,IL,39.6236111,-89.6488889,dp01rvr,2011,9,fall,20,0.333,2,56.9,33.6,100.0,0.0,5.2,
53327,2011-09-15 19:30:00,glenarm,IL,39.6236111,-89.6488889,dp01rvr,2011,9,fall,20,0.333,2,56.9,33.6,100.0,0.0,5.2,
53328,2011-09-15 19:45:00,chandler,AZ,33.3061111,-111.8405556,9tbmrp0,2011,9,fall,20,0.333,2,86.8,47.0,28.0,0.0,3.7,
53329,2011-09-15 20:00:00,east lansing,MI,42.7369444,-84.4838889,dpegjs0,2011,9,fall,20,0.333,2,54.4,33.7,44.0,0.0,3.7,
53330,2011-09-15 20:51:00,costa mesa,CA,33.6411111,-117.9177778,9mupksn,2011,9,fall,21,0.333,2,63.7,59.4,26.0,0.0,4.6,
53331,2011-09-15 21:00:00,anahola,HI,22.1452778,-159.3155556,87ytyxm,2011,9,fall,21,0.333,2,73.9,69.4,24.0,0.0,4.4,
53332,2011-09-15 21:15:00,chestertown,MD,39.2088889,-76.0669444,dqczj1c,2011,9,fall,21,0.333,2,59.6,46.5,98.0,0.0,14.6,
53333,2011-09-15 22:00:00,scranton,PA,41.4088889,-75.6627778,dr65w62,2011,9,fall,22,0.333,2,49.7,38.4,0.0,0.0,10.3,
53334,2011-09-16 03:10:00,odenton,MD,39.0838889,-76.7005556,dqcqqeh,2011,9,fall,03,2.667,12,53.7,40.8,21.0,0.0,8.4,
53335,2011-09-16 06:00:00,west chester,PA,39.8494444,-75.3561111,dr46tnr,2011,9,fall,06,2.667,12,51.2,39.8,0.0,0.0,5.7,
53336,2011-09-16 09:00:00,potsdam,NY,44.6697222,-74.9816667,drfwjgb,2011,9,fall,09,2.667,12,45.7,37.3,75.0,0.0,9.1,
53337,2011-09-16 11:16:00,sisters (in-flight),OR,44.2911111,-121.5480556,9rcefng,2011,9,fall,11,2.667,12,58.1,36.8,100.0,0.0,2.0,
53338,2011-09-16 19:30:00,blue diamond,NV,36.0463889,-115.4030556,9qmvjfn,2011,9,fall,20,2.667,12,77.9,45.9,0.0,0.0,5.8,
53339,2011-09-16 20:45:00,hudson,OH,41.24,-81.4408333,dpq4dg8,2011,9,fall,21,2.667,12,53.9,45.1,60.0,0.0,4.5,
53340,2011-09-16 21:15:00,wrightwood,CA,34.3608333,-117.6325,9qh77pn,2011,9,fall,21,2.667,12,56.6,48.3,0.0,0.0,2.4,
53341,2011-09-16 21:20:00,ramsey,MN,45.2461111,-93.4519444,cbj93ky,2011,9,fall,21,2.667,12,53.7,36.6,95.0,0.0,8.7,
53342,2011-09-16 22:30:00,boise,ID,43.6136111,-116.2025,9rv25ex,2011,9,fall,22,2.667,12,67.1,41.5,92.0,0.0,1.7,
53343,2011-09-16 22:30:00,lyndon station,WI,43.7122222,-89.8994444,dpb0dm9,2011,9,fall,22,2.667,12,49.1,39.1,0.0,0.0,3.5,
53344,2011-09-16 22:45:00,hollywood,CA,34.0983333,-118.3258333,9q5cgrm,2011,9,fall,23,2.667,12,62.0,57.4,19.0,0.0,2.5,
53345,2011-09-16 22:52:00,philadelphia,PA,39.9522222,-75.1641667,dr4e395,2011,9,fall,23,2.667,12,56.8,50.4,76.0,0.0,3.2,
53346,2011-09-16 23:15:00,provincetown,MA,42.0583333,-70.1791667,drqp703,2011,9,fall,23,2.667,12,59.1,41.6,100.0,0.0,13.4,
53347,2011-09-17 02:00:00,chicopee,MA,42.1486111,-72.6083333,drkrgbb,2011,9,fall,02,1.0,4,49.1,42.0,99.0,0.0,4.7,
53348,2011-09-17 02:23:00,clayton,NC,35.6505556,-78.4566667,dq24y9v,2011,9,fall,02,1.0,4,55.6,55.1,100.0,0.01,6.8,
53349,2011-09-17 02:42:00,plano,TX,33.0197222,-96.6986111,9vg5ze4,2011,9,fall,03,1.0,4,73.8,58.3,30.0,0.0,9.9,
53350,2011-09-17 04:31:00,fort worth,TX,32.7252778,-97.3205556,9vff1mm,2011,9,fall,05,1.0,4,73.9,65.2,19.0,0.0,11.0,
53351,2011-09-17 05:30:00,mehlville,MO,38.5083333,-90.3227778,9yzg0dh,2011,9,fall,06,1.0,4,56.3,41.0,36.0,0.0,2.7,
53352,2011-09-17 09:50:00,bartlett,IL,41.995,-88.1855556,dp3qckc,2011,9,fall,10,1.0,4,58.0,45.1,32.0,0.0,6.6,
53353,2011-09-17 10:00:00,alamogordo,NM,32.8994444,-105.9597222,9tuehv4,2011,9,fall,10,1.0,4,71.7,53.4,9.0,0.0,4.0,
53354,2011-09-17 18:30:00,salem,OH,40.9008333,-80.8569444,dpq88jc,2011,9,fall,18,1.0,4,63.8,45.9,26.0,0.0,5.1,
53355,2011-09-17 19:00:00,naperville,IL,41.7858333,-88.1472222,dp3mdnv,2011,9,fall,19,1.0,4,63.1,46.1,31.0,0.0,7.4,
53356,2011-09-17 19:45:00,jackson,OH,39.0519444,-82.6366667,dnvnpt1,2011,9,fall,20,1.0,4,61.2,54.8,42.0,0.0,5.7,
53357,2011-09-17 19:55:00,avon,IN,39.7627778,-86.3997222,dp4d1yt,2011,9,fall,20,1.0,4,64.8,46.6,11.0,0.0,4.5,
53358,2011-09-17 20:05:00,west warwick,RI,41.7,-71.4166667,drmjnz7,2011,9,fall,20,1.0,4,57.9,46.8,95.0,0.0,5.6,
53359,2011-09-17 20:30:00,huntersville,WV,38.1886111,-80.0163889,dnz170j,2011,9,fall,20,1.0,4,51.8,44.4,65.0,0.0,5.2,
53360,2011-09-17 20:30:00,girard,IL,39.4463889,-89.7808333,dp00kuz,2011,9,fall,20,1.0,4,62.5,50.5,99.0,0.0,4.0,
53361,2011-09-17 20:45:00,lake in the hills,IL,42.1816667,-88.3302778,dp3pvyz,2011,9,fall,21,1.0,4,59.7,46.1,45.0,0.0,6.8,
53362,2011-09-17 21:00:00,warsaw,IN,41.2380556,-85.8530556,dp6fw75,2011,9,fall,21,1.0,4,59.7,45.1,3.0,0.0,10.8,
53363,2011-09-17 21:00:00,leonard,MI,42.8652778,-83.1427778,dpsgu53,2011,9,fall,21,1.0,4,55.7,44.3,0.0,0.0,6.2,
53364,2011-09-17 21:17:00,anthony,NM,32.0038889,-106.6052778,9tsnn4h,2011,9,fall,21,1.0,4,73.7,56.0,6.0,0.0,5.1,
53365,2011-09-17 21:26:00,joshua tree,CA,34.1347222,-116.3122222,9qj61q0,2011,9,fall,21,1.0,4,79.1,41.3,0.0,0.0,2.6,
53366,2011-09-17 21:30:00,chelsea,AL,33.34,-86.6302778,djfmstm,2011,9,fall,22,1.0,4,71.1,60.4,1.0,0.0,6.5,
53367,2011-09-17 21:30:00,monticello,IN,40.7452778,-86.7647222,dp4rc97,2011,9,fall,22,1.0,4,60.8,44.3,60.0,0.0,6.9,
53368,2011-09-17 22:00:00,rockledge,PA,40.0811111,-75.09,dr4s529,2011,9,fall,22,1.0,4,55.6,47.9,5.0,0.0,5.9,
53369,2011-09-17 23:00:00,st. augustine,FL,29.8944444,-81.3147222,djq4jdh,2011,9,fall,23,1.0,4,76.0,71.9,67.0,0.02,12.3,
53370,2011-09-17 23:00:00,defiance,MO,38.6635,-90.8184,9yz7vqk,2011,9,fall,23,1.0,4,56.9,55.5,100.0,0.03,6.7,
53371,2011-09-18 00:30:00,troy,OH,40.0394444,-84.2033333,dph5gbv,2011,9,fall,00,0.0,0,55.4,50.8,1.0,0.0,5.7,
53372,2011-09-18 03:00:00,martinez,CA,38.0194444,-122.1330556,9qc0kc1,2011,9,fall,03,0.0,0,58.5,55.1,0.0,0.0,3.5,
53373,2011-09-18 03:45:00,thonotosassa,FL,28.0611111,-82.3025,dhvrxhm,2011,9,fall,04,0.0,0,75.5,71.6,11.0,0.0,7.3,
53374,2011-09-18 05:30:00,delton,MI,42.4997222,-85.4080556,dpe3b2z,2011,9,fall,06,0.0,0,50.2,47.1,56.0,0.0,7.3,
53375,2011-09-18 06:00:00,chandler,AZ,33.3061111,-111.8405556,9tbmrp0,2011,9,fall,06,0.0,0,66.5,39.6,0.0,0.0,2.9,
53376,2011-09-18 06:00:00,queen creek,AZ,33.2486111,-111.6336111,9tbt5sw,2011,9,fall,06,0.0,0,67.2,41.3,0.0,0.0,2.9,
53377,2011-09-18 18:45:00,new berlin,WI,42.9763889,-88.1083333,dp9k7p9,2011,9,fall,19,0.0,0,58.9,56.5,100.0,0.04,12.7,
53378,2011-09-18 20:15:00,alpine,UT,40.4533333,-111.7772222,9x0w0kq,2011,9,fall,20,0.0,0,65.9,48.6,1.0,0.0,3.4,
53379,2011-09-18 21:00:00,la barge,WY,42.2619444,-110.1938889,9x98kmx,2011,9,fall,21,0.0,0,53.1,44.0,0.0,0.0,4.2,
53380,2011-09-18 22:00:00,ukiah,CA,39.1502778,-123.2066667,9qbqsr5,2011,9,fall,22,0.0,0,71.0,51.2,0.0,0.0,3.2,
53381,2011-09-18 22:00:00,winter haven,FL,28.0219444,-81.7330556,dhvzkj5,2011,9,fall,22,0.0,0,77.9,71.1,37.0,0.0,8.6,
53382,2011-09-18 22:30:00,hayward,CA,37.6688889,-122.0797222,9q9nq12,2011,9,fall,22,0.0,0,67.7,55.3,0.0,0.0,4.1,
53383,2011-09-18 22:35:00,las vegas,NV,36.175,-115.1363889,9qqju12,2011,9,fall,23,0.0,0,77.5,39.6,0.0,0.0,4.7,
53384,2011-09-18 23:00:00,fremont,OH,41.3502778,-83.1219444,dpkghx8,2011,9,fall,23,0.0,0,63.9,52.7,93.0,0.0,11.1,
53385,2011-09-18 23:00:00,pitman,NJ,39.7327778,-75.1319444,dr4d434,2011,9,fall,23,0.0,0,57.4,49.8,0.0,0.0,4.0,
53386,2011-09-18 23:45:00,naples,FL,26.1416667,-81.795,dhtudwy,2011,9,fall,00,0.0,0,78.5,71.3,12.0,0.0,9.8,
53387,2011-09-19 00:00:00,crete,IL,41.4444444,-87.6313889,dp3evbs,2011,9,fall,00,3.0,15,64.3,63.3,100.0,0.06,11.0,
53388,2011-09-19 17:30:00,lake jackson,TX,29.0336111,-95.4341667,9vhjhm6,2011,9,fall,18,3.0,15,80.8,72.1,59.0,0.0,3.9,
53389,2011-09-19 20:30:00,tucson,AZ,32.2216667,-110.9258333,9t9p7cf,2011,9,fall,20,3.0,15,91.3,34.9,0.0,0.0,6.4,
53390,2011-09-19 20:30:00,kennewick,WA,46.2113889,-119.1361111,c25qbux,2011,9,fall,20,3.0,15,73.6,36.9,48.0,0.0,5.2,
53391,2011-09-19 20:50:00,round lake beach,IL,42.3716667,-88.09,dp9353w,2011,9,fall,21,3.0,15,61.5,53.9,9.0,0.0,3.8,
53392,2011-09-19 21:00:00,greeley,CO,40.4233333,-104.7086111,9xjtcqc,2011,9,fall,21,3.0,15,67.5,43.6,36.0,0.0,4.1,
53393,2011-09-19 21:55:00,cleveland,OH,41.4994444,-81.6955556,dpmuhfx,2011,9,fall,22,3.0,15,63.4,62.0,100.0,0.07,12.6,
53394,2011-09-19 22:00:00,yerington,NV,38.9858333,-119.1619444,9qgmb3h,2011,9,fall,22,3.0,15,77.7,25.4,0.0,0.0,0.5,
53395,2011-09-19 22:00:00,presque isle,ME,46.6811111,-68.0163889,f2r9s4p,2011,9,fall,22,3.0,15,49.0,45.0,1.0,0.0,5.5,
53396,2011-09-19 23:25:00,lawrence,KS,38.9716667,-95.235,9yum8ye,2011,9,fall,23,3.0,15,65.8,52.4,0.0,0.0,6.4,
53397,2011-09-20 01:30:00,woodbury,MN,44.9238889,-92.9591667,9zvzsdj,2011,9,fall,02,0.0,0,56.5,41.1,93.0,0.0,8.8,
53398,2011-09-20 01:55:00,portland,OR,45.5236111,-122.675,c20fbrq,2011,9,fall,02,0.0,0,55.0,49.9,0.0,0.0,3.4,
53399,2011-09-20 02:00:00,bastrop,LA,32.7561111,-91.8722222,9vydm7h,2011,9,fall,02,0.0,0,70.9,67.7,9.0,0.0,3.5,
53400,2011-09-20 03:20:00,corpus christi,TX,27.8002778,-97.3961111,9ufwpsy,2011,9,fall,03,0.0,0,78.7,75.2,12.0,0.0,4.5,
53401,2011-09-20 06:33:00,sioux falls,SD,43.55,-96.7,9zepz81,2011,9,fall,07,0.0,0,61.9,47.7,19.0,0.0,13.1,
53402,2011-09-20 17:30:00,baltimore,MD,39.2902778,-76.6125,dqcx88s,2011,9,fall,18,0.0,0,69.7,62.9,80.0,0.0,4.8,
53403,2011-09-20 20:40:00,flagstaff,AZ,35.1980556,-111.6505556,9w285rd,2011,9,fall,21,0.0,0,60.7,47.0,7.0,0.0,0.9,
53404,2011-09-20 20:45:00,talent,OR,42.2458333,-122.7875,9r88mfs,2011,9,fall,21,0.0,0,73.2,41.7,0.0,0.0,2.8,
53405,2011-09-20 21:35:00,minot,ND,48.2325,-101.2958333,c8xfquq,2011,9,fall,22,0.0,0,51.7,44.1,100.0,0.0,16.0,
53406,2011-09-20 22:00:00,centralia,WA,46.7163889,-122.9530556,c229f0k,2011,9,fall,22,0.0,0,61.1,56.9,100.0,0.0,1.9,
53407,2011-09-20 22:00:00,micco,FL,27.8802778,-80.5005556,dhyy85m,2011,9,fall,22,0.0,0,79.6,74.1,87.0,0.0,7.3,
53408,2011-09-20 22:00:00,ottawa,IL,41.3455556,-88.8425,dp2g4qd,2011,9,fall,22,0.0,0,64.1,55.0,4.0,0.0,8.5,
53409,2011-09-20 22:00:00,moses lake,WA,47.1302778,-119.2769444,c27hjgc,2011,9,fall,22,0.0,0,63.1,36.3,1.0,0.0,2.4,
53410,2011-09-20 22:02:00,batesville,IN,39.3,-85.2222222,dngrsdr,2011,9,fall,22,0.0,0,68.1,62.2,83.0,0.0,4.9,
53411,2011-09-20 22:25:00,ashland,KY,38.4783333,-82.6380556,dnv4zsb,2011,9,fall,22,0.0,0,67.9,65.4,65.0,0.0,5.1,
53412,2011-09-21 00:00:00,portland,OR,45.5236111,-122.675,c20fbrq,2011,9,fall,00,0.333,2,59.7,53.9,98.0,0.0,0.4,
53413,2011-09-21 03:00:00,florence,KY,38.9988889,-84.6266667,dngvf78,2011,9,fall,03,0.333,2,66.2,62.3,80.0,0.0,4.3,
53414,2011-09-21 07:00:00,arley,AL,34.0788889,-87.2122222,dn1cz7v,2011,9,fall,07,0.333,2,66.4,66.1,100.0,0.0,3.0,
53415,2011-09-21 11:00:00,parker,CO,39.5186111,-104.7608333,9xj8b45,2011,9,fall,11,0.333,2,58.4,38.7,5.0,0.0,1.4,
53416,2011-09-21 20:00:00,salem,OR,44.9430556,-123.0338889,9rbx8m9,2011,9,fall,20,0.333,2,73.0,48.6,97.0,0.0,4.2,
53417,2011-09-21 20:15:00,canby,OR,45.2630556,-122.6913889,c20c2pf,2011,9,fall,20,0.333,2,74.6,54.5,97.0,0.0,1.3,
53418,2011-09-21 20:30:00,tillamook,OR,45.4563889,-123.8427778,c0pftgh,2011,9,fall,20,0.333,2,62.4,55.2,97.0,0.0,2.4,
53419,2011-09-21 21:30:00,maple grove,MN,45.0725,-93.4555556,cbj83m5,2011,9,fall,22,0.333,2,51.8,43.9,100.0,0.0,11.4,
53420,2011-09-21 23:30:00,grand rapids,MI,42.9633333,-85.6680556,dpeh6t4,2011,9,fall,00,0.333,2,60.9,51.8,9.0,0.0,9.1,
53421,2011-09-22 13:15:00,russell springs,KY,37.0561111,-85.0886111,dne6zcb,2011,9,fall,13,0.333,2,77.8,60.8,26.0,0.0,2.7,
53422,2011-09-22 18:00:00,harleysville,PA,40.2794444,-75.3875,dr4mhs8,2011,9,fall,18,0.333,2,74.3,69.0,100.0,0.0,2.1,
53423,2011-09-22 22:15:00,tempe,AZ,33.4147222,-111.9086111,9tbqj6y,2011,9,fall,22,0.333,2,90.0,29.9,0.0,0.0,0.8,
53424,2011-09-22 22:25:00,vista,CA,33.2,-117.2416667,9musu5g,2011,9,fall,22,0.333,2,67.8,63.2,4.0,0.0,2.2,
53425,2011-09-23 00:00:00,mulino,OR,45.2216667,-122.5808333,c20c687,2011,9,fall,00,0.0,0,64.1,60.2,90.0,0.0,3.9,
53426,2011-09-23 03:00:00,cocoa,FL,28.3858333,-80.7422222,djn96xm,2011,9,fall,03,0.0,0,80.7,75.2,92.0,0.0,8.9,
53427,2011-09-23 09:45:00,oklahoma city,OK,35.4675,-97.5161111,9y69ubw,2011,9,fall,10,0.0,0,64.5,50.8,0.0,0.0,9.1,
53428,2011-09-23 10:00:00,miami,FL,25.7738889,-80.1938889,dhwfx5u,2011,9,fall,10,0.0,0,81.8,74.3,100.0,0.0,4.5,
53429,2011-09-23 11:15:00,grand rapids,MI,42.9633333,-85.6680556,dpeh6t4,2011,9,fall,11,0.0,0,57.9,48.8,43.0,0.0,3.4,
53430,2011-09-23 13:19:00,yakima,WA,46.6022222,-120.5047222,c2631ge,2011,9,fall,13,0.0,0,84.7,50.8,0.0,0.0,5.4,
53431,2011-09-23 16:30:00,munford,TN,35.4491667,-89.815,dn21sjq,2011,9,fall,16,0.0,0,72.6,49.5,0.0,0.0,3.6,
53432,2011-09-23 18:00:00,lubbock,TX,33.5777778,-101.8547222,9tzx40x,2011,9,fall,18,0.0,0,83.7,39.6,0.0,0.0,1.8,
53433,2011-09-23 18:45:00,waynesboro,GA,33.0897222,-82.0158333,djvsjxv,2011,9,fall,19,0.0,0,79.3,71.0,47.0,0.0,2.1,
53434,2011-09-23 19:15:00,island park,NY,40.6041667,-73.6558333,dr5wgzv,2011,9,fall,19,0.0,0,69.2,68.4,100.0,0.08,7.8,
53435,2011-09-23 19:50:00,happy valley,OR,45.4469444,-122.5291667,c20fec2,2011,9,fall,20,0.0,0,70.3,60.2,0.0,0.0,2.7,
53436,2011-09-23 20:00:00,miami,FL,25.7738889,-80.1938889,dhwfx5u,2011,9,fall,20,0.0,0,79.5,74.4,100.0,0.01,2.0,
53437,2011-09-23 21:15:00,hugo,MN,45.16,-92.9930556,cbjbgvh,2011,9,fall,21,0.0,0,54.9,42.6,54.0,0.0,3.2,
53438,2011-09-23 22:57:00,mechanicsburg,PA,40.2141667,-77.0088889,dr1hz8g,2011,9,fall,23,0.0,0,65.8,65.7,100.0,0.0,2.0,
53439,2011-09-23 23:00:00,indian rocks beach,FL,27.875,-82.8513889,dhvnddm,2011,9,fall,23,0.0,0,79.0,75.0,79.0,0.0,5.4,
53440,2011-09-24 00:00:00,kimball,WI,46.4819444,-90.3058333,cbrb3jc,2011,9,fall,00,0.333,2,49.0,46.9,70.0,0.0,4.3,
53441,2011-09-24 01:20:00,pasco,FL,28.3244444,-82.3372222,djj3nk7,2011,9,fall,01,0.333,2,75.3,73.9,37.0,0.0,2.9,
53442,2011-09-24 02:35:00,bellevue,WA,47.6105556,-122.1994444,c23ng71,2011,9,fall,03,0.333,2,61.7,60.0,60.0,0.0,6.1,
53443,2011-09-24 03:30:00,las vegas,NV,36.175,-115.1363889,9qqju12,2011,9,fall,04,0.333,2,76.8,25.4,10.0,0.0,5.4,
53444,2011-09-24 03:40:00,st. augustine,FL,29.8944444,-81.3147222,djq4jdh,2011,9,fall,04,0.333,2,77.5,74.6,51.0,0.02,2.8,
53445,2011-09-24 03:48:00,las vegas,NV,36.175,-115.1363889,9qqju12,2011,9,fall,04,0.333,2,76.8,25.4,10.0,0.0,5.4,
53446,2011-09-24 04:30:00,amarillo,TX,35.2219444,-101.8308333,9wr86gc,2011,9,fall,04,0.333,2,60.1,38.8,32.0,0.0,5.6,
53447,2011-09-24 11:15:00,maryville,TN,35.7563889,-83.9705556,dnk73jq,2011,9,fall,11,0.333,2,63.9,56.4,62.0,0.0,3.7,
53448,2011-09-24 14:25:00,estes park,CO,40.3772222,-105.5211111,9xhvwy3,2011,9,fall,14,0.333,2,72.4,38.5,90.0,0.0,5.6,
53449,2011-09-24 15:00:00,newaygo,MI,43.4197222,-85.8,dpdzp86,2011,9,fall,15,0.333,2,64.2,43.9,45.0,0.0,5.8,
53450,2011-09-24 20:00:00,wyandotte,MI,42.2141667,-83.15,dpsb5uu,2011,9,fall,20,0.333,2,61.9,53.3,64.0,0.0,6.5,
53451,2011-09-24 20:30:00,wyandotte,MI,42.2141667,-83.15,dpsb5uu,2011,9,fall,20,0.333,2,61.9,53.3,64.0,0.0,6.5,
53452,2011-09-24 20:35:00,lakin,KS,37.9405556,-101.2544444,9wxzzfu,2011,9,fall,21,0.333,2,77.7,39.7,97.0,0.0,8.2,
53453,2011-09-24 21:30:00,santa barbara,CA,34.4208333,-119.6972222,9q4gu4p,2011,9,fall,22,0.333,2,63.5,59.7,1.0,0.0,4.5,
53454,2011-09-24 22:00:00,burnsville,MN,44.7677778,-93.2775,9zvwtmt,2011,9,fall,22,0.333,2,53.1,41.3,2.0,0.0,4.1,
53455,2011-09-24 22:30:00,stratford,CT,41.1844444,-73.1336111,dr7frc3,2011,9,fall,22,0.333,2,70.2,68.9,100.0,0.0,2.5,
53456,2011-09-24 22:30:00,davenport,FL,28.1611111,-81.6019444,djjbpne,2011,9,fall,22,0.333,2,77.9,74.7,75.0,0.0,3.4,
53457,2011-09-24 22:38:00,palm desert,CA,33.7222222,-116.3736111,9mvpzfg,2011,9,fall,23,0.333,2,75.5,56.0,0.0,0.0,5.0,
53458,2011-09-24 23:00:00,fairport,NY,43.0986111,-77.4422222,dr8vjvb,2011,9,fall,23,0.333,2,62.6,57.1,99.0,0.0,3.6,
53459,2011-09-24 23:20:00,clemson,SC,34.6833333,-82.8375,dnjj6cz,2011,9,fall,23,0.333,2,69.9,66.5,50.0,0.0,4.7,
53460,2011-09-24 23:25:00,miami,FL,25.7738889,-80.1938889,dhwfx5u,2011,9,fall,23,0.333,2,79.4,74.9,93.0,0.0,3.3,
53461,2011-09-24 23:30:00,lemoore,CA,36.3008333,-119.7819444,9q6yd23,2011,9,fall,00,0.333,2,78.0,52.5,4.0,0.0,4.0,
53462,2011-09-25 01:10:00,dayton,OH,39.7588889,-84.1916667,dph4hjv,2011,9,fall,01,0.667,3,58.6,49.6,20.0,0.0,6.9,
53463,2011-09-25 04:45:00,glendale (luke airforce base),AZ,33.5386111,-112.1852778,9tbnz1t,2011,9,fall,05,0.667,3,83.3,40.5,14.0,0.0,4.0,
53464,2011-09-25 05:30:00,westminster,CA,33.7591667,-118.0058333,9qh049w,2011,9,fall,06,0.667,3,60.0,56.8,47.0,0.0,2.9,
53465,2011-09-25 06:00:00,portland,OR,45.5236111,-122.675,c20fbrq,2011,9,fall,06,0.667,3,61.2,54.2,76.0,0.0,9.5,
53466,2011-09-25 17:00:00,marion,AR,35.2144444,-90.1963889,9yrb7d8,2011,9,fall,17,0.667,3,73.8,67.5,88.0,0.2,5.7,
53467,2011-09-25 18:10:00,marcell,MN,47.5930556,-93.6905556,cbmqu00,2011,9,fall,18,0.667,3,60.8,47.4,33.0,0.0,5.4,
53468,2011-09-25 19:30:00,philadelphia,PA,39.9522222,-75.1641667,dr4e395,2011,9,fall,20,0.667,3,73.0,68.1,100.0,0.0,0.7,
53469,2011-09-25 19:30:00,gulfport,MS,30.3672222,-89.0927778,dj2su8h,2011,9,fall,20,0.667,3,77.5,70.3,9.0,0.0,8.5,
53470,2011-09-25 20:22:00,dolores,CO,37.4738889,-108.5038889,9wdv4vv,2011,9,fall,20,0.667,3,63.9,24.0,0.0,0.0,5.4,
53471,2011-09-25 20:30:00,glenarm,IL,39.6236111,-89.6488889,dp01rvr,2011,9,fall,20,0.667,3,60.6,43.3,88.0,0.0,3.8,
53472,2011-09-25 20:46:00,ft. smith,AR,35.3858333,-94.3983333,9ykc7cv,2011,9,fall,21,0.667,3,66.5,54.0,0.0,0.0,7.5,
53473,2011-09-25 20:55:00,johnson,VT,44.6355556,-72.6808333,drumfje,2011,9,fall,21,0.667,3,63.1,61.7,47.0,0.0,3.1,
53474,2011-09-25 21:00:00,bend,OR,44.0583333,-121.3141667,9rcdxkt,2011,9,fall,21,0.667,3,50.7,36.8,3.0,0.0,2.9,
53475,2011-09-25 21:00:00,florence,OR,43.9827778,-124.0986111,9pzf0nf,2011,9,fall,21,0.667,3,57.7,54.1,92.0,0.0,6.7,
53476,2011-09-25 21:00:00,anaheim,CA,33.8352778,-117.9136111,9qh0kz9,2011,9,fall,21,0.667,3,61.9,57.3,70.0,0.0,4.8,
53477,2011-09-25 22:00:00,tenino,WA,46.8569444,-122.8516667,c22ds6n,2011,9,fall,22,0.667,3,54.2,50.0,21.0,0.0,5.5,
53478,2011-09-25 22:30:00,charlton,MA,42.1355556,-71.9705556,drkzdq8,2011,9,fall,22,0.667,3,68.0,67.3,100.0,0.0,2.6,
53479,2011-09-25 23:35:00,scranton,PA,41.4088889,-75.6627778,dr65w62,2011,9,fall,00,0.667,3,64.5,63.1,41.0,0.0,2.9,
53480,2011-09-25 23:40:00,phillips,ME,44.8230556,-70.34,drvyzrg,2011,9,fall,00,0.667,3,64.9,64.8,100.0,0.0,0.3,
53481,2011-09-25 23:45:00,camp verde,AZ,34.5636111,-111.8536111,9w0kwsn,2011,9,fall,00,0.667,3,76.3,31.6,20.0,0.0,4.3,
53482,2011-09-26 02:41:00,ludowici,GA,31.7077778,-81.7425,djtu7uh,2011,9,fall,03,4.667,39,74.3,73.7,51.0,0.0,3.6,
53483,2011-09-26 02:45:00,houston,TX,29.7630556,-95.3630556,9vk1mfn,2011,9,fall,03,4.667,39,78.3,74.0,1.0,0.0,10.7,
53484,2011-09-26 04:45:00,glendale (luke airforce base),AZ,33.5386111,-112.1852778,9tbnz1t,2011,9,fall,05,4.667,39,75.6,33.3,0.0,0.0,2.5,
53485,2011-09-26 09:20:00,georgetown,SC,33.3766667,-79.2947222,djztgs5,2011,9,fall,09,4.667,39,76.9,74.2,93.0,0.0,3.8,
53486,2011-09-26 18:15:00,towson,MD,39.4013889,-76.6022222,dr180ug,2011,9,fall,18,4.667,39,73.6,68.2,100.0,0.0,3.0,
53487,2011-09-26 18:30:00,maine,NY,42.1925,-76.0613889,dr9bj0v,2011,9,fall,18,4.667,39,74.5,67.1,32.0,0.0,4.9,
53488,2011-09-26 19:45:00,myrtle beach,SC,33.6888889,-78.8869444,djzzsuu,2011,9,fall,20,4.667,39,73.8,72.1,92.0,0.0,6.1,
53489,2011-09-26 21:10:00,watsontown,PA,41.0844444,-76.8641667,dr33dzj,2011,9,fall,21,4.667,39,68.6,65.6,40.0,0.0,4.9,
53490,2011-09-26 21:30:00,boise,ID,43.6136111,-116.2025,9rv25ex,2011,9,fall,22,4.667,39,67.3,40.1,0.0,0.0,2.6,
53491,2011-09-26 21:30:00,bondville,VT,43.1447222,-72.8761111,drsjmwm,2011,9,fall,22,4.667,39,64.7,63.3,7.0,0.0,2.6,
53492,2011-09-26 21:40:00,san francisco,CA,37.775,-122.4183333,9q8yyk9,2011,9,fall,22,4.667,39,60.1,52.1,14.0,0.0,3.0,
53493,2011-09-26 23:00:00,owego,NY,42.1033333,-76.2625,dr3z88e,2011,9,fall,23,4.667,39,66.7,64.9,54.0,0.0,4.3,
53494,2011-09-27 03:45:00,holland,MI,42.7875,-86.1088889,dpdg2t1,2011,9,fall,04,4.667,39,56.4,47.3,99.0,0.0,9.4,
53495,2011-09-27 04:30:00,richmond,KY,37.7477778,-84.2947222,dnsn9zf,2011,9,fall,04,4.667,39,53.1,52.8,5.0,0.0,5.5,
53496,2011-09-27 12:45:00,st. simons island,GA,31.1502778,-81.3697222,djw1hqs,2011,9,fall,13,4.667,39,81.1,72.6,92.0,0.0,2.9,
53497,2011-09-27 17:30:00,broomfield,CO,39.9205556,-105.0861111,9xj70eq,2011,9,fall,18,4.667,39,75.9,32.9,0.0,0.0,3.8,
53498,2011-09-27 19:20:00,arcadia,CA,34.1397222,-118.0344444,9qh44nc,2011,9,fall,19,4.667,39,77.1,59.7,0.0,0.0,3.4,
53499,2011-09-27 20:00:00,little rock,AR,34.7463889,-92.2894444,9ynmevk,2011,9,fall,20,4.667,39,75.6,51.6,0.0,0.0,4.6,
53500,2011-09-27 20:30:00,cheektowaga (buffalo),NY,42.9033333,-78.755,dpxupfk,2011,9,fall,20,4.667,39,66.1,64.2,78.0,0.0,2.4,
53501,2011-09-27 21:00:00,eugene,OR,44.0522222,-123.0855556,9rb6x57,2011,9,fall,21,4.667,39,59.6,46.2,92.0,0.0,3.9,
53502,2011-09-27 21:30:00,englewood,FL,26.9616667,-82.3527778,dhv3qh0,2011,9,fall,22,4.667,39,79.9,73.3,7.0,0.0,6.3,
53503,2011-09-27 21:34:00,tucson,AZ,32.2216667,-110.9258333,9t9p7cf,2011,9,fall,22,4.667,39,80.0,53.1,17.0,0.0,4.1,
53504,2011-09-27 21:45:00,gastonia,NC,35.2619444,-81.1875,dnq28e1,2011,9,fall,22,4.667,39,72.5,65.0,59.0,0.0,6.7,
53505,2011-09-27 23:00:00,cary,NC,35.7913889,-78.7813889,dnrgx79,2011,9,fall,23,4.667,39,69.3,68.2,52.0,0.0,5.5,
53506,2011-09-28 00:00:00,kent,OH,41.1536111,-81.3580556,dpq4heu,2011,9,fall,00,5.0,48,58.7,49.5,34.0,0.0,4.6,
53507,2011-09-28 09:52:00,tarrytown,NY,41.0761111,-73.8591667,dr73xm9,2011,9,fall,10,5.0,48,67.6,67.0,100.0,0.0,7.8,
53508,2011-09-28 12:30:00,st. simons island,GA,31.1502778,-81.3697222,djw1hqs,2011,9,fall,12,5.0,48,81.9,73.8,77.0,0.0,3.5,
53509,2011-09-28 16:15:00,albany,OR,44.6366667,-123.1047222,9rbmytv,2011,9,fall,16,5.0,48,72.4,44.5,0.0,0.0,9.0,
53510,2011-09-28 20:00:00,burlington,VT,44.4758333,-73.2125,drgvn08,2011,9,fall,20,5.0,48,66.6,56.9,80.0,0.0,8.9,
53511,2011-09-28 20:00:00,kappa,IL,40.6758333,-89.0077778,dp0xqsf,2011,9,fall,20,5.0,48,60.5,50.9,53.0,0.0,4.6,
53512,2011-09-28 20:50:00,stayton,OR,44.8008333,-122.7933333,9rbwvg8,2011,9,fall,21,5.0,48,59.0,44.4,0.0,0.0,4.3,
53513,2011-09-28 20:55:00,vancouver,WA,45.6388889,-122.6602778,c20g8u3,2011,9,fall,21,5.0,48,62.0,34.5,28.0,0.0,7.8,
53514,2011-09-28 21:00:00,greenwood,SD,42.9230556,-98.3880556,9zdh1ju,2011,9,fall,21,5.0,48,71.7,49.8,0.0,0.0,6.0,
53515,2011-09-28 21:00:00,yachats (south of),OR,44.3113889,-124.1036111,9pzspfw,2011,9,fall,21,5.0,48,59.1,51.3,0.0,0.0,6.1,
53516,2011-09-28 21:05:00,lindsborg,KS,38.5736111,-97.6741667,9yfe3q5,2011,9,fall,21,5.0,48,74.3,57.4,0.0,0.0,5.1,
53517,2011-09-28 21:18:00,evergreen,CO,39.6333333,-105.3166667,9xj17rn,2011,9,fall,21,5.0,48,59.7,37.5,35.0,0.0,5.6,
53518,2011-09-28 21:55:00,bunn,NC,35.9608333,-78.2538889,dq2ke63,2011,9,fall,22,5.0,48,70.9,69.1,22.0,0.0,6.3,
53519,2011-09-28 22:00:00,sultan,WA,47.8627778,-121.8152778,c292k10,2011,9,fall,22,5.0,48,54.3,45.1,24.0,0.0,5.0,
53520,2011-09-28 22:15:00,sonoma,CA,38.2919444,-122.4569444,9qbcv6v,2011,9,fall,22,5.0,48,71.3,63.1,71.0,0.0,2.7,
53521,2011-09-28 22:45:00,manchester,CT,41.7758333,-72.5219444,drkmttp,2011,9,fall,23,5.0,48,64.5,63.4,100.0,0.02,6.9,
53522,2011-09-29 01:26:00,idaho falls,ID,43.4666667,-112.0333333,9x8r68g,2011,9,fall,01,0.333,2,61.0,39.7,0.0,0.0,5.3,
53523,2011-09-29 03:00:00,duluth,GA,34.0027778,-84.1447222,dnh1mnp,2011,9,fall,03,0.333,2,62.4,59.3,100.0,0.0,3.8,
53524,2011-09-29 04:11:00,auburn,WA,47.3075,-122.2272222,c23j4sh,2011,9,fall,04,0.333,2,46.5,40.3,33.0,0.0,3.6,
53525,2011-09-29 05:00:00,long beach,CA,33.7669444,-118.1883333,9q5bne1,2011,9,fall,05,0.333,2,59.6,58.1,60.0,0.0,3.8,
53526,2011-09-29 17:45:00,bellevue,PA,40.4938889,-80.0519444,dppn67e,2011,9,fall,18,0.333,2,62.9,49.4,43.0,0.0,7.4,
53527,2011-09-29 19:35:00,burbank,CA,34.1808333,-118.3080556,9q5f7y6,2011,9,fall,20,0.333,2,72.1,59.8,0.0,0.0,2.1,
53528,2011-09-29 20:30:00,christopher,IL,37.9725,-89.0533333,dnb8j89,2011,9,fall,20,0.333,2,70.9,48.1,47.0,0.0,11.1,
53529,2011-09-29 20:53:00,north myrtle beach,SC,33.8158333,-78.6802778,dq003ef,2011,9,fall,21,0.333,2,75.5,68.3,0.0,0.0,4.8,
53530,2011-09-29 21:00:00,myrtle beach,SC,33.6888889,-78.8869444,djzzsuu,2011,9,fall,21,0.333,2,75.6,67.8,0.0,0.0,5.1,
53531,2011-09-29 21:00:00,memphis,TN,35.1494444,-90.0488889,9ypzyyu,2011,9,fall,21,0.333,2,74.4,63.1,9.0,0.0,3.9,
53532,2011-09-29 21:00:00,sedona,AZ,34.8697222,-111.7602778,9w0w2gf,2011,9,fall,21,0.333,2,75.1,33.9,17.0,0.0,0.7,
53533,2011-09-29 21:00:00,north myrtle beach,SC,33.8158333,-78.6802778,dq003ef,2011,9,fall,21,0.333,2,75.5,68.3,0.0,0.0,4.8,
53534,2011-09-29 21:00:00,myrtle beach,SC,33.6888889,-78.8869444,djzzsuu,2011,9,fall,21,0.333,2,75.6,67.8,0.0,0.0,5.1,
53535,2011-09-29 21:15:00,st. stephen,SC,33.4041667,-79.9219444,djznj34,2011,9,fall,21,0.333,2,73.8,66.6,22.0,0.0,4.1,
53536,2011-09-29 21:20:00,st. stephen,SC,33.4041667,-79.9219444,djznj34,2011,9,fall,21,0.333,2,73.8,66.6,22.0,0.0,4.1,
53537,2011-09-29 22:30:00,bismarck,ND,46.8083333,-100.7833333,cb26695,2011,9,fall,22,0.333,2,51.1,38.9,0.0,0.0,5.8,
53538,2011-09-29 23:45:00,shawnee,OK,35.3272222,-96.925,9y70frj,2011,9,fall,00,0.333,2,74.9,52.2,0.0,0.0,7.9,
53539,2011-09-30 03:00:00,miami beach,FL,25.7902778,-80.1302778,dhx48wf,2011,9,fall,03,4.0,27,79.9,74.7,73.0,0.0,2.6,
53540,2011-09-30 03:46:00,north bergen,NJ,40.8041667,-74.0125,dr725u1,2011,9,fall,04,4.0,27,58.4,54.7,2.0,0.0,4.7,
53541,2011-09-30 11:36:00,ames,IA,42.0347222,-93.6197222,9zmrjsh,2011,9,fall,12,4.0,27,61.8,45.6,20.0,0.0,12.0,
53542,2011-09-30 12:19:00,tyre,NY,42.9911111,-76.8025,dr9ks66,2011,9,fall,12,4.0,27,64.5,51.1,43.0,0.0,12.0,
53543,2011-09-30 17:40:00,piney flats,TN,36.4194444,-82.3041667,dnmrpjg,2011,9,fall,18,4.0,27,59.5,43.5,92.0,0.0,8.3,
53544,2011-09-30 19:35:00,knoxville,TN,35.9605556,-83.9208333,dnkkd66,2011,9,fall,20,4.0,27,60.2,44.7,95.0,0.0,6.5,
53545,2011-09-30 20:00:00,new berlin,WI,42.9763889,-88.1083333,dp9k7p9,2011,9,fall,20,4.0,27,49.1,33.6,15.0,0.0,16.0,
53546,2011-09-30 20:10:00,truth or consequences,NM,33.1283333,-107.2522222,9tgsrqv,2011,9,fall,20,4.0,27,78.9,38.1,43.0,0.0,6.4,
53547,2011-09-30 20:30:00,sea isle city,NJ,39.1533333,-74.6933333,dqfysr9,2011,9,fall,20,4.0,27,70.6,64.3,63.0,0.0,7.0,
53548,2011-09-30 20:30:00,middletown,CT,41.5622222,-72.6511111,drkk6y1,2011,9,fall,20,4.0,27,66.9,63.7,88.0,0.0,5.0,
53549,2011-09-30 21:00:00,bellevue,NE,41.1366667,-95.8905556,9z7f1bw,2011,9,fall,21,4.0,27,58.5,37.5,0.0,0.0,5.6,
53550,2011-09-30 21:07:00,copperas cove,TX,31.1238889,-97.9027778,9vd3h1v,2011,9,fall,21,4.0,27,76.4,29.8,0.0,0.0,7.2,
53551,2011-09-30 21:48:00,omaha,NE,41.2586111,-95.9375,9z7f8yu,2011,9,fall,22,4.0,27,55.1,38.4,0.0,0.0,6.0,
53552,2011-09-30 21:50:00,searcy,AR,35.2505556,-91.7361111,9yqb83p,2011,9,fall,22,4.0,27,65.7,39.5,0.0,0.0,6.2,
53553,2011-09-30 21:51:00,copperas cove,TX,31.1238889,-97.9027778,9vd3h1v,2011,9,fall,22,4.0,27,74.6,28.7,0.0,0.0,7.2,
53554,2011-09-30 22:30:00,port arthur,TX,29.8986111,-93.9286111,9vm4ndg,2011,9,fall,22,4.0,27,77.8,59.4,0.0,0.0,6.4,
53555,2011-09-30 23:00:00,vancouver,WA,45.6388889,-122.6602778,c20g8u3,2011,9,fall,23,4.0,27,57.0,52.6,94.0,0.0,4.5,
53556,2011-09-30 23:00:00,vancouver,WA,45.6388889,-122.6602778,c20g8u3,2011,9,fall,23,4.0,27,57.0,52.6,94.0,0.0,4.5,
53557,2011-09-30 23:15:00,vancouver,WA,45.6388889,-122.6602778,c20g8u3,2011,9,fall,23,4.0,27,57.0,52.6,94.0,0.0,4.5,
53558,2011-10-01 00:00:00,vancouver,WA,45.6388889,-122.6602778,c20g8u3,2011,10,fall,00,2.667,12,54.8,50.1,99.0,0.0,4.5,
53559,2011-10-01 06:00:00,san benito,TX,26.1322222,-97.6308333,9udsdm5,2011,10,fall,06,2.667,12,74.4,73.2,69.0,0.0,5.0,
53560,2011-10-01 09:30:00,brownwood,TX,31.7091667,-98.9908333,9v9s7km,2011,10,fall,10,2.667,12,71.6,32.2,0.0,0.0,6.2,
53561,2011-10-01 13:00:00,clinton,MS,32.3413889,-90.3216667,9vxzbxt,2011,10,fall,13,2.667,12,72.5,47.8,0.0,0.0,8.8,
53562,2011-10-01 15:00:00,boise,ID,43.6136111,-116.2025,9rv25ex,2011,10,fall,15,2.667,12,87.5,36.8,26.0,0.0,6.6,
53563,2011-10-01 16:00:00,goshen,CA,36.3511111,-119.4191667,9q7nf99,2011,10,fall,16,2.667,12,90.4,50.7,28.0,0.0,1.1,
53564,2011-10-01 20:00:00,jacksonville,FL,30.3319444,-81.6558333,djmutcu,2011,10,fall,20,2.667,12,68.4,42.6,0.0,0.0,8.1,
53565,2011-10-01 20:00:00,linn (outside of),MO,38.4858333,-91.8502778,9yydvyh,2011,10,fall,20,2.667,12,56.9,42.7,0.0,0.0,4.4,
53566,2011-10-01 20:00:00,wilmington,NC,34.2255556,-77.945,dq0ddqd,2011,10,fall,20,2.667,12,60.8,38.8,0.0,0.0,10.0,
53567,2011-10-01 20:15:00,cincinnati,OH,39.1619444,-84.4569444,dngyy1h,2011,10,fall,20,2.667,12,51.2,38.9,83.0,0.0,6.4,
53568,2011-10-01 20:30:00,palatine,IL,42.1102778,-88.0341667,dp3rs9z,2011,10,fall,20,2.667,12,51.3,40.6,0.0,0.0,5.1,
53569,2011-10-01 21:00:00,hamburg,CA,41.7830556,-123.0591667,9r2mxwr,2011,10,fall,21,2.667,12,60.2,53.8,15.0,0.0,1.9,
53570,2011-10-01 21:20:00,carlsbad,CA,33.1580556,-117.3497222,9mus9sh,2011,10,fall,21,2.667,12,69.0,65.0,0.0,0.0,1.8,
53571,2011-10-01 21:43:00,kansas city,MO,39.0997222,-94.5783333,9yuwrvf,2011,10,fall,22,2.667,12,57.0,40.1,0.0,0.0,4.4,
53572,2011-10-01 21:43:00,kansas city,MO,39.0997222,-94.5783333,9yuwrvf,2011,10,fall,22,2.667,12,57.0,40.1,0.0,0.0,4.4,
53573,2011-10-01 21:50:00,tenino,WA,46.8569444,-122.8516667,c22ds6n,2011,10,fall,22,2.667,12,53.9,46.7,88.0,0.0,1.3,
53574,2011-10-01 22:00:00,mccomb,MS,31.2436111,-90.4530556,9vx9txw,2011,10,fall,22,2.667,12,64.1,45.0,0.0,0.0,7.8,
53575,2011-10-01 23:00:00,fond du lac (crooked lake),WI,43.7730556,-88.4469444,dpc152d,2011,10,fall,23,2.667,12,48.4,40.5,0.0,0.0,2.2,
53576,2011-10-01 23:11:00,conyers,GA,33.6675,-84.0177778,djur80u,2011,10,fall,23,2.667,12,53.9,36.5,0.0,0.0,9.9,
53577,2011-10-01 23:57:00,homestead,FL,25.4683333,-80.4777778,dhwbbsm,2011,10,fall,00,2.667,12,76.9,73.4,48.0,0.0,3.0,
53578,2011-10-02 01:50:00,owasso,OK,36.2694444,-95.8544444,9y7y6f8,2011,10,fall,02,0.333,2,57.5,46.5,0.0,0.0,4.5,
53579,2011-10-02 05:29:00,san angelo,TX,31.4636111,-100.4366667,9v8dfxb,2011,10,fall,05,0.333,2,63.4,34.0,0.0,0.0,6.2,
53580,2011-10-02 17:30:00,lake springs,MO,37.4536111,-90.7947222,9yxmjfj,2011,10,fall,18,0.333,2,62.4,51.7,2.0,0.0,1.1,
53581,2011-10-02 17:44:00,lake springs,MO,37.4536111,-90.7947222,9yxmjfj,2011,10,fall,18,0.333,2,62.4,51.7,2.0,0.0,1.1,
53582,2011-10-02 18:00:00,battle creek,MI,42.3211111,-85.1797222,dpe2v8q,2011,10,fall,18,0.333,2,58.6,44.0,57.0,0.0,10.1,
53583,2011-10-02 21:00:00,marion,IN,40.5583333,-85.6591667,dp5ndz2,2011,10,fall,21,0.333,2,52.3,40.8,24.0,0.0,11.1,
53584,2011-10-02 21:00:00,new york mills,MN,46.5180556,-95.3758333,cbk0tsm,2011,10,fall,21,0.333,2,64.6,42.8,0.0,0.0,8.5,
53585,2011-10-02 21:00:00,simi valley,CA,34.2694444,-118.7805556,9q5dcnd,2011,10,fall,21,0.333,2,71.8,58.3,0.0,0.0,2.6,
53586,2011-10-03 02:35:00,miles city,MT,46.4083333,-105.84,c8k8p83,2011,10,fall,03,0.0,0,61.7,41.9,6.0,0.0,5.1,
53587,2011-10-03 04:00:00,fullerton,CA,33.8702778,-117.9244444,9qh0stf,2011,10,fall,04,0.0,0,63.3,61.7,48.0,0.0,3.5,
53588,2011-10-03 04:35:00,fresno,CA,36.7477778,-119.7713889,9qdc499,2011,10,fall,05,0.0,0,62.0,51.0,0.0,0.0,7.0,
53589,2011-10-03 09:00:00,plains,GA,32.0338889,-84.3927778,djeypxe,2011,10,fall,09,0.0,0,53.7,37.9,0.0,0.0,5.5,
53590,2011-10-03 19:00:00,crosby,TX,29.9116667,-95.0619444,9vk6hv6,2011,10,fall,19,0.0,0,77.7,39.6,0.0,0.0,4.3,
53591,2011-10-03 19:00:00,alice,TX,27.7519444,-98.0694444,9ufmbkh,2011,10,fall,19,0.0,0,79.4,54.1,0.0,0.0,10.9,
53592,2011-10-03 21:42:00,livonia,MI,42.3683333,-83.3527778,dps9p2b,2011,10,fall,22,0.0,0,55.9,49.2,92.0,0.0,2.9,
53593,2011-10-03 22:30:00,fredericksburg,VA,38.3030556,-77.4608333,dqbcvkf,2011,10,fall,22,0.0,0,52.7,47.4,82.0,0.0,2.1,
53594,2011-10-04 04:00:00,fredericksburg,VA,38.3030556,-77.4608333,dqbcvkf,2011,10,fall,04,2.0,7,50.9,47.4,54.0,0.0,5.0,
53595,2011-10-04 19:30:00,van wert,OH,40.8694444,-84.5841667,dp7be0p,2011,10,fall,20,2.0,7,64.3,53.5,0.0,0.0,1.7,
53596,2011-10-04 20:00:00,independence,MO,39.0911111,-94.4152778,9yuy7s2,2011,10,fall,20,2.0,7,71.8,42.7,0.0,0.0,6.7,
53597,2011-10-04 20:05:00,west bloomfield,MI,42.5377778,-83.2330556,dpscczz,2011,10,fall,20,2.0,7,62.2,50.9,0.0,0.0,2.7,
53598,2011-10-04 22:00:00,monroe city,MO,39.6536111,-91.7344444,9znc8d9,2011,10,fall,22,2.0,7,63.2,47.1,0.0,0.0,7.0,
53599,2011-10-04 23:00:00,philadelphia,PA,39.9522222,-75.1641667,dr4e395,2011,10,fall,23,2.0,7,56.7,50.8,3.0,0.0,9.2,
53600,2011-10-05 00:00:00,cypress,CA,33.8169444,-118.0363889,9qh06h0,2011,10,fall,00,2.667,12,60.6,56.8,94.0,0.0,3.2,
53601,2011-10-05 04:00:00,idaho falls,ID,43.4666667,-112.0333333,9x8r68g,2011,10,fall,04,2.667,12,49.1,46.6,82.0,0.0,7.0,
53602,2011-10-05 05:10:00,oakville,CT,41.5933333,-73.0858333,drkh8gu,2011,10,fall,05,2.667,12,55.2,51.1,7.0,0.0,10.3,
53603,2011-10-05 06:00:00,la plata,MD,38.5291667,-76.9755556,dqc70qh,2011,10,fall,06,2.667,12,54.5,51.9,0.0,0.0,6.3,
53604,2011-10-05 06:00:00,enid,OK,36.3955556,-97.8780556,9y6rh9x,2011,10,fall,06,2.667,12,63.7,36.1,66.0,0.0,8.5,
53605,2011-10-05 06:45:00,boise,ID,43.6136111,-116.2025,9rv25ex,2011,10,fall,07,2.667,12,54.4,51.6,100.0,0.04,4.6,
53606,2011-10-05 17:00:00,bremerton,WA,47.5675,-122.6313889,c22y97q,2011,10,fall,17,2.667,12,54.2,47.8,100.0,0.0,3.7,
53607,2011-10-05 19:00:00,globe,AZ,33.3941667,-110.7858333,9tcjzp0,2011,10,fall,19,2.667,12,68.0,40.2,0.0,0.0,5.3,
53608,2011-10-05 19:00:00,miami,FL,25.7738889,-80.1938889,dhwfx5u,2011,10,fall,19,2.667,12,79.4,63.4,12.0,0.0,12.3,
53609,2011-10-05 19:30:00,garden city,MI,42.3255556,-83.3311111,dps8zc0,2011,10,fall,20,2.667,12,62.5,54.2,51.0,0.0,4.4,
53610,2011-10-05 19:40:00,alexandria,VA,38.8047222,-77.0472222,dqchy8p,2011,10,fall,20,2.667,12,62.9,49.5,0.0,0.0,5.4,
53611,2011-10-05 20:00:00,norwalk,CT,41.1175,-73.4083333,dr7cct1,2011,10,fall,20,2.667,12,60.2,42.9,1.0,0.0,11.0,
53612,2011-10-05 20:34:00,rockton,IL,42.4525,-89.0722222,dp89t05,2011,10,fall,21,2.667,12,62.3,53.1,0.0,0.0,6.1,
53613,2011-10-05 20:40:00,independence,MO,39.0911111,-94.4152778,9yuy7s2,2011,10,fall,21,2.667,12,69.1,39.9,59.0,0.0,8.6,
53614,2011-10-05 20:45:00,lake elsinore,CA,33.6680556,-117.3263889,9muxd1j,2011,10,fall,21,2.667,12,55.3,53.0,81.0,0.0,5.0,
53615,2011-10-05 21:00:00,ganado,AZ,35.7113889,-109.5413889,9w655m4,2011,10,fall,21,2.667,12,53.9,38.4,65.0,0.0,18.4,
53616,2011-10-05 22:00:00,auburn,NY,42.9316667,-76.5663889,dr9s1xq,2011,10,fall,22,2.667,12,49.5,38.6,0.0,0.0,5.2,
53617,2011-10-05 22:30:00,fresno,CA,36.7477778,-119.7713889,9qdc499,2011,10,fall,22,2.667,12,54.5,50.1,49.0,0.01,3.2,
53618,2011-10-06 00:08:00,moncks corner,SC,33.1958333,-80.0133333,djzhg70,2011,10,fall,00,2.0,7,60.9,57.9,0.0,0.0,5.0,
53619,2011-10-06 01:00:00,grants pass (just outside merlin),OR,42.4391667,-123.3272222,9r833tg,2011,10,fall,01,2.0,7,45.3,41.2,96.0,0.01,2.2,
53620,2011-10-06 01:00:00,stillwater,OK,36.1155556,-97.0580556,9y6vrqs,2011,10,fall,01,2.0,7,70.7,42.9,39.0,0.0,11.0,
53621,2011-10-06 01:45:00,cincinnati,OH,39.1619444,-84.4569444,dngyy1h,2011,10,fall,02,2.0,7,59.0,54.4,0.0,0.0,4.0,
53622,2011-10-06 02:12:00,newburgh,IN,37.9444444,-87.4052778,dn9zg59,2011,10,fall,02,2.0,7,58.1,53.1,1.0,0.0,5.5,
53623,2011-10-06 04:49:00,san antonio,TX,29.4238889,-98.4933333,9v1zqsr,2011,10,fall,05,2.0,7,70.5,63.3,28.0,0.0,5.7,
53624,2011-10-06 17:13:00,buffalo,MO,37.6459,-93.0942,9yty1t4,2011,10,fall,17,2.0,7,79.5,46.7,10.0,0.0,10.8,
53625,2011-10-06 17:45:00,frederick,MD,39.4141667,-77.4108333,dr0bnrp,2011,10,fall,18,2.0,7,63.0,55.2,0.0,0.0,1.2,
53626,2011-10-06 20:03:00,tampa,FL,27.9472222,-82.4586111,dhvqgxe,2011,10,fall,20,2.0,7,78.0,61.2,42.0,0.0,8.5,
53627,2011-10-06 20:35:00,macon,GA,32.8405556,-83.6325,djudbfk,2011,10,fall,21,2.0,7,69.0,50.8,40.0,0.0,6.9,
53628,2011-10-06 20:35:00,tampa,FL,27.9472222,-82.4586111,dhvqgxe,2011,10,fall,21,2.0,7,76.6,61.8,50.0,0.0,9.1,
53629,2011-10-06 20:39:00,hampton,GA,33.3869444,-84.2830556,djujfjf,2011,10,fall,21,2.0,7,68.1,49.1,39.0,0.0,6.4,
53630,2011-10-06 20:55:00,flowery branch,GA,34.185,-83.9252778,dnh66pp,2011,10,fall,21,2.0,7,65.8,49.6,0.0,0.0,6.8,
53631,2011-10-06 20:55:00,flowery branch,GA,34.185,-83.9252778,dnh66pp,2011,10,fall,21,2.0,7,65.8,49.6,0.0,0.0,6.8,
53632,2011-10-06 21:00:00,bangs,TX,31.7169444,-99.1322222,9v9s2jy,2011,10,fall,21,2.0,7,76.8,63.2,0.0,0.0,18.4,
53633,2011-10-06 21:00:00,bangs,TX,31.7169444,-99.1322222,9v9s2jy,2011,10,fall,21,2.0,7,76.8,63.2,0.0,0.0,18.4,
53634,2011-10-06 22:00:00,ghent,NY,42.3291667,-73.6161111,dre8ucf,2011,10,fall,22,2.0,7,50.6,39.3,0.0,0.0,5.9,
53635,2011-10-06 22:00:00,davie,FL,26.0625,-80.2333333,dhwuq0x,2011,10,fall,22,2.0,7,75.3,69.9,28.0,0.0,11.5,
53636,2011-10-06 22:05:00,san diego,CA,32.7152778,-117.1563889,9mudn59,2011,10,fall,22,2.0,7,58.7,51.2,16.0,0.0,2.1,
53637,2011-10-06 23:30:00,saint petersburg,FL,27.7705556,-82.6794444,dhvjyx6,2011,10,fall,00,2.0,7,74.5,61.1,10.0,0.0,8.1,
53638,2011-10-07 05:50:00,waldo,AR,33.3513889,-93.2955556,9vvttp2,2011,10,fall,06,1.333,5,66.8,55.9,0.0,0.0,6.7,
53639,2011-10-07 06:15:00,high bridge,NJ,40.6669444,-74.8961111,dr4xren,2011,10,fall,06,1.333,5,45.4,40.4,0.0,0.0,5.6,
53640,2011-10-07 11:22:00,jacksonville,FL,30.3319444,-81.6558333,djmutcu,2011,10,fall,11,1.333,5,73.8,66.8,31.0,0.04,11.1,
53641,2011-10-07 13:00:00,wilmington,DE,39.7458333,-75.5469444,dr460gs,2011,10,fall,13,1.333,5,65.5,43.7,0.0,0.0,4.1,
53642,2011-10-07 13:30:00,new braunfels,TX,29.7027778,-98.1241667,9v60zph,2011,10,fall,14,1.333,5,87.5,67.6,54.0,0.0,13.7,
53643,2011-10-07 20:30:00,belvidere,IL,42.2638889,-88.8441667,dp8b6mc,2011,10,fall,20,1.333,5,71.1,56.7,11.0,0.0,10.2,
53644,2011-10-07 20:45:00,warsaw,MO,38.2430556,-93.3816667,9yv9e1c,2011,10,fall,21,1.333,5,73.3,49.9,0.0,0.0,10.6,
53645,2011-10-07 20:45:00,west hartford,CT,41.7636111,-72.6855556,drkm9fz,2011,10,fall,21,1.333,5,51.7,45.8,0.0,0.0,4.8,
53646,2011-10-07 21:00:00,louisville,KY,38.2541667,-85.7594444,dng187z,2011,10,fall,21,1.333,5,69.1,56.1,13.0,0.0,5.2,
53647,2011-10-07 21:00:00,topsail beach,NC,34.365,-77.6308333,dq0g3ry,2011,10,fall,21,1.333,5,65.4,59.0,0.0,0.0,7.9,
53648,2011-10-07 21:35:00,lake geneva,WI,42.5916667,-88.4333333,dp9479s,2011,10,fall,22,1.333,5,69.2,56.1,11.0,0.0,11.3,
53649,2011-10-07 22:00:00,burton,MI,42.9994444,-83.6163889,dpss97b,2011,10,fall,22,1.333,5,62.4,55.5,85.0,0.0,7.9,
53650,2011-10-07 22:13:00,murray,KY,36.6102778,-88.3147222,dn90q2e,2011,10,fall,22,1.333,5,67.1,55.1,0.0,0.0,7.8,
53651,2011-10-07 23:36:00,cleveland,OH,41.4994444,-81.6955556,dpmuhfx,2011,10,fall,00,1.333,5,55.4,53.7,0.0,0.0,5.9,
53652,2011-10-07 23:43:00,fenton,MI,42.7977778,-83.705,dps7rpp,2011,10,fall,00,1.333,5,58.4,55.6,0.0,0.0,6.4,
53653,2011-10-08 00:15:00,omaha,NE,41.2586111,-95.9375,9z7f8yu,2011,10,fall,00,3.0,15,75.1,56.2,39.0,0.0,18.2,
53654,2011-10-08 01:00:00,mukilteo,WA,47.9447222,-122.3033333,c290bbj,2011,10,fall,01,3.0,15,47.7,46.1,35.0,0.0,3.8,
53655,2011-10-08 01:09:00,st. louis,MO,38.6272222,-90.1977778,9yzgerz,2011,10,fall,01,3.0,15,64.3,54.0,0.0,0.0,7.9,
53656,2011-10-08 03:30:00,knoxville,TN,35.9605556,-83.9208333,dnkkd66,2011,10,fall,04,3.0,15,55.1,48.4,0.0,0.0,1.7,
53657,2011-10-08 06:30:00,mount pleasant,SC,32.7938889,-79.8627778,djz4w9v,2011,10,fall,06,3.0,15,70.3,58.5,69.0,0.0,12.1,
53658,2011-10-08 19:00:00,kennewick,WA,46.2113889,-119.1361111,c25qbux,2011,10,fall,19,3.0,15,62.4,44.4,3.0,0.0,2.1,
53659,2011-10-08 19:00:00,kennewick,WA,46.2113889,-119.1361111,c25qbux,2011,10,fall,19,3.0,15,62.4,44.4,3.0,0.0,2.1,
53660,2011-10-08 19:07:00,kennewick,WA,46.2113889,-119.1361111,c25qbux,2011,10,fall,19,3.0,15,62.4,44.4,3.0,0.0,2.1,
53661,2011-10-08 19:53:00,binghamton,NY,42.0986111,-75.9183333,dr6p2rv,2011,10,fall,20,3.0,15,64.4,56.3,0.0,0.0,5.0,
53662,2011-10-08 19:55:00,pasco,WA,46.2397222,-119.0994444,c25r1cd,2011,10,fall,20,3.0,15,59.3,46.1,1.0,0.0,2.2,
53663,2011-10-08 19:55:00,binghamton,NY,42.0986111,-75.9183333,dr6p2rv,2011,10,fall,20,3.0,15,64.4,56.3,0.0,0.0,5.0,
53664,2011-10-08 20:00:00,midway,PA,40.3691667,-80.2930556,dpnvsuu,2011,10,fall,20,3.0,15,64.9,56.7,0.0,0.0,6.5,
53665,2011-10-08 20:12:00,onaway,MI,45.3575,-84.2238889,f0h453n,2011,10,fall,20,3.0,15,68.7,55.3,0.0,0.0,7.2,
53666,2011-10-08 20:15:00,indianapolis,IN,39.7683333,-86.1580556,dp4dprt,2011,10,fall,20,3.0,15,71.0,58.4,0.0,0.0,4.8,
53667,2011-10-08 21:00:00,gaithersburg,MD,39.1433333,-77.2016667,dqcnejz,2011,10,fall,21,3.0,15,58.1,51.9,0.0,0.0,3.4,
53668,2011-10-08 21:10:00,portland,OR,45.5236111,-122.675,c20fbrq,2011,10,fall,21,3.0,15,54.3,50.0,98.0,0.0,2.9,
53669,2011-10-08 21:15:00,ford city,PA,40.7722222,-79.53,dppryq2,2011,10,fall,21,3.0,15,62.5,55.8,0.0,0.0,6.8,
53670,2011-10-08 21:15:00,peoria,IL,40.6936111,-89.5888889,dp0r925,2011,10,fall,21,3.0,15,69.4,51.0,0.0,0.0,9.4,
53671,2011-10-08 21:35:00,hilliard,OH,40.0333333,-83.1583333,dphgexv,2011,10,fall,22,3.0,15,61.5,51.2,0.0,0.0,5.6,
53672,2011-10-08 21:40:00,conway,AR,35.0886111,-92.4419444,9ynr87t,2011,10,fall,22,3.0,15,74.1,56.2,4.0,0.0,9.1,
53673,2011-10-08 22:00:00,snowmass village,CO,39.2130556,-106.9372222,9wgzndd,2011,10,fall,22,3.0,15,31.1,23.0,36.0,0.0,2.7,
53674,2011-10-08 22:00:00,warrenton,VA,38.7133333,-77.7955556,dqbsjxx,2011,10,fall,22,3.0,15,57.1,50.9,0.0,0.0,3.8,
53675,2011-10-08 22:00:00,warrenton,VA,38.7133333,-77.7955556,dqbsjxx,2011,10,fall,22,3.0,15,57.1,50.9,0.0,0.0,3.8,
53676,2011-10-08 22:00:00,wisconsin dells,WI,43.6275,-89.7708333,dpb0jnn,2011,10,fall,22,3.0,15,67.7,54.9,26.0,0.0,8.8,
53677,2011-10-08 22:30:00,munith,MI,42.3905556,-84.2505556,dps14uf,2011,10,fall,22,3.0,15,64.4,58.8,0.0,0.0,7.3,
53678,2011-10-08 23:30:00,lewis center,OH,40.1983333,-83.0102778,dphuxjc,2011,10,fall,00,3.0,15,59.8,54.3,0.0,0.0,5.7,
53679,2011-10-08 23:58:00,redondo beach,CA,33.8491667,-118.3875,9q5bd40,2011,10,fall,00,3.0,15,57.8,50.8,0.0,0.0,3.9,
53680,2011-10-09 01:00:00,sherman oaks,CA,34.1511111,-118.4483333,9q5f29h,2011,10,fall,01,1.667,6,56.4,52.4,0.0,0.0,3.0,
53681,2011-10-09 01:00:00,davenport,WA,47.6541667,-118.1488889,c27zp7n,2011,10,fall,01,1.667,6,41.9,37.2,92.0,0.0,4.1,
53682,2011-10-09 01:30:00,romney,WV,39.3419444,-78.7569444,dnzzzcf,2011,10,fall,02,1.667,6,51.5,48.4,0.0,0.0,2.2,
53683,2011-10-09 08:00:00,forest park,GA,33.6219444,-84.3691667,djup20s,2011,10,fall,08,1.667,6,62.1,45.7,100.0,0.0,9.9,
53684,2011-10-09 18:00:00,prineville,OR,44.3,-120.8333333,9rfh42e,2011,10,fall,18,1.667,6,59.3,43.1,94.0,0.0,2.6,
53685,2011-10-09 18:15:00,waukesha,WI,43.0116667,-88.2313889,dp9k8np,2011,10,fall,18,1.667,6,69.7,57.0,0.0,0.0,6.7,
53686,2011-10-09 18:20:00,salem,NH,42.7883333,-71.2013889,drt77v2,2011,10,fall,18,1.667,6,71.6,61.2,0.0,0.0,6.6,
53687,2011-10-09 18:42:00,new bedford,MA,41.6361111,-70.9347222,drmscgd,2011,10,fall,19,1.667,6,70.1,61.6,0.0,0.0,6.7,
53688,2011-10-09 18:45:00,memphis,TN,35.1494444,-90.0488889,9ypzyyu,2011,10,fall,19,1.667,6,74.3,51.7,57.0,0.0,6.5,
53689,2011-10-09 19:00:00,coeymans,NY,42.4738889,-73.7927778,dre98u1,2011,10,fall,19,1.667,6,69.4,62.6,0.0,0.0,5.1,
53690,2011-10-09 19:05:00,center barnstead,NH,43.3391667,-71.26,drtqd3w,2011,10,fall,19,1.667,6,66.9,58.0,0.0,0.0,7.4,
53691,2011-10-09 19:30:00,murfreesboro,TN,35.8455556,-86.3902778,dn6efjk,2011,10,fall,20,1.667,6,66.4,53.7,66.0,0.0,5.8,
53692,2011-10-09 19:42:00,new bedford,MA,41.6361111,-70.9347222,drmscgd,2011,10,fall,20,1.667,6,68.0,60.3,0.0,0.0,7.4,
53693,2011-10-09 20:00:00,middletown,CT,41.5622222,-72.6511111,drkk6y1,2011,10,fall,20,1.667,6,67.5,61.6,0.0,0.0,6.0,
53694,2011-10-09 20:00:00,new bedford,MA,41.6361111,-70.9347222,drmscgd,2011,10,fall,20,1.667,6,68.0,60.3,0.0,0.0,7.4,
53695,2011-10-09 20:00:00,west ossipee,NH,43.6852778,-71.1172222,drv2t8w,2011,10,fall,20,1.667,6,64.3,55.5,0.0,0.0,7.2,
53696,2011-10-09 20:30:00,longview,WA,46.1383333,-122.9369444,c20w6x0,2011,10,fall,20,1.667,6,55.8,53.2,100.0,0.0,2.6,
53697,2011-10-09 22:26:00,rockford,IL,42.2711111,-89.0938889,dp88kx5,2011,10,fall,22,1.667,6,63.2,55.5,2.0,0.0,7.0,
53698,2011-10-09 22:56:00,river falls,WI,44.8613889,-92.6236111,9zyphqc,2011,10,fall,23,1.667,6,66.9,53.1,9.0,0.0,8.4,
53699,2011-10-09 23:00:00,plantation,FL,26.1272222,-80.2333333,dhwuwhr,2011,10,fall,23,1.667,6,72.6,69.6,23.0,0.0,1.3,
53700,2011-10-10 00:00:00,troy,NY,42.7283333,-73.6922222,dree546,2011,10,fall,00,0.0,0,60.6,56.2,0.0,0.0,4.1,
53701,2011-10-10 01:00:00,farmington,NM,36.7280556,-108.2180556,9we0cqn,2011,10,fall,01,0.0,0,40.2,34.4,2.0,0.0,2.9,
53702,2011-10-10 02:00:00,prescott valley,AZ,34.61,-112.315,9w0huhw,2011,10,fall,02,0.0,0,49.4,31.5,0.0,0.0,3.8,
53703,2011-10-10 10:30:00,ashville,NY,42.0963889,-79.3758333,dprx3z2,2011,10,fall,10,0.0,0,63.0,57.7,86.0,0.0,2.0,
53704,2011-10-10 14:30:00,north kingstown,RI,41.55,-71.4666667,drmhmez,2011,10,fall,14,0.0,0,78.8,57.9,0.0,0.0,5.9,
53705,2011-10-10 15:00:00,groton,CT,41.35,-72.0788889,drkepz9,2011,10,fall,15,0.0,0,78.7,59.9,69.0,0.0,6.1,
53706,2011-10-10 19:00:00,mechanicsville,VA,37.6086111,-77.3736111,dq8vzq6,2011,10,fall,19,0.0,0,69.9,61.6,99.0,0.0,5.2,
53707,2011-10-10 20:00:00,middletown,CT,41.5622222,-72.6511111,drkk6y1,2011,10,fall,20,0.0,0,68.8,62.2,100.0,0.0,6.0,
53708,2011-10-10 21:00:00,lakewood,OH,41.4819444,-81.7983333,dpmgfxs,2011,10,fall,21,0.0,0,64.6,60.2,79.0,0.0,6.7,
53709,2011-10-10 21:00:00,york,PA,39.9625,-76.7280556,dr17q4b,2011,10,fall,21,0.0,0,66.5,59.6,88.0,0.0,3.5,
53710,2011-10-10 21:55:00,north platte,NE,41.1238889,-100.765,9z23gn3,2011,10,fall,22,0.0,0,54.0,47.4,0.0,0.0,7.0,
53711,2011-10-10 23:00:00,waynesville,OH,39.5297222,-84.0866667,dph0ys1,2011,10,fall,23,0.0,0,62.7,51.4,60.0,0.0,6.8,
53712,2011-10-11 03:15:00,omaha,IL,37.8902778,-88.3030556,dn9pw9e,2011,10,fall,03,2.333,9,61.5,55.7,18.0,0.0,4.6,
53713,2011-10-11 08:40:00,henderson,NV,36.0397222,-114.9811111,9qqjp8c,2011,10,fall,09,2.333,9,67.1,41.1,0.0,0.0,1.4,
53714,2011-10-11 15:00:00,cedar city,UT,37.6775,-113.0611111,9qxw74z,2011,10,fall,15,2.333,9,66.0,41.7,14.0,0.0,8.3,
53715,2011-10-11 19:40:00,des moines,IA,41.6005556,-93.6088889,9zmktvh,2011,10,fall,20,2.333,9,67.9,49.7,42.0,0.0,7.3,
53716,2011-10-11 19:42:00,new bedford,MA,41.6361111,-70.9347222,drmscgd,2011,10,fall,20,2.333,9,56.6,49.6,100.0,0.0,6.1,
53717,2011-10-11 21:00:00,monroe,CT,41.3325,-73.2077778,dr7gnh7,2011,10,fall,21,2.333,9,59.3,52.6,100.0,0.0,5.9,
53718,2011-10-11 21:10:00,holden beach,NC,33.9133333,-78.3041667,dq02fjs,2011,10,fall,21,2.333,9,71.9,69.2,70.0,0.02,12.4,
53719,2011-10-11 23:23:00,harrodsburg,KY,37.7622222,-84.8433333,dnewv66,2011,10,fall,23,2.333,9,59.9,57.3,100.0,0.01,4.7,
53720,2011-10-12 17:11:00,waco,TX,31.5491667,-97.1463889,9vdgmrk,2011,10,fall,17,2.333,9,76.8,64.7,25.0,0.0,2.5,
53721,2011-10-12 19:00:00,seaford,DE,38.6411111,-75.6113889,dqf5z6m,2011,10,fall,19,2.333,9,66.6,60.4,100.0,0.0,11.3,
53722,2011-10-12 19:40:00,whitesburg,TN,36.2716667,-83.14,dnkyk55,2011,10,fall,20,2.333,9,64.6,59.2,34.0,0.0,2.3,
53723,2011-10-12 20:00:00,st. george,UT,37.1041667,-113.5833333,9qx5p6e,2011,10,fall,20,2.333,9,71.2,42.9,2.0,0.0,1.0,
53724,2011-10-12 20:00:00,ocean isle beach,NC,33.8941667,-78.4269444,dq00z65,2011,10,fall,20,2.333,9,73.0,71.5,92.0,0.02,4.3,
53725,2011-10-12 20:07:00,charleston,SC,32.7763889,-79.9311111,djz4mng,2011,10,fall,20,2.333,9,73.5,69.9,49.0,0.0,7.0,
53726,2011-10-12 21:00:00,zortman,MT,47.9177778,-108.5255556,c8dbd7n,2011,10,fall,21,2.333,9,47.6,25.5,94.0,0.0,13.8,
53727,2011-10-12 21:00:00,san antonio,TX,29.4238889,-98.4933333,9v1zqsr,2011,10,fall,21,2.333,9,77.3,67.9,0.0,0.0,4.3,
53728,2011-10-13 01:36:00,norman,OK,35.2225,-97.4391667,9y68qsn,2011,10,fall,02,0.0,0,63.1,39.1,0.0,0.0,10.1,
53729,2011-10-13 03:30:00,newark,NJ,40.7355556,-74.1727778,dr5r8pt,2011,10,fall,04,0.0,0,58.7,58.1,100.0,0.0,9.2,
53730,2011-10-13 15:00:00,wilmington,OH,39.4452778,-83.8286111,dph2kkv,2011,10,fall,15,0.0,0,63.7,57.2,98.0,0.02,6.2,
53731,2011-10-13 19:20:00,merriam,KS,39.0236111,-94.6933333,9yuwj0n,2011,10,fall,19,0.0,0,67.1,38.3,0.0,0.0,4.7,
53732,2011-10-13 19:56:00,boiling springs,SC,35.0463889,-81.9819444,dnjxqkn,2011,10,fall,20,0.0,0,63.7,55.9,100.0,0.0,9.8,
53733,2011-10-13 20:00:00,boiling springs,SC,35.0463889,-81.9819444,dnjxqkn,2011,10,fall,20,0.0,0,63.7,55.9,100.0,0.0,9.8,
53734,2011-10-13 20:21:00,north myrtle beach,SC,33.8158333,-78.6802778,dq003ef,2011,10,fall,20,0.0,0,72.0,65.7,4.0,0.0,10.0,
53735,2011-10-13 20:30:00,avon,NC,35.3519444,-75.5108333,dq631ew,2011,10,fall,20,0.0,0,74.9,70.4,66.0,0.0,17.7,
53736,2011-10-13 20:38:00,gurley,AL,34.7016667,-86.3758333,dn4t6mp,2011,10,fall,21,0.0,0,60.2,57.5,38.0,0.0,6.1,
53737,2011-10-13 21:00:00,surfside beach,SC,33.6058333,-78.9733333,djzz4vv,2011,10,fall,21,0.0,0,71.3,65.2,13.0,0.0,9.8,
53738,2011-10-13 22:26:00,myrtle beach,SC,33.6888889,-78.8869444,djzzsuu,2011,10,fall,22,0.0,0,71.1,65.5,29.0,0.0,9.1,
53739,2011-10-13 23:38:00,homestead,FL,25.4683333,-80.4777778,dhwbbsm,2011,10,fall,00,0.0,0,76.0,74.1,86.0,0.0,3.0,
53740,2011-10-14 00:00:00,ringgold,GA,34.9158333,-85.1091667,dn5qxk1,2011,10,fall,00,2.333,9,59.1,56.2,96.0,0.0,6.0,
53741,2011-10-14 00:00:00,blackjack (north st. louis co.),MO,37.8722222,-93.7916667,9ytr3wq,2011,10,fall,00,2.333,9,59.8,41.0,0.0,0.0,7.5,
53742,2011-10-14 01:30:00,oldsmar,FL,28.0338889,-82.6652778,dhvpqzk,2011,10,fall,02,2.333,9,75.6,70.4,2.0,0.0,8.4,
53743,2011-10-14 02:30:00,carterville,MO,37.1491667,-94.4427778,9ysg6fu,2011,10,fall,02,2.333,9,56.5,39.9,0.0,0.0,7.2,
53744,2011-10-14 02:30:00,carterville,MO,37.1491667,-94.4427778,9ysg6fu,2011,10,fall,02,2.333,9,56.5,39.9,0.0,0.0,7.2,
53745,2011-10-14 05:00:00,whitakers,NC,36.1052778,-77.7130556,dq2trsg,2011,10,fall,05,2.333,9,64.2,62.4,41.0,0.0,9.6,
53746,2011-10-14 05:30:00,scottsdale,AZ,33.5091667,-111.8983333,9tbqtsn,2011,10,fall,06,2.333,9,62.0,37.5,0.0,0.0,5.7,
53747,2011-10-14 09:42:00,elmer,NJ,39.595,-75.1705556,dr4932n,2011,10,fall,10,2.333,9,68.2,65.0,54.0,0.01,7.3,
53748,2011-10-14 10:00:00,honolulu,HI,21.3069444,-157.8583333,87z9pyg,2011,10,fall,10,2.333,9,78.5,67.0,28.0,0.0,14.8,
53749,2011-10-14 10:30:00,coral springs,FL,26.2708333,-80.2708333,dhwvmqk,2011,10,fall,10,2.333,9,77.8,72.6,99.0,0.0,5.5,
53750,2011-10-14 13:30:00,san bernardino,CA,34.1083333,-117.2888889,9qhd510,2011,10,fall,14,2.333,9,90.4,45.8,88.0,0.0,5.6,
53751,2011-10-14 17:00:00,sierra vista,AZ,31.5544444,-110.3030556,9t9e9br,2011,10,fall,17,2.333,9,83.9,25.0,0.0,0.0,3.2,
53752,2011-10-14 17:45:00,ocala,FL,29.1869444,-82.1402778,djjw4c7,2011,10,fall,18,2.333,9,81.6,57.9,0.0,0.0,2.5,
53753,2011-10-14 18:00:00,el paso,TX,31.7586111,-106.4863889,9tsk8v6,2011,10,fall,18,2.333,9,86.7,23.1,0.0,0.0,2.7,
53754,2011-10-14 18:30:00,strawberry,AZ,34.4077778,-111.4927778,9w0ewzt,2011,10,fall,18,2.333,9,73.9,24.9,92.0,0.0,2.0,
53755,2011-10-14 19:30:00,ellisville,MS,31.6038889,-89.1955556,dj8ef33,2011,10,fall,20,2.333,9,69.3,59.4,45.0,0.0,2.5,
53756,2011-10-14 19:41:00,golden valley,AZ,35.2233333,-114.2222222,9qqb2u1,2011,10,fall,20,2.333,9,82.6,33.5,94.0,0.0,0.2,
53757,2011-10-14 19:41:00,golden valley,AZ,35.2233333,-114.2222222,9qqb2u1,2011,10,fall,20,2.333,9,82.6,33.5,94.0,0.0,0.2,
53758,2011-10-14 20:30:00,wendover (east of&#44 on i-80),UT,40.7372222,-114.0366667,9rnztpc,2011,10,fall,20,2.333,9,66.1,45.8,0.0,0.0,2.8,
53759,2011-10-14 20:35:00,eufaula,AL,31.8911111,-85.1455556,djemqmw,2011,10,fall,21,2.333,9,65.1,51.7,0.0,0.0,5.3,
53760,2011-10-14 21:20:00,holbrook,AZ,34.9022222,-110.1575,9w1wt3c,2011,10,fall,21,2.333,9,66.1,18.0,84.0,0.0,3.1,
53761,2011-10-14 22:00:00,sebring,OH,40.9227778,-81.0191667,dpq2u3g,2011,10,fall,22,2.333,9,53.2,36.8,50.0,0.0,10.0,
53762,2011-10-14 22:30:00,york,PA,39.9625,-76.7280556,dr17q4b,2011,10,fall,22,2.333,9,57.9,43.2,0.0,0.0,12.2,
53763,2011-10-14 22:30:00,tempe,AZ,33.4147222,-111.9086111,9tbqj6y,2011,10,fall,22,2.333,9,79.8,30.6,55.0,0.0,4.1,
53764,2011-10-15 00:00:00,corcoran,MN,45.0952778,-93.5472222,cbj2x32,2011,10,fall,00,2.667,12,49.3,35.2,0.0,0.0,12.9,
53765,2011-10-15 00:00:00,cibecue (west of),AZ,34.0447222,-110.4847222,9w13tve,2011,10,fall,00,2.667,12,53.6,30.3,1.0,0.0,5.6,
53766,2011-10-15 02:00:00,largo,MD,38.8975,-76.8305556,dqcm79j,2011,10,fall,02,2.667,12,56.5,41.2,0.0,0.0,10.6,
53767,2011-10-15 08:00:00,reistville,PA,40.3272222,-76.3030556,dr1trtm,2011,10,fall,08,2.667,12,51.8,40.0,1.0,0.0,11.1,
53768,2011-10-15 09:30:00,valley,NE,41.3127778,-96.3458333,9z77p8g,2011,10,fall,10,2.667,12,53.0,36.3,10.0,0.0,3.0,
53769,2011-10-15 16:45:00,holts summit,MO,38.6402778,-92.1222222,9yy7zdn,2011,10,fall,17,2.667,12,69.1,37.6,7.0,0.0,5.0,
53770,2011-10-15 17:00:00,canandaigua,NY,42.8741667,-77.2883333,dr95cm0,2011,10,fall,17,2.667,12,46.1,44.8,100.0,0.04,15.3,
53771,2011-10-15 18:00:00,eugene,OR,44.0522222,-123.0855556,9rb6x57,2011,10,fall,18,2.667,12,60.4,53.9,99.0,0.0,4.3,
53772,2011-10-15 19:00:00,columbia,SC,34.0005556,-81.035,dnn3kj8,2011,10,fall,19,2.667,12,69.5,51.6,0.0,0.0,7.2,
53773,2011-10-15 19:00:00,toney,AL,34.8980556,-86.7336111,dn4qd2f,2011,10,fall,19,2.667,12,62.6,47.8,0.0,0.0,3.5,
53774,2011-10-15 19:20:00,lancaster,PA,40.0377778,-76.3058333,dr1ez8e,2011,10,fall,19,2.667,12,60.3,36.9,11.0,0.0,9.2,
53775,2011-10-15 19:30:00,fresno,CA,36.7477778,-119.7713889,9qdc499,2011,10,fall,20,2.667,12,75.6,58.1,12.0,0.0,1.7,
53776,2011-10-15 20:00:00,grand junction,CO,39.0638889,-108.55,9wfy1zk,2011,10,fall,20,2.667,12,68.8,33.4,5.0,0.0,1.6,
53777,2011-10-15 20:05:00,muscatine,IA,41.4244444,-91.0430556,9zr78m0,2011,10,fall,20,2.667,12,56.9,37.3,11.0,0.0,5.4,
53778,2011-10-15 20:20:00,st. petersburg,FL,27.7705556,-82.6794444,dhvjyx6,2011,10,fall,20,2.667,12,78.1,62.6,100.0,0.0,8.5,
53779,2011-10-15 20:29:00,douglas,GA,31.5086111,-82.85,djt54xy,2011,10,fall,20,2.667,12,70.8,60.0,0.0,0.0,4.7,
53780,2011-10-15 20:30:00,absecon,NJ,39.4283333,-74.4961111,dr502c9,2011,10,fall,20,2.667,12,64.4,44.3,18.0,0.0,14.5,
53781,2011-10-15 20:30:00,anson,TX,32.7563889,-99.8958333,9vbfqg4,2011,10,fall,20,2.667,12,71.9,55.4,0.0,0.0,8.1,
53782,2011-10-15 21:20:00,buckeye,AZ,33.3702778,-112.5830556,9mzvy4g,2011,10,fall,21,2.667,12,86.0,31.7,0.0,0.0,6.3,
53783,2011-10-15 21:30:00,glendora,CA,34.1361111,-117.8644444,9qh4jym,2011,10,fall,22,2.667,12,62.6,57.4,0.0,0.0,0.9,
53784,2011-10-15 21:30:00,glendora,CA,34.1361111,-117.8644444,9qh4jym,2011,10,fall,22,2.667,12,62.6,57.4,0.0,0.0,0.9,
53785,2011-10-15 21:49:00,sugar grove,IL,41.7613889,-88.4436111,dp3je6m,2011,10,fall,22,2.667,12,52.5,34.8,50.0,0.0,7.3,
53786,2011-10-15 22:00:00,salt lake city,UT,40.7608333,-111.8902778,9x0rvu7,2011,10,fall,22,2.667,12,60.8,45.5,62.0,0.0,3.2,
53787,2011-10-15 23:00:00,st. louis,MO,38.6272222,-90.1977778,9yzgerz,2011,10,fall,23,2.667,12,57.7,38.1,0.0,0.0,9.4,
53788,2011-10-15 23:15:00,savannah,GA,32.0833333,-81.1,djwqd88,2011,10,fall,23,2.667,12,67.1,59.2,1.0,0.0,9.7,
53789,2011-10-16 06:30:00,orlando,FL,28.5380556,-81.3794444,djn4k5j,2011,10,fall,06,0.667,3,67.6,63.4,100.0,0.0,5.6,
53790,2011-10-16 08:07:00,surfside beach,SC,33.6058333,-78.9733333,djzz4vv,2011,10,fall,08,0.667,3,57.9,47.9,0.0,0.0,5.0,
53791,2011-10-16 11:40:00,gainesville,GA,34.2977778,-83.8241667,dnh7he9,2011,10,fall,12,0.667,3,73.5,42.0,0.0,0.0,2.5,
53792,2011-10-16 13:00:00,north wilkesboro,NC,36.1583333,-81.1477778,dnqm9qm,2011,10,fall,13,0.667,3,71.1,42.7,0.0,0.0,7.3,
53793,2011-10-16 18:08:00,rosamond,CA,34.8641667,-118.1625,9q5yr4u,2011,10,fall,18,0.667,3,79.9,43.2,0.0,0.0,5.8,
53794,2011-10-16 19:00:00,saugus,MA,42.4647222,-71.0105556,drt9847,2011,10,fall,19,0.667,3,58.3,41.2,3.0,0.0,11.2,
53795,2011-10-16 19:30:00,omaha,NE,41.2586111,-95.9375,9z7f8yu,2011,10,fall,20,0.667,3,53.9,33.9,92.0,0.0,4.2,
53796,2011-10-16 19:45:00,matteson,IL,41.5038889,-87.7130556,dp3sh59,2011,10,fall,20,0.667,3,52.6,33.5,37.0,0.0,10.4,
53797,2011-10-16 20:20:00,east berlin,PA,39.9375,-76.9788889,dr170q3,2011,10,fall,20,0.667,3,62.7,44.6,15.0,0.0,12.0,
53798,2011-10-16 20:30:00,fort wayne,IN,41.1305556,-85.1288889,dp73yze,2011,10,fall,20,0.667,3,54.0,39.9,15.0,0.0,9.3,
53799,2011-10-16 20:45:00,slidell,LA,30.275,-89.7811111,dj2hhzr,2011,10,fall,21,0.667,3,69.2,64.3,0.0,0.0,4.9,
53800,2011-10-16 21:00:00,cedar city,UT,37.6775,-113.0611111,9qxw74z,2011,10,fall,21,0.667,3,59.4,34.6,18.0,0.0,6.6,
53801,2011-10-16 21:30:00,athens,GA,33.9608333,-83.3780556,dnh9nwm,2011,10,fall,22,0.667,3,65.1,50.5,0.0,0.0,5.9,
53802,2011-10-16 21:45:00,palmer lake,CO,39.1222222,-104.9166667,9wvqs9f,2011,10,fall,22,0.667,3,48.3,35.7,90.0,0.0,4.9,
53803,2011-10-16 22:00:00,greensboro,NC,36.0725,-79.7922222,dnrm0qc,2011,10,fall,22,0.667,3,64.3,46.1,0.0,0.0,11.6,
53804,2011-10-16 22:00:00,clinton,MS,32.3413889,-90.3216667,9vxzbxt,2011,10,fall,22,0.667,3,67.1,52.8,0.0,0.0,6.2,
53805,2011-10-16 22:30:00,springdale,AR,36.1866667,-94.1286111,9ymjf59,2011,10,fall,22,0.667,3,68.7,53.4,0.0,0.0,1.6,
53806,2011-10-17 07:15:00,manchester,CT,41.7758333,-72.5219444,drkmttp,2011,10,fall,07,1.667,6,52.1,47.4,7.0,0.0,6.8,
53807,2011-10-17 15:00:00,big sky,MT,45.2847222,-111.3675,c80c9gb,2011,10,fall,15,1.667,6,45.2,21.7,18.0,0.0,5.6,
53808,2011-10-17 16:00:00,cocoa beach,FL,28.3197222,-80.6077778,djn9jer,2011,10,fall,16,1.667,6,78.9,70.8,100.0,0.0,10.5,
53809,2011-10-17 18:42:00,harrington,WA,47.4811111,-118.2533333,c27yj5d,2011,10,fall,19,1.667,6,53.8,40.8,2.0,0.0,4.8,
53810,2011-10-17 19:00:00,jacksonville,FL,30.3319444,-81.6558333,djmutcu,2011,10,fall,19,1.667,6,75.5,68.1,31.0,0.0,5.9,
53811,2011-10-17 19:25:00,gilroy,CA,37.0058333,-121.5672222,9q9d98t,2011,10,fall,19,1.667,6,71.7,62.2,5.0,0.0,1.0,
53812,2011-10-17 19:28:00,santa rosa,CA,38.4405556,-122.7133333,9qbdxtf,2011,10,fall,19,1.667,6,72.9,63.5,0.0,0.0,2.9,
53813,2011-10-17 19:35:00,eugene,OR,44.0522222,-123.0855556,9rb6x57,2011,10,fall,20,1.667,6,54.8,46.5,0.0,0.0,4.0,
53814,2011-10-17 19:45:00,el dorado hills,CA,38.6858333,-121.0811111,9qcuhdx,2011,10,fall,20,1.667,6,68.5,58.2,0.0,0.0,2.1,
53815,2011-10-17 19:45:00,new lenox,IL,41.5119444,-87.9655556,dp3knm1,2011,10,fall,20,1.667,6,51.5,32.0,99.0,0.0,11.5,
53816,2011-10-17 20:00:00,frisco,NC,35.235,-75.6288889,dq60rn2,2011,10,fall,20,1.667,6,73.5,66.4,0.0,0.0,19.2,
53817,2011-10-17 20:00:00,leland,NC,34.2561111,-78.045,dq0dbh1,2011,10,fall,20,1.667,6,68.6,62.6,0.0,0.0,9.5,
53818,2011-10-17 20:58:00,orlando,FL,28.5380556,-81.3794444,djn4k5j,2011,10,fall,21,1.667,6,74.4,69.9,100.0,0.0,4.8,
53819,2011-10-17 21:20:00,washington,MI,42.7244444,-83.0361111,dpsgn3w,2011,10,fall,21,1.667,6,51.3,35.9,75.0,0.0,11.1,
53820,2011-10-17 21:30:00,center moriches,NY,40.8002778,-72.7902778,drk0pe7,2011,10,fall,22,1.667,6,61.4,46.8,0.0,0.0,13.3,
53821,2011-10-17 21:30:00,temple,TX,31.0980556,-97.3425,9vdbbvj,2011,10,fall,22,1.667,6,78.3,58.2,0.0,0.0,14.3,
53822,2011-10-17 21:40:00,waynesboro,PA,39.7558333,-77.5780556,dr0f4tm,2011,10,fall,22,1.667,6,54.9,38.1,0.0,0.0,5.9,
53823,2011-10-17 21:45:00,liberty,NC,35.8533333,-79.5719444,dnr7vqc,2011,10,fall,22,1.667,6,67.4,53.2,0.0,0.0,8.3,
53824,2011-10-17 23:00:00,west walworth,NY,43.1391667,-77.2725,dr9j3t5,2011,10,fall,23,1.667,6,52.3,36.1,91.0,0.0,14.2,
53825,2011-10-18 00:00:00,katy,TX,29.7855556,-95.8241667,9v7c7qq,2011,10,fall,00,2.333,9,72.6,67.2,0.0,0.0,10.9,
53826,2011-10-18 00:15:00,portland,OR,45.5236111,-122.675,c20fbrq,2011,10,fall,00,2.333,9,49.4,45.4,0.0,0.0,5.5,
53827,2011-10-18 01:40:00,baylis,IL,39.7283333,-90.9080556,9zp6526,2011,10,fall,02,2.333,9,45.0,40.7,100.0,0.0,5.3,
53828,2011-10-18 03:15:00,queen creek,AZ,33.2486111,-111.6336111,9tbt5sw,2011,10,fall,03,2.333,9,65.6,35.1,0.0,0.0,4.3,
53829,2011-10-18 03:30:00,burwell,NE,41.7816667,-99.1327778,9z3t8nj,2011,10,fall,04,2.333,9,41.1,25.3,3.0,0.0,12.3,
53830,2011-10-18 05:00:00,chesapeake,VA,36.8188889,-76.2752778,dq9c2qd,2011,10,fall,05,2.333,9,64.0,57.5,40.0,0.0,8.7,
53831,2011-10-18 06:00:00,pasadena,MD,39.1072222,-76.5713889,dqcw3x6,2011,10,fall,06,2.333,9,54.1,48.4,98.0,0.0,3.6,
53832,2011-10-18 07:30:00,havre de grace,MD,39.5491667,-76.0919444,dr1burx,2011,10,fall,08,2.333,9,51.5,47.0,96.0,0.0,2.8,
53833,2011-10-18 15:13:00,shelbyville,TN,35.4833333,-86.4602778,dn69be9,2011,10,fall,15,2.333,9,73.7,58.1,92.0,0.02,7.9,
53834,2011-10-18 19:00:00,country club hills,IL,41.5680556,-87.7202778,dp3s7zh,2011,10,fall,19,2.333,9,48.3,45.1,100.0,0.02,3.6,
53835,2011-10-18 20:00:00,knoxville,TN,35.9605556,-83.9208333,dnkkd66,2011,10,fall,20,2.333,9,66.0,59.1,78.0,0.0,4.4,
53836,2011-10-18 20:15:00,morris,IL,41.3572222,-88.4211111,dp357bv,2011,10,fall,20,2.333,9,47.9,42.7,100.0,0.01,8.2,
53837,2011-10-18 20:20:00,dupont,WA,47.0969444,-122.63,c22gcmx,2011,10,fall,20,2.333,9,54.7,49.9,76.0,0.0,4.4,
53838,2011-10-18 20:35:00,glendale,AZ,33.5386111,-112.1852778,9tbnz1t,2011,10,fall,21,2.333,9,81.0,22.1,0.0,0.0,4.2,
53839,2011-10-18 21:30:00,coburg,OR,44.1372222,-123.0652778,9rb7pdf,2011,10,fall,22,2.333,9,59.6,54.5,72.0,0.0,0.8,
53840,2011-10-18 22:15:00,bothell,WA,47.7625,-122.2041667,c23penv,2011,10,fall,22,2.333,9,50.2,47.5,96.0,0.0,4.7,
53841,2011-10-18 23:15:00,san francisco,CA,37.775,-122.4183333,9q8yyk9,2011,10,fall,23,2.333,9,58.5,55.8,100.0,0.0,8.0,
53842,2011-10-18 23:55:00,turlock,CA,37.4947222,-120.8455556,9qdj61d,2011,10,fall,00,2.333,9,67.4,58.4,18.0,0.0,2.6,
53843,2011-10-19 01:54:00,denver,CO,39.7391667,-104.9841667,9xj6542,2011,10,fall,02,1.333,5,36.7,19.2,0.0,0.0,3.6,
53844,2011-10-19 02:00:00,renner,SD,43.6455556,-96.7280556,9zg0qck,2011,10,fall,02,1.333,5,35.2,24.0,2.0,0.0,8.7,
53845,2011-10-19 02:25:00,denver,CO,39.7391667,-104.9841667,9xj6542,2011,10,fall,02,1.333,5,36.7,19.2,0.0,0.0,3.6,
53846,2011-10-19 03:20:00,lennox,SD,43.3541667,-96.8916667,9zenehm,2011,10,fall,03,1.333,5,35.0,25.0,3.0,0.0,7.2,
53847,2011-10-19 06:40:00,hinsdale,MA,42.4386111,-73.1258333,drecrvx,2011,10,fall,07,1.333,5,48.8,41.7,100.0,0.0,7.6,
53848,2011-10-19 06:47:00,orlando,FL,28.5380556,-81.3794444,djn4k5j,2011,10,fall,07,1.333,5,75.7,73.5,88.0,0.01,11.7,
53849,2011-10-19 18:45:00,las vegas,NV,36.175,-115.1363889,9qqju12,2011,10,fall,19,1.333,5,78.0,23.0,0.0,0.0,1.8,
53850,2011-10-19 19:30:00,san francisco,CA,37.775,-122.4183333,9q8yyk9,2011,10,fall,20,1.333,5,58.9,54.6,70.0,0.0,5.8,
53851,2011-10-19 20:37:00,maricopa,AZ,33.0580556,-112.0469444,9tbk461,2011,10,fall,21,1.333,5,80.7,28.5,0.0,0.0,5.2,
53852,2011-10-19 21:00:00,brown city,MI,43.2122222,-82.9897222,dpsvzd8,2011,10,fall,21,1.333,5,49.2,47.1,100.0,0.13,18.7,
53853,2011-10-19 22:15:00,louisville,CO,39.9777778,-105.1313889,9xj5rtt,2011,10,fall,22,1.333,5,46.8,20.7,0.0,0.0,1.8,
53854,2011-10-19 22:15:00,loveland,CO,40.3977778,-105.0744444,9xjmbfp,2011,10,fall,22,1.333,5,45.9,24.9,0.0,0.0,3.8,
53855,2011-10-19 22:56:00,eagle mountain,TX,32.8933333,-97.4441667,9vfens5,2011,10,fall,23,1.333,5,52.4,35.0,0.0,0.0,3.1,
53856,2011-10-19 23:30:00,chicago (albany park),IL,41.85,-87.65,dp3wj6x,2011,10,fall,00,1.333,5,49.4,44.2,100.0,0.02,13.7,
53857,2011-10-19 23:30:00,pasco,WA,46.2397222,-119.0994444,c25r1cd,2011,10,fall,00,1.333,5,50.2,43.5,0.0,0.0,3.7,
53858,2011-10-20 00:00:00,katy,TX,29.7855556,-95.8241667,9v7c7qq,2011,10,fall,00,2.0,7,61.7,32.0,0.0,0.0,7.4,
53859,2011-10-20 00:02:00,seguin,TX,29.5686111,-97.9644444,9v624yb,2011,10,fall,00,2.0,7,57.1,38.7,0.0,0.0,2.6,
53860,2011-10-20 00:30:00,boston,MA,42.3583333,-71.0602778,drt2yzp,2011,10,fall,00,2.0,7,57.6,57.1,100.0,0.04,11.4,
53861,2011-10-20 01:00:00,jamaica,NY,40.6913889,-73.8061111,dr5x2x8,2011,10,fall,01,2.0,7,68.1,67.0,100.0,0.2,10.6,
53862,2011-10-20 02:00:00,grand prairie,TX,32.7458333,-96.9975,9vg42c0,2011,10,fall,02,2.0,7,54.6,39.4,0.0,0.0,1.6,
53863,2011-10-20 07:30:00,allentown,PA,40.6083333,-75.4905556,dr4r40t,2011,10,fall,08,2.0,7,59.3,58.4,75.0,0.01,10.7,
53864,2011-10-20 09:30:00,dania beach,FL,26.0519444,-80.1441667,dhxh0q8,2011,10,fall,10,2.0,7,71.4,55.8,25.0,0.0,5.0,
53865,2011-10-20 15:00:00,mays landing,NJ,39.4522222,-74.7280556,dr4b7w0,2011,10,fall,15,2.0,7,62.0,44.5,41.0,0.0,17.1,
53866,2011-10-20 19:00:00,mansfield,MA,42.0333333,-71.2194444,drmr57g,2011,10,fall,19,2.0,7,58.9,49.3,22.0,0.0,12.8,
53867,2011-10-20 20:00:00,st. augustine,FL,29.8944444,-81.3147222,djq4jdh,2011,10,fall,20,2.0,7,63.7,40.4,0.0,0.0,7.5,
53868,2011-10-20 20:00:00,nacogdoches,TX,31.6033333,-94.6552778,9vsey14,2011,10,fall,20,2.0,7,66.2,31.6,0.0,0.0,4.4,
53869,2011-10-20 20:30:00,penn valley,CA,39.1961111,-121.19,9qcyfr2,2011,10,fall,20,2.0,7,63.8,56.4,0.0,0.0,3.0,
53870,2011-10-20 20:32:00,clermont,FL,28.5491667,-81.7730556,djjf7jn,2011,10,fall,21,2.0,7,59.3,47.5,1.0,0.0,4.8,
53871,2011-10-20 21:00:00,foxboro,MA,42.0583333,-71.25,drmr68m,2011,10,fall,21,2.0,7,58.0,47.6,42.0,0.0,12.7,
53872,2011-10-20 21:15:00,sunrise,FL,26.1336111,-80.1133333,dhxh8vr,2011,10,fall,21,2.0,7,69.6,59.0,58.0,0.0,6.5,
53873,2011-10-20 21:15:00,muscatine,IA,41.4244444,-91.0430556,9zr78m0,2011,10,fall,21,2.0,7,47.2,32.2,35.0,0.0,8.5,
53874,2011-10-20 21:15:00,orange beach,AL,30.2941667,-87.5736111,dj3sr4y,2011,10,fall,21,2.0,7,59.3,34.6,0.0,0.0,4.5,
53875,2011-10-20 21:30:00,trumbull,CT,41.2427778,-73.2011111,dr7fwk0,2011,10,fall,22,2.0,7,56.2,41.4,3.0,0.0,13.0,
53876,2011-10-20 21:30:00,cove city,NC,35.1872222,-77.3211111,dq300t8,2011,10,fall,22,2.0,7,54.5,41.3,0.0,0.0,7.7,
53877,2011-10-20 23:00:00,plano,TX,33.0197222,-96.6986111,9vg5ze4,2011,10,fall,23,2.0,7,58.6,36.7,0.0,0.0,9.0,
53878,2011-10-21 00:00:00,uncasville,CT,41.4344444,-72.1102778,drkexnf,2011,10,fall,00,0.333,2,57.6,41.4,10.0,0.0,11.7,
53879,2011-10-21 06:00:00,northridge,CA,34.2283333,-118.5358333,9q5dwxh,2011,10,fall,06,0.333,2,56.9,54.9,5.0,0.0,2.5,
53880,2011-10-21 06:59:00,seattle,WA,47.6063889,-122.3308333,c23nb63,2011,10,fall,07,0.333,2,50.6,48.8,99.0,0.0,5.9,
53881,2011-10-21 07:10:00,alsip,IL,41.6688889,-87.7386111,dp3t53w,2011,10,fall,07,0.333,2,40.7,33.9,15.0,0.0,6.5,
53882,2011-10-21 07:35:00,granton,WI,44.5888889,-90.4611111,9zzttt0,2011,10,fall,08,0.333,2,32.9,30.5,1.0,0.0,3.5,
53883,2011-10-21 08:00:00,burnsville,NC,35.9172222,-82.3011111,dnmkr4w,2011,10,fall,08,0.333,2,36.7,33.2,9.0,0.0,4.5,
53884,2011-10-21 10:00:00,louisville,KY,38.2541667,-85.7594444,dng187z,2011,10,fall,10,0.333,2,47.9,36.7,35.0,0.0,5.1,
53885,2011-10-21 10:00:00,burnsville,NC,35.9172222,-82.3011111,dnmkr4w,2011,10,fall,10,0.333,2,43.2,32.6,1.0,0.0,5.9,
53886,2011-10-21 12:00:00,ardmore,OK,34.1741667,-97.1433333,9y4fmmn,2011,10,fall,12,0.333,2,65.5,44.3,0.0,0.0,3.7,
53887,2011-10-21 17:59:00,emeryville,CA,37.8313889,-122.2841667,9q9p1qg,2011,10,fall,18,0.333,2,70.4,54.3,0.0,0.0,5.7,
53888,2011-10-21 19:00:00,pelham (valleydale exit getting onto i-65 n),AL,33.2855556,-86.81,djfm2e6,2011,10,fall,19,0.333,2,55.5,37.6,0.0,0.0,4.9,
53889,2011-10-21 19:25:00,boone,NC,36.2166667,-81.6747222,dnmyj3n,2011,10,fall,19,0.333,2,47.8,34.6,0.0,0.0,6.2,
53890,2011-10-21 19:30:00,ardmore,AL,34.9919444,-86.8469444,dn4ppdp,2011,10,fall,20,0.333,2,50.5,38.1,0.0,0.0,3.8,
53891,2011-10-21 19:30:00,hulett (near),WY,44.6827778,-104.6011111,9xvw5wr,2011,10,fall,20,0.333,2,47.0,43.2,95.0,0.0,1.3,
53892,2011-10-21 19:40:00,baytown,TX,29.7352778,-94.9772222,9vk3ntp,2011,10,fall,20,0.333,2,71.7,58.3,1.0,0.0,9.4,
53893,2011-10-21 20:00:00,east orange,NJ,40.7672222,-74.2052778,dr5pzmm,2011,10,fall,20,0.333,2,53.2,40.8,77.0,0.0,6.5,
53894,2011-10-21 20:00:00,boone,NC,36.2166667,-81.6747222,dnmyj3n,2011,10,fall,20,0.333,2,45.3,34.2,0.0,0.0,6.0,
53895,2011-10-21 20:35:00,buffalo,MN,45.1719444,-93.8744444,cbj0zz6,2011,10,fall,21,0.333,2,50.4,38.6,81.0,0.0,7.5,
53896,2011-10-21 21:00:00,monterey,CA,36.6002778,-121.8936111,9q924nz,2011,10,fall,21,0.333,2,58.2,55.7,0.0,0.0,0.7,
53897,2011-10-21 21:00:00,anchorage,AK,61.2180556,-149.9002778,bdvkkbm,2011,10,fall,21,0.333,2,36.8,32.3,100.0,0.0,2.2,
53898,2011-10-21 21:02:00,skippers,VA,36.6116667,-77.5469444,dq8b72u,2011,10,fall,21,0.333,2,58.1,46.1,0.0,0.0,2.9,
53899,2011-10-21 22:00:00,indianapolis,IN,39.7683333,-86.1580556,dp4dprt,2011,10,fall,22,0.333,2,45.3,38.6,0.0,0.0,5.0,
53900,2011-10-21 22:00:00,radcliff,KY,37.8402778,-85.9491667,dndzk0t,2011,10,fall,22,0.333,2,47.5,38.0,1.0,0.0,4.9,
53901,2011-10-21 22:00:00,maricopa,AZ,33.0580556,-112.0469444,9tbk461,2011,10,fall,22,0.333,2,80.2,38.8,1.0,0.0,5.4,
53902,2011-10-21 22:20:00,renton,WA,47.4830556,-122.2158333,c23n4uj,2011,10,fall,22,0.333,2,54.8,53.6,99.0,0.0,10.0,
53903,2011-10-21 22:30:00,rockport (aransas pass),TX,28.0202778,-97.0541667,9ufzrkz,2011,10,fall,22,0.333,2,75.0,63.8,1.0,0.0,11.5,
53904,2011-10-21 22:47:00,colby,KS,39.3958333,-101.0519444,9z00heb,2011,10,fall,23,0.333,2,54.0,35.5,3.0,0.0,6.2,
53905,2011-10-21 23:45:00,florence,KY,38.9988889,-84.6266667,dngvf78,2011,10,fall,00,0.333,2,46.0,34.7,97.0,0.0,10.0,
53906,2011-10-22 00:00:00,oakland,CA,37.8044444,-122.2697222,9q9p1dj,2011,10,fall,00,0.0,0,57.5,55.6,0.0,0.0,3.3,
53907,2011-10-22 01:50:00,waldenburg,AR,35.5652778,-90.9336111,9yr66f2,2011,10,fall,02,0.0,0,47.4,39.8,0.0,0.0,5.6,
53908,2011-10-22 03:15:00,wausau,WI,44.9591667,-89.63,dpbrb2t,2011,10,fall,03,0.0,0,39.9,32.4,72.0,0.0,3.8,
53909,2011-10-22 06:15:00,st. clair,MO,38.3452778,-90.9808333,9yz61st,2011,10,fall,06,0.0,0,43.2,36.4,51.0,0.0,6.5,
53910,2011-10-22 08:22:00,boyce,VA,39.0930556,-78.0597222,dqbqrsw,2011,10,fall,08,0.0,0,41.7,39.1,9.0,0.0,3.9,
53911,2011-10-22 09:20:00,los angeles,CA,34.0522222,-118.2427778,9q5ctr4,2011,10,fall,09,0.0,0,67.3,47.4,39.0,0.0,2.1,
53912,2011-10-22 09:20:00,los angeles,CA,34.0522222,-118.2427778,9q5ctr4,2011,10,fall,09,0.0,0,67.3,47.4,39.0,0.0,2.1,
53913,2011-10-22 09:47:00,miami,FL,25.7738889,-80.1938889,dhwfx5u,2011,10,fall,10,0.0,0,69.4,61.0,67.0,0.0,11.4,
53914,2011-10-22 14:05:00,ojai,CA,34.4480556,-119.2419444,9q55yx4,2011,10,fall,14,0.0,0,82.9,53.6,0.0,0.0,2.8,
53915,2011-10-22 14:15:00,ventura county,CA,34.2783333,-119.2922222,9q55j2n,2011,10,fall,14,0.0,0,75.5,58.1,15.0,0.0,5.1,
53916,2011-10-22 14:59:00,chickamauga,GA,34.8711111,-85.2908333,dn5q7hj,2011,10,fall,15,0.0,0,62.7,42.5,0.0,0.0,3.3,
53917,2011-10-22 15:00:00,seattle,WA,47.6063889,-122.3308333,c23nb63,2011,10,fall,15,0.0,0,59.2,56.7,97.0,0.01,13.1,
53918,2011-10-22 16:00:00,jacksonville,FL,30.3319444,-81.6558333,djmutcu,2011,10,fall,16,0.0,0,67.8,44.8,0.0,0.0,3.6,
53919,2011-10-22 19:10:00,madison heights,VA,37.4308333,-79.1233333,dnxszw0,2011,10,fall,19,0.0,0,56.2,43.4,0.0,0.0,3.4,
53920,2011-10-22 19:10:00,madison heights,VA,37.4308333,-79.1233333,dnxszw0,2011,10,fall,19,0.0,0,56.2,43.4,0.0,0.0,3.4,
53921,2011-10-22 19:30:00,oakland,CA,37.8044444,-122.2697222,9q9p1dj,2011,10,fall,20,0.0,0,72.4,49.2,0.0,0.0,2.6,
53922,2011-10-22 19:45:00,vicksburg,MS,32.3525,-90.8777778,9vz2h18,2011,10,fall,20,0.0,0,64.9,51.8,42.0,0.0,3.0,
53923,2011-10-22 19:47:00,loveland,CO,40.3977778,-105.0744444,9xjmbfp,2011,10,fall,20,0.0,0,56.0,28.5,0.0,0.0,2.8,
53924,2011-10-22 19:50:00,evergreen park,IL,41.7205556,-87.7016667,dp3tk6c,2011,10,fall,20,0.0,0,55.1,45.9,10.0,0.0,2.2,
53925,2011-10-22 20:00:00,centerport,NY,40.8852778,-73.3766667,dr7bd6b,2011,10,fall,20,0.0,0,54.8,45.9,59.0,0.0,4.9,
53926,2011-10-22 20:05:00,honolulu,HI,21.3069444,-157.8583333,87z9pyg,2011,10,fall,20,0.0,0,76.3,66.3,7.0,0.0,11.0,
53927,2011-10-22 20:30:00,west columbia,SC,34.0005556,-81.035,dnn3kj8,2011,10,fall,20,0.0,0,55.7,48.9,0.0,0.0,3.5,
53928,2011-10-22 20:45:00,crown point,IN,41.4169444,-87.3652778,dp3gegw,2011,10,fall,21,0.0,0,49.2,43.9,26.0,0.0,8.1,
53929,2011-10-22 20:45:00,webster,MA,42.05,-71.8805556,drkzhqf,2011,10,fall,21,0.0,0,48.6,41.0,13.0,0.0,5.6,
53930,2011-10-22 21:00:00,fox lake,IL,42.3966667,-88.1836111,dp931q4,2011,10,fall,21,0.0,0,49.1,44.2,40.0,0.0,3.9,
53931,2011-10-22 21:45:00,pittsburgh,PA,40.4405556,-79.9961111,dppn59u,2011,10,fall,22,0.0,0,45.7,41.7,90.0,0.0,3.6,
53932,2011-10-22 21:57:00,windber,PA,40.2397222,-78.8352778,dppuyj3,2011,10,fall,22,0.0,0,42.7,38.7,71.0,0.0,2.8,
53933,2011-10-22 22:00:00,west columbia,SC,34.0005556,-81.035,dnn3kj8,2011,10,fall,22,0.0,0,53.1,46.4,0.0,0.0,4.1,
53934,2011-10-22 22:20:00,amarillo,TX,35.2219444,-101.8308333,9wr86gc,2011,10,fall,22,0.0,0,61.5,49.1,0.0,0.0,6.0,
53935,2011-10-22 22:45:00,east hanover,NJ,40.82,-74.3652778,dr705z0,2011,10,fall,23,0.0,0,50.2,42.8,60.0,0.0,5.3,
53936,2011-10-22 23:00:00,sterling,VA,39.0061111,-77.4288889,dqbvyhf,2011,10,fall,23,0.0,0,49.1,44.6,6.0,0.0,2.9,
53937,2011-10-22 23:25:00,litchfield,NH,42.8441667,-71.4802778,drt5trt,2011,10,fall,23,0.0,0,45.9,40.6,5.0,0.0,5.7,
53938,2011-10-23 00:00:00,shrewsbury,NJ,40.3294444,-74.0619444,dr5m6tv,2011,10,fall,00,0.333,2,53.4,42.7,60.0,0.0,5.7,
53939,2011-10-23 00:00:00,fairfield,CA,38.2494444,-122.0388889,9qc1wgj,2011,10,fall,00,0.333,2,67.2,51.8,9.0,0.0,1.8,
53940,2011-10-23 00:20:00,webster,MA,42.05,-71.8805556,drkzhqf,2011,10,fall,00,0.333,2,46.0,40.9,7.0,0.0,5.8,
53941,2011-10-23 01:00:00,louisville,KY,38.2541667,-85.7594444,dng187z,2011,10,fall,01,0.333,2,45.9,40.0,21.0,0.0,4.5,
53942,2011-10-23 01:30:00,alamo,TN,35.7847222,-89.1172222,dn2es46,2011,10,fall,02,0.333,2,49.9,42.9,100.0,0.0,5.1,
53943,2011-10-23 02:00:00,hammond,IN,41.5833333,-87.5,dp3u8fh,2011,10,fall,02,0.333,2,46.4,44.1,82.0,0.0,5.4,
53944,2011-10-23 03:10:00,california,MO,38.6275,-92.5663889,9yy5txg,2011,10,fall,03,0.333,2,53.5,48.4,100.0,0.0,4.1,
53945,2011-10-23 06:15:00,newington,CT,41.6977778,-72.7241667,drkm1ng,2011,10,fall,06,0.333,2,43.5,41.0,48.0,0.0,3.3,
53946,2011-10-23 06:30:00,gastonia,NC,35.2619444,-81.1875,dnq28e1,2011,10,fall,06,0.333,2,44.4,41.9,0.0,0.0,2.9,
53947,2011-10-23 07:05:00,center city,TX,31.4702778,-98.4086111,9vd508v,2011,10,fall,07,0.333,2,63.2,58.8,0.0,0.0,4.2,
53948,2011-10-23 07:05:00,gatesville,TX,31.435,-97.7436111,9vd6zf9,2011,10,fall,07,0.333,2,65.6,60.0,21.0,0.0,6.0,
53949,2011-10-23 08:15:00,whitehall,PA,39.7908333,-77.1097222,dr14m7d,2011,10,fall,08,0.333,2,41.2,40.2,2.0,0.0,3.8,
53950,2011-10-23 10:00:00,san francisco,CA,37.775,-122.4183333,9q8yyk9,2011,10,fall,10,0.333,2,68.3,49.6,73.0,0.0,4.3,
53951,2011-10-23 11:00:00,berwyn,PA,40.0447222,-75.4391667,dr47g3f,2011,10,fall,11,0.333,2,54.6,39.9,79.0,0.0,2.4,
53952,2011-10-23 12:15:00,phoenix,AZ,33.4483333,-112.0733333,9tbq39n,2011,10,fall,12,0.333,2,89.0,25.2,0.0,0.0,2.2,
53953,2011-10-23 13:00:00,el paso,TX,31.7586111,-106.4863889,9tsk8v6,2011,10,fall,13,0.333,2,79.7,15.9,0.0,0.0,3.8,
53954,2011-10-23 13:30:00,creve coeur,MO,38.6608333,-90.4225,9yzeymu,2011,10,fall,14,0.333,2,71.0,52.9,0.0,0.0,6.0,
53955,2011-10-23 15:00:00,willard,NC,34.69,-77.98,dq0t3e0,2011,10,fall,15,0.333,2,68.6,49.3,0.0,0.0,3.8,
53956,2011-10-23 17:50:00,honolulu,HI,21.3069444,-157.8583333,87z9pyg,2011,10,fall,18,0.333,2,77.8,67.9,61.0,0.0,2.6,
53957,2011-10-23 19:00:00,new orleans,LA,29.9544444,-90.075,9vrfqm1,2011,10,fall,19,0.333,2,69.2,53.8,17.0,0.0,8.0,
53958,2011-10-23 19:00:00,portage,IN,41.5758333,-87.1761111,dp6h828,2011,10,fall,19,0.333,2,59.8,46.5,13.0,0.0,7.8,
53959,2011-10-23 19:05:00,tacoma,WA,47.2530556,-122.4430556,c22uvdp,2011,10,fall,19,0.333,2,51.2,45.2,60.0,0.0,2.3,
53960,2011-10-23 19:30:00,jackson,NJ,39.7763889,-74.8627778,dr4f23n,2011,10,fall,20,0.333,2,54.8,43.4,29.0,0.0,4.3,
53961,2011-10-23 19:30:00,lambertville,NJ,40.3658333,-74.9433333,dr4tws7,2011,10,fall,20,0.333,2,53.2,44.0,25.0,0.0,3.9,
53962,2011-10-23 19:40:00,colorado springs,CO,38.8338889,-104.8208333,9wvkytr,2011,10,fall,20,0.333,2,59.2,26.4,0.0,0.0,5.7,
53963,2011-10-23 20:00:00,denver,CO,39.7391667,-104.9841667,9xj6542,2011,10,fall,20,0.333,2,55.6,23.5,0.0,0.0,3.8,
53964,2011-10-23 20:15:00,towson,MD,39.4013889,-76.6022222,dr180ug,2011,10,fall,20,0.333,2,53.3,45.7,89.0,0.0,5.9,
53965,2011-10-23 20:20:00,oaks,PA,40.1316667,-75.46,dr4k6ce,2011,10,fall,20,0.333,2,54.0,45.3,58.0,0.0,4.3,
53966,2011-10-23 20:45:00,wasilla,AK,61.5813889,-149.4394444,bdvwr6t,2011,10,fall,21,0.333,2,26.3,22.2,97.0,0.0,4.6,
53967,2011-10-23 20:45:00,wasilla,AK,61.5813889,-149.4394444,bdvwr6t,2011,10,fall,21,0.333,2,26.3,22.2,97.0,0.0,4.6,
53968,2011-10-23 22:00:00,longboat key,FL,27.4122222,-82.6591667,dhv5zn1,2011,10,fall,22,0.333,2,68.9,57.3,93.0,0.0,7.7,
53969,2011-10-23 22:00:00,rachel,NV,37.6447222,-115.7427778,9qtwnjn,2011,10,fall,22,0.333,2,63.4,26.9,0.0,0.0,1.8,
53970,2011-10-23 22:15:00,mukwonago,WI,42.8666667,-88.3333333,dp95vgt,2011,10,fall,22,0.333,2,54.8,44.9,94.0,0.01,7.3,
53971,2011-10-23 22:50:00,martinsburg,WV,39.4561111,-77.9641667,dr083yu,2011,10,fall,23,0.333,2,51.0,45.0,97.0,0.0,5.8,
53972,2011-10-24 01:00:00,vancouver,WA,45.6388889,-122.6602778,c20g8u3,2011,10,fall,01,5.667,67,46.3,42.1,21.0,0.0,3.7,
53973,2011-10-24 07:38:00,havertown,PA,39.9808333,-75.3088889,dr47qq3,2011,10,fall,08,5.667,67,46.8,45.1,95.0,0.0,4.0,
53974,2011-10-24 18:00:00,wenatchee,WA,47.4236111,-120.3091667,c26my31,2011,10,fall,18,5.667,67,50.8,31.7,0.0,0.0,5.2,
53975,2011-10-24 19:00:00,kittanning,PA,40.8163889,-79.5222222,dpr2nqm,2011,10,fall,19,5.667,67,50.8,49.6,15.0,0.0,6.4,
53976,2011-10-24 19:21:00,oxford,GA,33.6188889,-83.8675,djur781,2011,10,fall,19,5.667,67,66.8,45.6,0.0,0.0,3.8,
53977,2011-10-24 19:30:00,comer,GA,34.0636111,-83.1255556,dnhcu3j,2011,10,fall,20,5.667,67,62.4,47.3,0.0,0.0,6.5,
53978,2011-10-24 19:30:00,charlotte,NC,35.2269444,-80.8433333,dnq82kg,2011,10,fall,20,5.667,67,60.2,49.6,0.0,0.0,5.4,
53979,2011-10-24 20:00:00,santee,SC,33.475,-80.4866667,djyy2mz,2011,10,fall,20,5.667,67,63.0,52.5,0.0,0.0,5.9,
53980,2011-10-24 21:00:00,oxford,OH,39.5069444,-84.7452778,dp58z84,2011,10,fall,21,5.667,67,50.8,41.6,0.0,0.0,4.2,
53981,2011-10-24 22:15:00,buckeye,AZ,33.3702778,-112.5830556,9mzvy4g,2011,10,fall,22,5.667,67,82.2,39.6,36.0,0.0,4.9,
53982,2011-10-24 22:30:00,port angeles,WA,48.1183333,-123.4294444,c281xr9,2011,10,fall,22,5.667,67,48.0,42.9,26.0,0.0,5.5,
53983,2011-10-24 22:30:00,lansing,MI,42.7325,-84.5555556,dpeg5gh,2011,10,fall,22,5.667,67,49.8,39.3,0.0,0.0,7.3,
53984,2011-10-24 23:00:00,ithaca,NY,42.4405556,-76.4969444,dr997q0,2011,10,fall,23,5.667,67,48.6,44.3,8.0,0.0,5.4,
53985,2011-10-24 23:00:00,ithaca,NY,42.4405556,-76.4969444,dr997q0,2011,10,fall,23,5.667,67,48.6,44.3,8.0,0.0,5.4,
53986,2011-10-25 01:00:00,memphis,MO,40.4577778,-92.1711111,9znqnt5,2011,10,fall,01,1.333,5,61.7,45.0,0.0,0.0,13.2,
53987,2011-10-25 04:00:00,north bergen,NJ,40.8041667,-74.0125,dr725u1,2011,10,fall,04,1.333,5,49.4,44.1,0.0,0.0,7.9,
53988,2011-10-25 05:45:00,bernardsville,NJ,40.7186111,-74.5697222,dr4zxhe,2011,10,fall,06,1.333,5,46.4,42.2,0.0,0.0,7.2,
53989,2011-10-25 06:50:00,accokeek (on hwy 210),MD,38.6675,-77.0286111,dqc5zpj,2011,10,fall,07,1.333,5,49.2,45.6,0.0,0.0,6.4,
53990,2011-10-25 09:00:00,troy,NC,35.3583333,-79.8947222,dnr1juy,2011,10,fall,09,1.333,5,53.2,47.8,0.0,0.0,5.3,
53991,2011-10-25 09:00:00,troy,NC,35.3583333,-79.8947222,dnr1juy,2011,10,fall,09,1.333,5,53.2,47.8,0.0,0.0,5.3,
53992,2011-10-25 09:52:00,kennewick,WA,46.2113889,-119.1361111,c25qbux,2011,10,fall,10,1.333,5,48.6,32.4,0.0,0.0,2.2,
53993,2011-10-25 11:00:00,albuquerque,NM,35.0844444,-106.6505556,9whpt4g,2011,10,fall,11,1.333,5,69.1,33.5,55.0,0.0,10.1,
53994,2011-10-25 13:10:00,vancouver,WA,45.6388889,-122.6602778,c20g8u3,2011,10,fall,13,1.333,5,53.5,39.6,0.0,0.0,3.8,
53995,2011-10-25 13:40:00,stratford,CT,41.1844444,-73.1336111,dr7frc3,2011,10,fall,14,1.333,5,57.3,38.6,2.0,0.0,14.2,
53996,2011-10-25 16:15:00,stroudsburg,PA,40.9866667,-75.195,dr690vk,2011,10,fall,16,1.333,5,59.3,37.7,0.0,0.0,10.4,
53997,2011-10-25 17:30:00,jefferson,GA,34.1169444,-83.5725,dnhd46b,2011,10,fall,18,1.333,5,70.9,51.5,0.0,0.0,2.6,
53998,2011-10-25 18:00:00,santa fe,NM,35.6869444,-105.9372222,9wkej2d,2011,10,fall,18,1.333,5,58.4,31.4,22.0,0.0,5.4,
53999,2011-10-25 18:20:00,matteson,IL,41.5038889,-87.7130556,dp3sh59,2011,10,fall,18,1.333,5,67.3,48.9,99.0,0.0,14.4,
54000,2011-10-25 18:20:00,matteson,IL,41.5038889,-87.7130556,dp3sh59,2011,10,fall,18,1.333,5,67.3,48.9,99.0,0.0,14.4,
54001,2011-10-25 20:00:00,yakima,WA,46.6022222,-120.5047222,c2631ge,2011,10,fall,20,1.333,5,45.5,26.5,0.0,0.0,4.5,
54002,2011-10-25 20:25:00,roseville,CA,38.7522222,-121.2869444,9qcu2n9,2011,10,fall,20,1.333,5,64.8,34.7,1.0,0.0,5.4,
54003,2011-10-25 20:59:00,hanover,NH,43.7022222,-72.29,dru8e58,2011,10,fall,21,1.333,5,44.6,33.0,1.0,0.0,9.6,
54004,2011-10-25 21:30:00,vacaville,CA,38.3566667,-121.9866667,9qc60ns,2011,10,fall,22,1.333,5,61.3,36.6,0.0,0.0,4.5,
54005,2011-10-25 22:20:00,vacaville,CA,38.3566667,-121.9866667,9qc60ns,2011,10,fall,22,1.333,5,61.3,36.6,0.0,0.0,4.5,
54006,2011-10-25 23:00:00,seattle,WA,47.6063889,-122.3308333,c23nb63,2011,10,fall,23,1.333,5,38.7,36.8,0.0,0.0,2.8,
54007,2011-10-25 23:00:00,greensburg,KY,37.2608333,-85.4988889,dne5yrj,2011,10,fall,23,1.333,5,60.1,47.3,22.0,0.0,10.5,
54008,2011-10-26 08:30:00,columbus,OH,39.9611111,-82.9988889,dphgr6d,2011,10,fall,08,2.0,7,56.1,47.7,90.0,0.0,10.6,
54009,2011-10-26 12:00:00,malibu,CA,34.005,-118.8091667,9q592qm,2011,10,fall,12,2.0,7,68.6,55.2,0.0,0.0,5.2,
54010,2011-10-26 20:00:00,tampa,FL,27.9472222,-82.4586111,dhvqgxe,2011,10,fall,20,2.0,7,71.6,60.9,93.0,0.0,5.9,
54011,2011-10-26 20:10:00,hamilton,AL,34.1422222,-87.9886111,dn16jz2,2011,10,fall,20,2.0,7,65.6,45.8,56.0,0.0,8.1,
54012,2011-10-26 20:15:00,hamilton,AL,34.1422222,-87.9886111,dn16jz2,2011,10,fall,20,2.0,7,65.6,45.8,56.0,0.0,8.1,
54013,2011-10-26 21:00:00,manchester,CT,41.7758333,-72.5219444,drkmttp,2011,10,fall,21,2.0,7,51.7,48.0,80.0,0.0,3.2,
54014,2011-10-26 23:00:00,candler,NC,35.5363889,-82.6930556,dnm4nm0,2011,10,fall,23,2.0,7,53.7,47.1,62.0,0.0,3.2,
54015,2011-10-26 23:10:00,rapid city,SD,44.0805556,-103.2305556,9xydfbt,2011,10,fall,23,2.0,7,31.1,23.9,0.0,0.0,4.1,
54016,2011-10-27 01:00:00,kilgore,TX,32.3861111,-94.8755556,9vu81p9,2011,10,fall,01,0.0,0,71.2,63.6,3.0,0.0,6.8,
54017,2011-10-27 03:00:00,portland,OR,45.5236111,-122.675,c20fbrq,2011,10,fall,03,0.0,0,45.8,42.0,98.0,0.0,3.7,
54018,2011-10-27 04:45:00,bassett,VA,36.7591667,-79.9905556,dnx15gb,2011,10,fall,05,0.0,0,56.7,47.7,95.0,0.0,7.4,
54019,2011-10-27 17:00:00,tuscaloosa,AL,33.2097222,-87.5691667,djcszmd,2011,10,fall,17,0.0,0,75.1,57.9,68.0,0.0,3.4,
54020,2011-10-27 20:30:00,penn valley,CA,39.1961111,-121.19,9qcyfr2,2011,10,fall,20,0.0,0,56.8,40.1,6.0,0.0,2.4,
54021,2011-10-27 21:00:00,el paso,TX,31.7586111,-106.4863889,9tsk8v6,2011,10,fall,21,0.0,0,54.0,36.3,0.0,0.0,9.6,
54022,2011-10-27 21:30:00,willard,OH,41.0530556,-82.7263889,dpm1t92,2011,10,fall,22,0.0,0,38.2,36.4,23.0,0.0,3.2,
54023,2011-10-27 21:45:00,albuquerque,NM,35.0844444,-106.6505556,9whpt4g,2011,10,fall,22,0.0,0,48.4,33.9,0.0,0.0,2.0,
54024,2011-10-27 22:00:00,marshfield,WI,44.6688889,-90.1716667,9zzyh5d,2011,10,fall,22,0.0,0,37.4,31.9,6.0,0.0,4.0,
54025,2011-10-27 22:18:00,st. louis,MO,38.6272222,-90.1977778,9yzgerz,2011,10,fall,22,0.0,0,46.7,35.7,99.0,0.0,3.7,
54026,2011-10-27 22:45:00,franklinville,NC,35.7436111,-79.6925,dnr76dc,2011,10,fall,23,0.0,0,64.7,52.9,100.0,0.0,6.0,
54027,2011-10-27 23:30:00,madison,WI,43.0730556,-89.4011111,dp8mj9h,2011,10,fall,00,0.0,0,43.5,33.7,100.0,0.0,4.3,
54028,2011-10-28 00:00:00,laurel,MD,39.0991667,-76.8486111,dqcq7mb,2011,10,fall,00,0.0,0,44.0,34.3,52.0,0.0,13.0,
54029,2011-10-28 00:40:00,georgetown,KY,38.2097222,-84.5588889,dngc7gf,2011,10,fall,01,0.0,0,44.9,35.9,93.0,0.0,5.8,
54030,2011-10-28 00:46:00,redwood city (between san fran and san jose),CA,37.4852778,-122.2352778,9q9j4ry,2011,10,fall,01,0.0,0,59.0,52.2,1.0,0.0,1.8,
54031,2011-10-28 02:00:00,big sur,CA,36.2702778,-121.8063889,9q3qk4z,2011,10,fall,02,0.0,0,58.8,44.5,0.0,0.0,5.6,
54032,2011-10-28 02:30:00,california,MO,38.6275,-92.5663889,9yy5txg,2011,10,fall,02,0.0,0,44.5,34.1,27.0,0.0,3.5,
54033,2011-10-28 02:50:00,norwalk,CA,33.9022222,-118.0808333,9qh0c58,2011,10,fall,03,0.0,0,50.0,43.3,0.0,0.0,5.3,
54034,2011-10-28 04:00:00,baltimore,MD,39.2902778,-76.6125,dqcx88s,2011,10,fall,04,0.0,0,41.0,32.0,48.0,0.0,13.9,
54035,2011-10-28 04:36:00,goodlettsville,TN,36.3230556,-86.7133333,dn6qdu3,2011,10,fall,05,0.0,0,48.2,39.1,100.0,0.0,8.6,
54036,2011-10-28 06:00:00,alma center,WI,44.4372222,-90.9111111,9zzkg38,2011,10,fall,06,0.0,0,32.9,27.5,18.0,0.0,4.9,
54037,2011-10-28 06:30:00,anderson,SC,34.5033333,-82.6502778,dnjhr1p,2011,10,fall,06,0.0,0,59.8,53.7,89.0,0.0,7.0,
54038,2011-10-28 11:00:00,delray beach,FL,26.4611111,-80.0730556,dhxn9ch,2011,10,fall,11,0.0,0,78.3,72.9,71.0,0.01,3.7,
54039,2011-10-28 13:00:00,murfreesboro,TN,35.8455556,-86.3902778,dn6efjk,2011,10,fall,13,0.0,0,43.9,42.3,100.0,0.01,8.8,
54040,2011-10-28 13:45:00,pacifica,CA,37.6138889,-122.4858333,9q8vuz2,2011,10,fall,14,0.0,0,67.3,40.2,0.0,0.0,4.4,
54041,2011-10-28 16:39:00,scottsdale,AZ,33.5091667,-111.8983333,9tbqtsn,2011,10,fall,17,0.0,0,83.1,29.7,13.0,0.0,2.3,
54042,2011-10-28 18:20:00,los angeles (over lax),CA,34.0522222,-118.2427778,9q5ctr4,2011,10,fall,18,0.0,0,73.5,29.7,20.0,0.0,4.8,
54043,2011-10-28 19:00:00,baytown,TX,29.7352778,-94.9772222,9vk3ntp,2011,10,fall,19,0.0,0,61.9,42.6,86.0,0.0,14.8,
54044,2011-10-28 19:00:00,new bedford,MA,41.6361111,-70.9347222,drmscgd,2011,10,fall,19,0.0,0,43.4,28.7,100.0,0.0,4.3,
54045,2011-10-28 19:18:00,menomonie,WI,44.8755556,-91.9191667,9zyxk36,2011,10,fall,19,0.0,0,44.1,26.1,10.0,0.0,4.7,
54046,2011-10-28 19:50:00,boothwyn,PA,39.83,-75.4419444,dr46e6b,2011,10,fall,20,0.0,0,47.1,27.5,100.0,0.0,2.5,
54047,2011-10-28 20:10:00,lawrence,KS,38.9716667,-95.235,9yum8ye,2011,10,fall,20,0.0,0,52.5,22.2,0.0,0.0,4.5,
54048,2011-10-28 20:15:00,machesney park,IL,42.3472222,-89.0388889,dp88vv5,2011,10,fall,20,0.0,0,46.1,30.2,90.0,0.0,5.5,
54049,2011-10-28 21:00:00,los angeles,CA,34.0522222,-118.2427778,9q5ctr4,2011,10,fall,21,0.0,0,63.2,37.1,58.0,0.0,1.4,
54050,2011-10-28 21:30:00,jermyn,PA,41.5308333,-75.5458333,dr6k2bm,2011,10,fall,22,0.0,0,39.7,28.8,99.0,0.0,5.2,
54051,2011-10-28 21:30:00,tulsa,OK,36.1538889,-95.9925,9y7txts,2011,10,fall,22,0.0,0,50.1,33.0,0.0,0.0,6.1,
54052,2011-10-28 21:45:00,red hill,PA,40.3727778,-75.4813889,dr4mdms,2011,10,fall,22,0.0,0,44.1,31.0,100.0,0.0,2.1,
54053,2011-10-29 00:14:00,fort smith,AR,35.3858333,-94.3983333,9ykc7cv,2011,10,fall,00,0.333,2,47.0,35.1,0.0,0.0,3.6,
54054,2011-10-29 08:00:00,meredith,NH,43.6575,-71.5008333,drv0kgw,2011,10,fall,08,0.333,2,32.6,26.3,9.0,0.0,2.5,
54055,2011-10-29 10:30:00,wrightwood,CA,34.3608333,-117.6325,9qh77pn,2011,10,fall,10,0.333,2,59.1,5.0,0.0,0.0,4.1,
54056,2011-10-29 15:30:00,richmond,KY,37.7477778,-84.2947222,dnsn9zf,2011,10,fall,16,0.333,2,52.7,30.3,83.0,0.0,8.0,
54057,2011-10-29 20:00:00,cannon beach,OR,45.8919444,-123.9602778,c0pv54q,2011,10,fall,20,0.333,2,52.4,49.5,38.0,0.0,3.4,
54058,2011-10-29 20:00:00,williamsport,PA,41.2411111,-77.0013889,dr34xg9,2011,10,fall,20,0.333,2,34.5,32.5,100.0,0.01,6.6,
54059,2011-10-29 21:00:00,churubusco,IN,41.2305556,-85.3194444,dp76d9b,2011,10,fall,21,0.333,2,40.8,32.1,0.0,0.0,6.0,
54060,2011-10-29 21:30:00,effingham,IL,39.12,-88.5433333,dncn91s,2011,10,fall,22,0.333,2,44.1,32.0,0.0,0.0,4.0,
54061,2011-10-29 21:30:00,madison,WI,43.0730556,-89.4011111,dp8mj9h,2011,10,fall,22,0.333,2,36.6,27.2,98.0,0.0,5.4,
54062,2011-10-29 21:30:00,mingo,IA,41.7675,-93.2833333,9zmtt79,2011,10,fall,22,0.333,2,50.2,25.3,100.0,0.0,14.1,
54063,2011-10-29 21:55:00,hamilton,OH,39.3994444,-84.5613889,dp5b5u2,2011,10,fall,22,0.333,2,43.3,31.6,0.0,0.0,4.3,
54064,2011-10-29 22:00:00,encinitas,CA,33.0369444,-117.2911111,9muefyp,2011,10,fall,22,0.333,2,61.4,56.3,0.0,0.0,1.8,
54065,2011-10-29 22:00:00,waterbury,CT,41.5580556,-73.0519444,drkh3tm,2011,10,fall,22,0.333,2,33.7,30.3,100.0,0.07,16.8,
54066,2011-10-29 22:00:00,rockford,IL,42.2711111,-89.0938889,dp88kx5,2011,10,fall,22,0.333,2,36.8,27.2,95.0,0.0,5.1,
54067,2011-10-29 23:00:00,foxborough,MA,42.0652778,-71.2483333,drmr69y,2011,10,fall,23,0.333,2,34.9,34.9,100.0,0.09,14.3,
54068,2011-10-29 23:46:00,san leandro,CA,37.725,-122.155,9q9ns79,2011,10,fall,00,0.333,2,58.1,47.9,0.0,0.0,3.3,
54069,2011-10-30 00:00:00,indianapolis,IN,39.7683333,-86.1580556,dp4dprt,2011,10,fall,00,1.0,4,41.0,30.1,0.0,0.0,4.7,
54070,2011-10-30 00:00:00,berea,OH,41.3661111,-81.8544444,dpmg367,2011,10,fall,00,1.0,4,37.7,34.8,1.0,0.0,4.3,
54071,2011-10-30 00:30:00,north little rock,AR,34.7694444,-92.2669444,9ynmu3t,2011,10,fall,00,1.0,4,47.8,35.6,0.0,0.0,4.8,
54072,2011-10-30 05:22:00,pasco,WA,46.2397222,-119.0994444,c25r1cd,2011,10,fall,05,1.0,4,40.0,39.3,2.0,0.0,3.7,
54073,2011-10-30 10:00:00,denver,CO,39.7391667,-104.9841667,9xj6542,2011,10,fall,10,1.0,4,27.0,19.4,4.0,0.0,4.9,
54074,2011-10-30 16:00:00,laurel,MD,39.0991667,-76.8486111,dqcq7mb,2011,10,fall,16,1.0,4,50.8,30.0,0.0,0.0,4.2,
54075,2011-10-30 17:00:00,hackensack,NJ,40.8858333,-74.0438889,dr72e54,2011,10,fall,17,1.0,4,40.3,33.1,0.0,0.0,4.6,
54076,2011-10-30 17:30:00,nazareth,PA,40.7402778,-75.31,dr4ry28,2011,10,fall,18,1.0,4,34.7,30.3,0.0,0.0,4.5,
54077,2011-10-30 19:25:00,martinsville,VA,36.6913889,-79.8727778,dnx0wrq,2011,10,fall,19,1.0,4,47.9,32.7,78.0,0.0,6.3,
54078,2011-10-30 20:00:00,ripon,CA,37.7416667,-121.1233333,9q9yey8,2011,10,fall,20,1.0,4,66.1,43.6,0.0,0.0,5.1,
54079,2011-10-30 20:02:00,canyon lake,TX,29.875,-98.2622222,9v61gyx,2011,10,fall,20,1.0,4,63.6,44.5,0.0,0.0,4.7,
54080,2011-10-30 21:00:00,ronkonkoma,NY,40.8152778,-73.1127778,drk00q0,2011,10,fall,21,1.0,4,45.5,34.3,0.0,0.0,9.0,
54081,2011-10-30 21:05:00,ronkonkoma,NY,40.8152778,-73.1127778,drk00q0,2011,10,fall,21,1.0,4,45.5,34.3,0.0,0.0,9.0,
54082,2011-10-30 21:15:00,turner,ME,44.2563889,-70.2566667,dry5c28,2011,10,fall,21,1.0,4,33.5,26.9,0.0,0.0,6.6,
54083,2011-10-30 23:20:00,cleburne,TX,32.3475,-97.3863889,9vf8pbt,2011,10,fall,23,1.0,4,56.7,40.9,0.0,0.0,5.6,
54084,2011-10-30 23:30:00,columbus,OH,39.9611111,-82.9988889,dphgr6d,2011,10,fall,00,1.0,4,37.6,34.5,0.0,0.0,2.7,
54085,2011-10-31 00:00:00,hardshell,KY,37.4575,-83.2511111,dnsv1df,2011,10,fall,00,2.333,9,41.5,31.8,100.0,0.0,6.3,
54086,2011-10-31 00:15:00,colorado springs,CO,38.8338889,-104.8208333,9wvkytr,2011,10,fall,00,2.333,9,31.5,22.5,0.0,0.0,4.5,
54087,2011-10-31 06:45:00,torrance,CA,33.8358333,-118.3397222,9q5b7pe,2011,10,fall,07,2.333,9,58.4,54.1,59.0,0.0,0.9,
54088,2011-10-31 08:30:00,monroe,MI,41.9163889,-83.3977778,dpkwqnx,2011,10,fall,08,2.333,9,45.3,34.4,98.0,0.0,8.6,
54089,2011-10-31 19:00:00,wichita,KS,37.6922222,-97.3372222,9ydy3j9,2011,10,fall,19,2.333,9,64.1,42.3,0.0,0.0,11.4,
54090,2011-10-31 19:00:00,parma,OH,41.4047222,-81.7230556,dpmgs37,2011,10,fall,19,2.333,9,46.1,40.8,15.0,0.0,4.4,
54091,2011-10-31 19:00:00,dover,NH,43.1977778,-70.8741667,drttepz,2011,10,fall,19,2.333,9,41.1,33.5,98.0,0.0,5.1,
54092,2011-10-31 19:15:00,clovis,CA,36.8252778,-119.7019444,9qdckpg,2011,10,fall,19,2.333,9,69.9,46.6,0.0,0.0,5.8,
54093,2011-10-31 19:15:00,seattle,WA,47.6063889,-122.3308333,c23nb63,2011,10,fall,19,2.333,9,44.7,40.8,23.0,0.0,3.2,
54094,2011-10-31 19:20:00,castro valley,CA,37.6941667,-122.0852778,9q9nmyh,2011,10,fall,19,2.333,9,65.1,55.2,2.0,0.0,5.0,
54095,2011-10-31 19:30:00,thousand oaks,CA,34.1705556,-118.8366667,9q56ru9,2011,10,fall,20,2.333,9,66.0,55.9,0.0,0.0,2.0,
54096,2011-10-31 19:30:00,quincy,IL,39.9355556,-91.4097222,9zngpyj,2011,10,fall,20,2.333,9,48.8,31.1,0.0,0.0,5.6,
54097,2011-10-31 20:00:00,sarasota,FL,27.3361111,-82.5308333,dhv79bq,2011,10,fall,20,2.333,9,70.7,63.9,17.0,0.0,7.2,
54098,2011-10-31 20:15:00,rock springs,WY,41.5875,-109.2022222,9x6ke4c,2011,10,fall,20,2.333,9,47.0,31.0,27.0,0.0,10.4,
54099,2011-10-31 20:30:00,somers point,NJ,39.3175,-74.595,dqfzwt9,2011,10,fall,20,2.333,9,53.2,39.2,50.0,0.0,9.4,
54100,2011-10-31 20:30:00,lancaster,PA,40.0377778,-76.3058333,dr1ez8e,2011,10,fall,20,2.333,9,39.5,32.3,95.0,0.0,4.5,
54101,2011-10-31 20:40:00,portland,ME,43.6613889,-70.2558333,dry03k3,2011,10,fall,21,2.333,9,44.5,35.7,99.0,0.0,5.4,
54102,2011-10-31 21:00:00,hershey,PA,40.2858333,-76.6505556,dr1mpvb,2011,10,fall,21,2.333,9,36.0,31.2,81.0,0.0,4.5,
54103,2011-10-31 21:15:00,monroe,MI,41.9163889,-83.3977778,dpkwqnx,2011,10,fall,21,2.333,9,46.4,40.0,69.0,0.0,3.5,
54104,2011-10-31 21:30:00,round lake,IL,42.3533333,-88.0933333,dp92gqh,2011,10,fall,22,2.333,9,43.7,36.1,4.0,0.0,4.7,
54105,2011-10-31 23:00:00,lakeside,CA,32.8572222,-116.9213889,9mufgmk,2011,10,fall,23,2.333,9,61.1,53.5,8.0,0.0,1.3,
54106,2011-11-01 00:00:00,belchertown,MA,42.2769444,-72.4013889,drs882q,2011,11,fall,00,2.667,12,36.6,31.9,81.0,0.0,4.5,
54107,2011-11-01 01:15:00,san francisco,CA,37.775,-122.4183333,9q8yyk9,2011,11,fall,01,2.667,12,55.0,52.0,2.0,0.0,2.6,
54108,2011-11-01 02:05:00,denver,CO,39.7391667,-104.9841667,9xj6542,2011,11,fall,02,2.667,12,34.0,24.0,0.0,0.0,6.9,
54109,2011-11-01 02:17:00,perrysburg,OH,41.5569444,-83.6272222,dpks3j0,2011,11,fall,02,2.667,12,39.0,36.5,0.0,0.0,5.0,
54110,2011-11-01 02:45:00,akron,OH,41.0813889,-81.5191667,dpq18yx,2011,11,fall,03,2.667,12,36.2,35.6,0.0,0.0,4.3,
54111,2011-11-01 03:00:00,denver,CO,39.7391667,-104.9841667,9xj6542,2011,11,fall,03,2.667,12,33.5,23.5,0.0,0.0,7.1,
54112,2011-11-01 04:51:00,wadsworth,IL,42.4286111,-87.9238889,dp93r5z,2011,11,fall,05,2.667,12,43.2,36.7,19.0,0.0,9.5,
54113,2011-11-01 07:30:00,pasadena,TX,29.6908333,-95.2088889,9vk2cmp,2011,11,fall,08,2.667,12,54.0,49.3,0.0,0.0,3.4,
54114,2011-11-01 07:55:00,old river-winfree,TX,29.8680556,-94.8325,9vk9fj3,2011,11,fall,08,2.667,12,52.9,49.6,0.0,0.0,3.7,
54115,2011-11-01 17:20:00,myrtle beach,SC,33.6888889,-78.8869444,djzzsuu,2011,11,fall,17,2.667,12,61.0,40.5,0.0,0.0,11.1,
54116,2011-11-01 18:10:00,beaver,OH,39.0305556,-82.8244444,dnvn533,2011,11,fall,18,2.667,12,55.8,41.4,0.0,0.0,4.6,
54117,2011-11-01 19:30:00,turner,ME,44.2563889,-70.2566667,dry5c28,2011,11,fall,20,2.667,12,38.8,35.3,0.0,0.0,5.3,
54118,2011-11-01 19:31:00,o&#39fallon,IL,38.5922222,-89.9111111,dnb5d12,2011,11,fall,20,2.667,12,59.2,38.1,0.0,0.0,12.5,
54119,2011-11-01 20:15:00,yonkers,NY,40.9311111,-73.8991667,dr72y7k,2011,11,fall,20,2.667,12,43.5,38.5,0.0,0.0,3.9,
54120,2011-11-01 20:32:00,woodmere,NY,40.6319444,-73.7130556,dr5x4sg,2011,11,fall,21,2.667,12,46.9,37.8,0.0,0.0,6.4,
54121,2011-11-01 20:48:00,denham springs,LA,30.4866667,-90.9561111,9vrm6jz,2011,11,fall,21,2.667,12,61.4,53.2,0.0,0.0,7.8,
54122,2011-11-01 21:00:00,goldsboro,NC,35.3847222,-77.9930556,dq2931x,2011,11,fall,21,2.667,12,50.1,41.0,0.0,0.0,4.3,
54123,2011-11-01 21:05:00,menomonie,WI,44.8755556,-91.9191667,9zyxk36,2011,11,fall,21,2.667,12,46.6,36.7,87.0,0.0,5.8,
54124,2011-11-01 22:15:00,elgin,IL,42.0372222,-88.2811111,dp3pphe,2011,11,fall,22,2.667,12,56.1,41.6,0.0,0.0,12.9,
54125,2011-11-01 22:30:00,washingtonville,NY,41.4277778,-74.1663889,dr778m9,2011,11,fall,22,2.667,12,40.7,34.5,0.0,0.0,1.4,
54126,2011-11-01 23:00:00,sterling heights,MI,42.5802778,-83.0302778,dpsfnxe,2011,11,fall,23,2.667,12,48.4,40.5,0.0,0.0,10.5,
54127,2011-11-01 23:10:00,round mountain,TX,30.4313889,-98.3444444,9v6j45g,2011,11,fall,23,2.667,12,64.3,53.8,0.0,0.0,12.8,
54128,2011-11-02 00:00:00,new york city (bronx),NY,40.7141667,-74.0063889,dr5regy,2011,11,fall,00,1.333,5,38.3,35.4,0.0,0.0,3.8,
54129,2011-11-02 01:00:00,elkhart,TX,31.625,-95.5791667,9vs5cj1,2011,11,fall,01,1.333,5,61.4,54.8,1.0,0.0,9.5,
54130,2011-11-02 01:30:00,manchester,TN,35.4816667,-86.0886111,dn6cc50,2011,11,fall,02,1.333,5,47.0,36.6,0.0,0.0,8.1,
54131,2011-11-02 10:08:00,miami,FL,25.7738889,-80.1938889,dhwfx5u,2011,11,fall,10,1.333,5,74.3,68.8,24.0,0.0,15.3,
54132,2011-11-02 11:10:00,las vegas,NV,36.175,-115.1363889,9qqju12,2011,11,fall,11,1.333,5,56.1,7.8,0.0,0.0,12.0,
54133,2011-11-02 13:30:00,denver,CO,39.7391667,-104.9841667,9xj6542,2011,11,fall,14,1.333,5,28.3,22.3,57.0,0.0,5.4,
54134,2011-11-02 15:50:00,hermosa beach,CA,33.8622222,-118.3986111,9q5b9u2,2011,11,fall,16,1.333,5,81.9,8.0,0.0,0.0,3.0,
54135,2011-11-02 19:00:00,oakville,CT,41.5933333,-73.0858333,drkh8gu,2011,11,fall,19,1.333,5,45.7,39.6,0.0,0.0,5.0,
54136,2011-11-02 19:15:00,linville,NC,36.0663889,-81.8705556,dnmv0vx,2011,11,fall,19,1.333,5,47.3,38.2,31.0,0.0,4.6,
54137,2011-11-02 20:20:00,mesa,AZ,33.4222222,-111.8219444,9tbqpkm,2011,11,fall,20,1.333,5,66.0,8.3,0.0,0.0,5.6,
54138,2011-11-02 21:45:00,apple valley,MN,44.7319444,-93.2175,9zvwqz1,2011,11,fall,22,1.333,5,42.3,27.8,17.0,0.0,7.5,
54139,2011-11-02 22:30:00,hyattsville,MD,38.9558333,-76.9458333,dqcm959,2011,11,fall,22,1.333,5,46.6,41.6,16.0,0.0,5.5,
54140,2011-11-02 23:45:00,clinton,MS,32.3413889,-90.3216667,9vxzbxt,2011,11,fall,00,1.333,5,52.7,39.2,0.0,0.0,7.1,
54141,2011-11-03 00:43:00,seffner,FL,27.9833333,-82.2758333,dhvrpy0,2011,11,fall,01,0.0,0,63.1,57.9,13.0,0.0,6.8,
54142,2011-11-03 00:55:00,clayton,NC,35.6505556,-78.4566667,dq24y9v,2011,11,fall,01,0.0,0,43.7,39.0,0.0,0.0,4.5,
54143,2011-11-03 04:40:00,charlotte,NC,35.2269444,-80.8433333,dnq82kg,2011,11,fall,05,0.0,0,39.3,36.4,0.0,0.0,4.5,
54144,2011-11-03 07:30:00,sarasota,FL,27.3361111,-82.5308333,dhv79bq,2011,11,fall,08,0.0,0,65.2,61.2,31.0,0.0,5.7,
54145,2011-11-03 17:03:00,mechanicville,NY,42.9027778,-73.6877778,dres54n,2011,11,fall,17,0.0,0,55.2,46.2,96.0,0.0,3.2,
54146,2011-11-03 18:50:00,englewood,FL,26.9616667,-82.3527778,dhv3qh0,2011,11,fall,19,0.0,0,73.4,63.7,56.0,0.0,6.7,
54147,2011-11-03 19:10:00,gresham,OR,45.4983333,-122.4302778,c20fy48,2011,11,fall,19,0.0,0,42.1,39.9,57.0,0.0,2.6,
54148,2011-11-03 19:21:00,woodville,WI,44.9530556,-92.2911111,9zyrez7,2011,11,fall,19,0.0,0,43.1,28.3,0.0,0.0,3.5,
54149,2011-11-03 19:30:00,new york city,NY,40.7141667,-74.0063889,dr5regy,2011,11,fall,20,0.0,0,49.8,45.1,1.0,0.0,4.8,
54150,2011-11-03 19:30:00,fort myers beach,FL,26.4516667,-81.9483333,dhtwrpr,2011,11,fall,20,0.0,0,71.7,64.9,13.0,0.0,3.1,
54151,2011-11-03 19:30:00,venice,FL,27.0994444,-82.4544444,dhv65tq,2011,11,fall,20,0.0,0,71.8,64.9,21.0,0.0,7.0,
54152,2011-11-03 19:30:00,venice,FL,27.0994444,-82.4544444,dhv65tq,2011,11,fall,20,0.0,0,71.8,64.9,21.0,0.0,7.0,
54153,2011-11-03 20:00:00,englewood,FL,26.9616667,-82.3527778,dhv3qh0,2011,11,fall,20,0.0,0,72.3,64.3,27.0,0.0,7.5,
54154,2011-11-03 20:05:00,englewood,FL,26.9616667,-82.3527778,dhv3qh0,2011,11,fall,20,0.0,0,72.3,64.3,27.0,0.0,7.5,
54155,2011-11-03 20:52:00,saint stephen,SC,33.4041667,-79.9219444,djznj34,2011,11,fall,21,0.0,0,62.0,55.3,13.0,0.0,10.2,
54156,2011-11-03 21:05:00,katy,TX,29.7855556,-95.8241667,9v7c7qq,2011,11,fall,21,0.0,0,54.6,23.2,0.0,0.0,7.9,
54157,2011-11-04 00:00:00,panhandle,TX,35.3455556,-101.38,9wrcj43,2011,11,fall,00,1.333,5,39.3,20.8,37.0,0.0,10.3,
54158,2011-11-04 02:05:00,bryan,TX,30.6741667,-96.3697222,9v7qx01,2011,11,fall,02,1.333,5,43.7,19.6,0.0,0.0,4.9,
54159,2011-11-04 04:30:00,fulton,NY,43.3227778,-76.4175,dr9wmnd,2011,11,fall,04,1.333,5,41.6,32.8,99.0,0.0,8.7,
54160,2011-11-04 14:30:00,crystal beach,TX,29.4569444,-94.6394444,9vhxw6m,2011,11,fall,14,1.333,5,64.3,30.2,0.0,0.0,2.9,
54161,2011-11-04 17:13:00,tarpon springs,FL,28.1458333,-82.7569444,djj0hgf,2011,11,fall,17,1.333,5,61.6,50.9,32.0,0.0,18.2,
54162,2011-11-04 19:00:00,sumner,WA,47.2033333,-122.2391667,c23hd3h,2011,11,fall,19,1.333,5,41.7,35.8,74.0,0.0,3.2,
54163,2011-11-04 21:30:00,shady side,MD,38.8416667,-76.5125,dqcsfyv,2011,11,fall,22,1.333,5,47.4,29.6,3.0,0.0,15.5,
54164,2011-11-04 22:00:00,manchester,CT,41.7758333,-72.5219444,drkmttp,2011,11,fall,22,1.333,5,37.6,23.4,0.0,0.0,9.2,
54165,2011-11-04 22:15:00,lawrenceville,GA,33.9561111,-83.9880556,dnh30v9,2011,11,fall,22,1.333,5,52.1,42.6,0.0,0.0,7.4,
54166,2011-11-05 01:00:00,warrenville,SC,33.5508333,-81.8041667,djvyfe8,2011,11,fall,01,0.0,0,52.4,44.0,0.0,0.0,9.2,
54167,2011-11-05 05:00:00,boston,MA,42.3583333,-71.0602778,drt2yzp,2011,11,fall,05,0.0,0,33.8,22.8,6.0,0.0,12.0,
54168,2011-11-05 05:00:00,kabetogama,MN,48.4377778,-93.0272222,cbtge1g,2011,11,fall,05,0.0,0,39.0,29.3,26.0,0.0,11.6,
54169,2011-11-05 11:01:00,huntington,WV,38.4191667,-82.4452778,dnv6ecv,2011,11,fall,11,0.0,0,47.0,32.4,0.0,0.0,4.7,
54170,2011-11-05 17:01:00,santa ana,CA,33.7455556,-117.8669444,9mupvz5,2011,11,fall,17,0.0,0,58.4,36.8,0.0,0.0,6.0,
54171,2011-11-05 18:00:00,la plata,MD,38.5291667,-76.9755556,dqc70qh,2011,11,fall,18,0.0,0,47.1,33.7,0.0,0.0,3.3,
54172,2011-11-05 18:15:00,elsmere,DE,39.7391667,-75.5983333,dr44pdq,2011,11,fall,18,0.0,0,46.1,29.5,0.0,0.0,3.5,
54173,2011-11-05 19:00:00,muscatine,IA,41.4244444,-91.0430556,9zr78m0,2011,11,fall,19,0.0,0,51.0,44.0,76.0,0.0,11.0,
54174,2011-11-05 19:00:00,honesdale,PA,41.5766667,-75.2591667,dr6kx2v,2011,11,fall,19,0.0,0,41.2,29.3,0.0,0.0,4.2,
54175,2011-11-05 19:15:00,flemington,NJ,40.5122222,-74.8597222,dr4y2x0,2011,11,fall,19,0.0,0,43.0,30.6,0.0,0.0,4.0,
54176,2011-11-05 20:00:00,grand rivers,KY,37.0030556,-88.2344444,dn9680j,2011,11,fall,20,0.0,0,54.2,45.6,4.0,0.0,6.7,
54177,2011-11-05 21:00:00,troy,MI,42.6055556,-83.15,dpsf7uh,2011,11,fall,21,0.0,0,41.0,35.0,0.0,0.0,7.0,
54178,2011-11-05 21:10:00,naples,FL,26.1416667,-81.795,dhtudwy,2011,11,fall,21,0.0,0,69.3,61.6,15.0,0.0,11.8,
54179,2011-11-05 21:30:00,torrington,WY,42.065,-104.1811111,9xmzm39,2011,11,fall,22,0.0,0,36.5,23.6,44.0,0.0,18.5,
54180,2011-11-05 22:00:00,capistrano beach,CA,33.4625,-117.6708333,9muq67d,2011,11,fall,22,0.0,0,52.8,44.4,2.0,0.0,2.1,
54181,2011-11-05 23:00:00,seattle,WA,47.6063889,-122.3308333,c23nb63,2011,11,fall,23,0.0,0,38.0,31.7,5.0,0.0,3.4,
54182,2011-11-06 01:00:00,lynn,MA,42.4666667,-70.95,drt996z,2011,11,fall,01,1.667,6,38.0,31.5,0.0,0.0,6.6,
54183,2011-11-06 05:30:00,rochester,NY,43.1547222,-77.6158333,dr8v9b1,2011,11,fall,06,1.667,6,36.7,21.0,22.0,0.0,11.0,
54184,2011-11-06 06:10:00,tracy,CA,37.7397222,-121.4241667,9q9wsym,2011,11,fall,06,1.667,6,47.3,45.5,15.0,0.0,3.4,
54185,2011-11-06 06:30:00,dothan,AL,31.2230556,-85.3905556,dje38gu,2011,11,fall,06,1.667,6,47.9,38.1,37.0,0.0,7.7,
54186,2011-11-06 11:30:00,northridge,CA,34.2283333,-118.5358333,9q5dwxh,2011,11,fall,12,1.667,6,49.5,43.3,100.0,0.02,2.6,
54187,2011-11-06 13:00:00,west long branch,NJ,40.3041667,-73.9927778,dr5mk30,2011,11,fall,13,1.667,6,51.2,37.9,19.0,0.0,5.7,
54188,2011-11-06 14:00:00,orchard park,NY,42.7675,-78.7441667,dr8521s,2011,11,fall,14,1.667,6,55.7,28.6,0.0,0.0,9.4,
54189,2011-11-06 17:40:00,knoxville,TN,35.9605556,-83.9208333,dnkkd66,2011,11,fall,18,1.667,6,57.2,47.4,29.0,0.0,2.0,
54190,2011-11-06 18:00:00,brewster,MA,41.76,-70.0833333,drqjt4n,2011,11,fall,18,1.667,6,49.8,38.7,0.0,0.0,18.1,
54191,2011-11-06 18:02:00,columbus,OH,39.9611111,-82.9988889,dphgr6d,2011,11,fall,18,1.667,6,54.8,37.6,4.0,0.0,7.4,
54192,2011-11-06 18:35:00,rohnert park,CA,38.3397222,-122.7,9qbdpgs,2011,11,fall,19,1.667,6,51.7,44.9,21.0,0.0,6.7,
54193,2011-11-06 18:35:00,harrisburg,PA,40.2736111,-76.8847222,dr1m47w,2011,11,fall,19,1.667,6,45.6,39.2,1.0,0.0,5.9,
54194,2011-11-06 19:00:00,frankfort,KY,38.2008333,-84.8733333,dng9kdj,2011,11,fall,19,1.667,6,53.9,41.8,0.0,0.0,6.2,
54195,2011-11-06 19:30:00,crossville,TN,35.9488889,-85.0269444,dn7s90m,2011,11,fall,20,1.667,6,49.5,44.5,1.0,0.0,6.7,
54196,2011-11-06 20:30:00,portland,OR,45.5236111,-122.675,c20fbrq,2011,11,fall,20,1.667,6,45.1,39.6,64.0,0.0,3.6,
54197,2011-11-06 22:30:00,greer,SC,34.9386111,-82.2272222,dnjwbb7,2011,11,fall,22,1.667,6,48.4,45.1,34.0,0.0,4.0,
54198,2011-11-06 22:57:00,farmington,NH,43.3897222,-71.0655556,drtqyfg,2011,11,fall,23,1.667,6,37.2,30.1,0.0,0.0,7.4,
54199,2011-11-06 23:00:00,morganton,NC,35.7452778,-81.685,dnmgm5n,2011,11,fall,23,1.667,6,45.9,43.1,34.0,0.0,1.7,
54200,2011-11-06 23:40:00,annapolis,MD,38.9783333,-76.4925,dqcterg,2011,11,fall,00,1.667,6,44.1,34.9,0.0,0.0,6.5,
54201,2011-11-07 00:30:00,poland,OH,41.0241667,-80.615,dpq9ms1,2011,11,fall,00,2.333,9,43.2,36.2,0.0,0.0,8.0,
54202,2011-11-07 08:58:00,columbus,OH,39.9611111,-82.9988889,dphgr6d,2011,11,fall,09,2.333,9,49.9,42.1,86.0,0.0,5.9,
54203,2011-11-07 10:30:00,alpine,TX,30.3583333,-103.6605556,9tqk9ns,2011,11,fall,10,2.333,9,61.0,22.7,0.0,0.0,8.7,
54204,2011-11-07 11:10:00,savannah,GA,32.0833333,-81.1,djwqd88,2011,11,fall,11,2.333,9,64.9,56.1,20.0,0.0,12.5,
54205,2011-11-07 16:30:00,leland,NC,34.2561111,-78.045,dq0dbh1,2011,11,fall,16,2.333,9,69.4,53.5,2.0,0.0,7.6,
54206,2011-11-07 17:30:00,pleasanton,TX,28.9669444,-98.4783333,9v1uz16,2011,11,fall,18,2.333,9,80.3,65.1,97.0,0.0,11.9,
54207,2011-11-07 18:30:00,sebastopol,CA,38.4022222,-122.8227778,9qbdmng,2011,11,fall,18,2.333,9,54.7,45.2,0.0,0.0,2.9,
54208,2011-11-07 19:00:00,tyrone,PA,40.6705556,-78.2388889,dr0r7eu,2011,11,fall,19,2.333,9,54.0,47.8,4.0,0.0,5.1,
54209,2011-11-07 19:00:00,laurens,SC,34.4988889,-82.0144444,dnjsm8q,2011,11,fall,19,2.333,9,62.0,50.6,0.0,0.0,4.1,
54210,2011-11-07 23:00:00,johnson city,TN,36.3133333,-82.3536111,dnmqtfx,2011,11,fall,23,2.333,9,44.4,43.2,0.0,0.0,4.8,
54211,2011-11-07 23:15:00,grove city,OH,39.8813889,-83.0930556,dphfvhj,2011,11,fall,23,2.333,9,51.2,47.8,4.0,0.0,5.8,
54212,2011-11-08 00:00:00,yukon,OK,35.5066667,-97.7622222,9y63zrg,2011,11,fall,00,0.0,0,62.7,61.9,100.0,0.08,10.3,
54213,2011-11-08 00:00:00,pinnacle,NC,36.3291667,-80.4333333,dnqy9tw,2011,11,fall,00,0.0,0,48.5,44.8,0.0,0.0,1.6,
54214,2011-11-08 16:40:00,bellevue,WA,47.6105556,-122.1994444,c23ng71,2011,11,fall,17,0.0,0,50.5,42.3,100.0,0.0,1.8,
54215,2011-11-08 18:15:00,utica,NY,43.1008333,-75.2330556,drdt0n2,2011,11,fall,18,0.0,0,57.8,52.5,0.0,0.0,5.1,
54216,2011-11-08 18:30:00,terre haute,IN,39.4666667,-87.4138889,dp1bdbe,2011,11,fall,18,0.0,0,65.0,55.4,77.0,0.01,4.9,
54217,2011-11-08 18:30:00,duncan,AZ,32.7213889,-109.1047222,9tf6jk8,2011,11,fall,18,0.0,0,53.2,29.2,62.0,0.0,4.4,
54218,2011-11-08 19:00:00,monroe,NC,34.9852778,-80.5497222,dnnxp0c,2011,11,fall,19,0.0,0,61.2,53.3,0.0,0.0,3.7,
54219,2011-11-08 19:00:00,wickenburg,AZ,33.9686111,-112.7288889,9qpc4zc,2011,11,fall,19,0.0,0,51.5,40.0,0.0,0.0,4.6,
54220,2011-11-08 20:00:00,newalla,OK,35.405,-97.1625,9y6cmj2,2011,11,fall,20,0.0,0,50.9,43.7,100.0,0.0,12.1,
54221,2011-11-08 20:30:00,davidsonville,MD,38.9227778,-76.6286111,dqct2m8,2011,11,fall,20,0.0,0,53.2,49.4,0.0,0.0,4.3,
54222,2011-11-08 21:00:00,lebanon,ME,43.3944444,-70.8513889,drtwgex,2011,11,fall,21,0.0,0,51.2,45.6,2.0,0.0,3.9,
54223,2011-11-08 22:00:00,freeport,ME,43.8569444,-70.1036111,dry1kzb,2011,11,fall,22,0.0,0,47.8,44.3,6.0,0.0,1.1,
54224,2011-11-08 22:00:00,andreas,PA,40.7516667,-75.7927778,dr4pg69,2011,11,fall,22,0.0,0,52.1,48.6,13.0,0.0,5.9,
54225,2011-11-08 23:00:00,morganton,NC,35.7452778,-81.685,dnmgm5n,2011,11,fall,23,0.0,0,49.2,46.1,8.0,0.0,1.6,
54226,2011-11-09 04:30:00,albany,OR,44.6366667,-123.1047222,9rbmytv,2011,11,fall,04,0.0,0,43.6,40.1,100.0,0.0,3.1,
54227,2011-11-09 06:00:00,moncks corner,SC,33.1958333,-80.0133333,djzhg70,2011,11,fall,06,0.0,0,50.9,49.1,0.0,0.0,5.5,
54228,2011-11-09 17:00:00,phoenix,AZ,33.4483333,-112.0733333,9tbq39n,2011,11,fall,17,0.0,0,69.0,35.5,0.0,0.0,3.4,
54229,2011-11-09 17:45:00,san pedro,CA,33.7358333,-118.2913889,9mgzujq,2011,11,fall,18,0.0,0,64.5,46.5,100.0,0.0,4.8,
54230,2011-11-09 18:40:00,arvada,CO,39.8027778,-105.0869444,9xj62ty,2011,11,fall,19,0.0,0,28.2,13.6,0.0,0.0,5.0,
54231,2011-11-09 18:45:00,olympia,WA,47.0380556,-122.8994444,c22ee75,2011,11,fall,19,0.0,0,51.8,49.6,99.0,0.0,1.8,
54232,2011-11-09 19:00:00,columbia,SC,34.0005556,-81.035,dnn3kj8,2011,11,fall,19,0.0,0,62.9,53.3,98.0,0.0,1.9,
54233,2011-11-09 19:00:00,blacksburg,VA,37.2294444,-80.4141667,dnwgf1k,2011,11,fall,19,0.0,0,53.7,46.7,100.0,0.0,5.7,
54234,2011-11-09 19:40:00,big sky,MT,45.2847222,-111.3675,c80c9gb,2011,11,fall,20,0.0,0,21.7,13.5,0.0,0.0,6.3,
54235,2011-11-09 22:30:00,hobart,WA,47.4219444,-121.9716667,c23mb2y,2011,11,fall,22,0.0,0,44.2,35.8,100.0,0.0,8.1,
54236,2011-11-09 23:00:00,umatilla,FL,28.9291667,-81.6658333,djjutdk,2011,11,fall,23,0.0,0,62.9,59.7,7.0,0.0,4.2,
54237,2011-11-10 01:00:00,sarasota,FL,27.3361111,-82.5308333,dhv79bq,2011,11,fall,01,1.667,6,66.3,61.9,0.0,0.0,9.5,
54238,2011-11-10 03:00:00,malibu,CA,34.005,-118.8091667,9q592qm,2011,11,fall,03,1.667,6,55.2,36.9,77.0,0.0,8.5,
54239,2011-11-10 17:05:00,canyon lake,CA,33.685,-117.2722222,9muxekh,2011,11,fall,17,1.667,6,66.1,41.9,100.0,0.0,4.9,
54240,2011-11-10 17:30:00,gig harbor,WA,47.3294444,-122.5788889,c22v68h,2011,11,fall,18,1.667,6,52.6,45.0,10.0,0.0,4.9,
54241,2011-11-10 20:30:00,minneapolis,MN,44.98,-93.2636111,9zvxvsr,2011,11,fall,20,1.667,6,35.1,20.5,56.0,0.0,4.3,
54242,2011-11-10 21:00:00,stockbridge,GA,33.5441667,-84.2338889,djung4w,2011,11,fall,21,1.667,6,49.1,26.1,0.0,0.0,11.2,
54243,2011-11-10 21:00:00,galivants ferry,SC,34.0561111,-79.2466667,dnp9sxw,2011,11,fall,21,1.667,6,57.0,51.7,96.0,0.0,11.3,
54244,2011-11-10 21:30:00,frisco,TX,33.1505556,-96.8233333,9vghsdz,2011,11,fall,22,1.667,6,49.2,35.0,0.0,0.0,6.0,
54245,2011-11-11 03:30:00,seattle,WA,47.6063889,-122.3308333,c23nb63,2011,11,fall,04,0.0,0,41.3,35.6,76.0,0.0,5.9,
54246,2011-11-11 10:18:00,cincinnati,OH,39.1619444,-84.4569444,dngyy1h,2011,11,fall,10,0.0,0,34.4,24.8,0.0,0.0,7.4,
54247,2011-11-11 11:20:00,scottsdale,AZ,33.5091667,-111.8983333,9tbqtsn,2011,11,fall,11,0.0,0,66.0,33.9,100.0,0.0,3.7,
54248,2011-11-11 11:53:00,austin,TX,30.2669444,-97.7427778,9v6kpvc,2011,11,fall,12,0.0,0,63.9,24.2,0.0,0.0,11.3,
54249,2011-11-11 16:25:00,mercer island,WA,47.5708333,-122.2208333,c23ndu1,2011,11,fall,16,0.0,0,44.3,43.5,95.0,0.11,11.7,
54250,2011-11-11 18:05:00,greensboro,NC,36.0725,-79.7922222,dnrm0qc,2011,11,fall,18,0.0,0,46.0,24.5,0.0,0.0,4.0,
54251,2011-11-11 20:00:00,dover,DE,39.1580556,-75.5247222,dqfqc2s,2011,11,fall,20,0.0,0,45.2,25.6,0.0,0.0,12.3,
54252,2011-11-11 20:10:00,fairbanks,AK,64.8377778,-147.7163889,bewbyek,2011,11,fall,20,0.0,0,17.4,10.4,100.0,0.0,9.8,
54253,2011-11-11 20:15:00,harbor city,CA,33.79,-118.2969444,9q5bhp6,2011,11,fall,20,0.0,0,60.5,53.7,78.0,0.0,6.7,
54254,2011-11-11 20:45:00,cumberland,MD,39.6527778,-78.7627778,dppcxdw,2011,11,fall,21,0.0,0,36.7,23.2,7.0,0.0,6.0,
54255,2011-11-11 22:30:00,fremont,IN,41.7308333,-84.9327778,dp7t7kc,2011,11,fall,22,0.0,0,36.4,23.9,45.0,0.0,12.5,
54256,2011-11-11 22:30:00,duluth,MN,46.7833333,-92.1063889,cbqd0hd,2011,11,fall,22,0.0,0,38.8,31.0,5.0,0.0,12.6,
54257,2011-11-11 22:55:00,cromwell,CT,41.595,-72.6458333,drkkduh,2011,11,fall,23,0.0,0,41.0,26.2,1.0,0.0,10.5,
54258,2011-11-11 23:15:00,osceola,AR,35.705,-89.9694444,dn250ey,2011,11,fall,23,0.0,0,53.4,33.0,0.0,0.0,13.0,
54259,2011-11-11 23:23:00,albany,NY,42.6525,-73.7566667,dred9ss,2011,11,fall,23,0.0,0,38.8,30.8,16.0,0.0,9.1,
54260,2011-11-12 05:30:00,dixon,IL,41.8388889,-89.4794444,dp2q5be,2011,11,fall,06,0.0,0,37.3,35.2,0.0,0.0,5.6,
54261,2011-11-12 05:53:00,bethlehem,PA,40.6258333,-75.3708333,dr4rhgs,2011,11,fall,06,0.0,0,31.7,25.0,0.0,0.0,6.0,
54262,2011-11-12 11:50:00,chandler,AZ,33.3061111,-111.8405556,9tbmrp0,2011,11,fall,12,0.0,0,73.1,27.2,43.0,0.0,7.5,
54263,2011-11-12 13:00:00,akron,OH,41.0813889,-81.5191667,dpq18yx,2011,11,fall,13,0.0,0,53.6,34.7,0.0,0.0,12.8,
54264,2011-11-12 17:00:00,harrisonburg,VA,38.4494444,-78.8691667,dnzftr9,2011,11,fall,17,0.0,0,55.9,34.3,0.0,0.0,7.6,
54265,2011-11-12 18:00:00,milford,NE,40.7744444,-97.0502778,9z4zzwf,2011,11,fall,18,0.0,0,53.5,36.1,0.0,0.0,6.7,
54266,2011-11-12 18:26:00,rancho cucamonga,CA,34.1063889,-117.5922222,9qh6h0g,2011,11,fall,18,0.0,0,56.4,48.8,100.0,0.02,2.2,
54267,2011-11-12 18:30:00,fort lauderdale,FL,26.1219444,-80.1436111,dhxh873,2011,11,fall,18,0.0,0,71.9,55.3,47.0,0.0,8.9,
54268,2011-11-12 19:00:00,hanover,MA,42.1130556,-70.8125,drmxsd7,2011,11,fall,19,0.0,0,48.1,35.9,0.0,0.0,13.1,
54269,2011-11-12 19:00:00,uniondale,NY,40.7002778,-73.5933333,dr5xt36,2011,11,fall,19,0.0,0,51.5,39.2,0.0,0.0,11.0,
54270,2011-11-12 19:20:00,st. petersburg,FL,27.7705556,-82.6794444,dhvjyx6,2011,11,fall,19,0.0,0,69.7,53.9,19.0,0.0,5.6,
54271,2011-11-12 20:00:00,portsmouth,NH,43.0716667,-70.7630556,drttj8z,2011,11,fall,20,0.0,0,44.9,30.1,0.0,0.0,12.3,
54272,2011-11-12 20:00:00,whittier (viewed from),CA,33.9791667,-118.0319444,9qh161e,2011,11,fall,20,0.0,0,55.0,49.7,94.0,0.0,4.2,
54273,2011-11-12 21:20:00,canton,MA,42.1583333,-71.1452778,drmrv49,2011,11,fall,21,0.0,0,46.0,34.4,0.0,0.0,9.7,
54274,2011-11-12 22:15:00,mechanicsburg,PA,40.2141667,-77.0088889,dr1hz8g,2011,11,fall,22,0.0,0,45.3,36.6,60.0,0.0,8.1,
54275,2011-11-12 22:15:00,troy,OH,40.0394444,-84.2033333,dph5gbv,2011,11,fall,22,0.0,0,52.3,31.6,100.0,0.0,15.2,
54276,2011-11-12 23:30:00,savannah,GA,32.0833333,-81.1,djwqd88,2011,11,fall,00,0.0,0,46.5,32.3,0.0,0.0,5.4,
54277,2011-11-13 09:45:00,astoria,NY,40.7719444,-73.9305556,dr5rvwm,2011,11,fall,10,0.333,2,48.4,40.4,96.0,0.0,5.8,
54278,2011-11-13 18:30:00,akron,OH,41.0813889,-81.5191667,dpq18yx,2011,11,fall,18,0.333,2,59.1,45.2,94.0,0.0,16.8,
54279,2011-11-13 20:00:00,ross,OH,39.3122222,-84.6505556,dngz9sx,2011,11,fall,20,0.333,2,64.2,52.2,56.0,0.0,16.7,
54280,2011-11-13 20:00:00,uniondale,NY,40.7002778,-73.5933333,dr5xt36,2011,11,fall,20,0.333,2,55.4,41.8,100.0,0.0,15.8,
54281,2011-11-13 21:00:00,goose creek,SC,32.9808333,-80.0327778,djz5dgc,2011,11,fall,21,0.333,2,59.3,53.5,74.0,0.0,5.9,
54282,2011-11-13 21:20:00,chesterfield,MO,38.6630556,-90.5769444,9yzefy7,2011,11,fall,21,0.333,2,60.3,49.5,93.0,0.0,7.5,
54283,2011-11-13 21:45:00,crandall,TX,32.6277778,-96.4555556,9vg3t5e,2011,11,fall,22,0.333,2,72.8,59.1,86.0,0.0,12.1,
54284,2011-11-13 23:30:00,covington,WA,47.3483333,-122.1136111,c23jm5x,2011,11,fall,00,0.333,2,44.9,44.6,92.0,0.01,13.0,
54285,2011-11-14 15:08:00,wautoma,WI,44.0747222,-89.2877778,dpbd8pw,2011,11,fall,15,1.333,5,51.7,37.6,32.0,0.01,12.1,
54286,2011-11-14 17:40:00,kansas city,MO,39.0997222,-94.5783333,9yuwrvf,2011,11,fall,18,1.333,5,56.7,35.9,98.0,0.0,5.7,
54287,2011-11-14 17:45:00,worcester,MA,42.2625,-71.8027778,drsbqjd,2011,11,fall,18,1.333,5,56.6,48.7,35.0,0.0,8.1,
54288,2011-11-14 18:05:00,lafayette,IA,42.1469444,-91.68,9zqzcb8,2011,11,fall,18,1.333,5,53.5,34.6,24.0,0.0,9.4,
54289,2011-11-14 18:50:00,green river,WY,41.5286111,-109.4655556,9x6hm01,2011,11,fall,19,1.333,5,32.1,19.4,81.0,0.0,15.8,
54290,2011-11-14 18:50:00,san bernardino,CA,34.1083333,-117.2888889,9qhd510,2011,11,fall,19,1.333,5,55.1,49.9,16.0,0.0,3.1,
54291,2011-11-14 19:15:00,gainesville,FL,29.6513889,-82.325,djm2wtu,2011,11,fall,19,1.333,5,74.9,55.3,12.0,0.0,6.1,
54292,2011-11-14 20:00:00,fountain hills,AZ,33.6116667,-111.7166667,9tbx1yf,2011,11,fall,20,1.333,5,60.5,48.2,1.0,0.0,2.1,
54293,2011-11-14 20:05:00,seattle,WA,47.6063889,-122.3308333,c23nb63,2011,11,fall,20,1.333,5,36.1,34.9,45.0,0.01,4.5,
54294,2011-11-14 21:00:00,friendship,WI,43.9705556,-89.8166667,dpb4hht,2011,11,fall,21,1.333,5,45.5,31.4,0.0,0.0,11.2,
54295,2011-11-14 23:00:00,grand junction,CO,39.0638889,-108.55,9wfy1zk,2011,11,fall,23,1.333,5,34.8,28.6,0.0,0.0,4.6,
54296,2011-11-15 00:30:00,harrisburg,PA,40.2736111,-76.8847222,dr1m47w,2011,11,fall,00,1.667,6,60.8,52.9,82.0,0.0,10.0,
54297,2011-11-15 16:00:00,petersburg,VA,37.2277778,-77.4022222,dq8gy9j,2011,11,fall,16,1.667,6,72.8,60.0,100.0,0.0,4.9,
54298,2011-11-15 17:30:00,parma,OH,41.4047222,-81.7230556,dpmgs37,2011,11,fall,18,1.667,6,54.2,46.1,67.0,0.0,9.0,
54299,2011-11-15 17:43:00,brentwood,NH,42.9786111,-71.0733333,drtkw8j,2011,11,fall,18,1.667,6,55.4,45.9,100.0,0.0,4.9,
54300,2011-11-15 18:32:00,neenah,WI,44.1858333,-88.4625,dpc56gz,2011,11,fall,19,1.667,6,45.1,36.3,0.0,0.0,10.8,
54301,2011-11-15 19:00:00,spokane,WA,47.6588889,-117.425,c2krpuj,2011,11,fall,19,1.667,6,29.8,10.1,0.0,0.0,5.9,
54302,2011-11-15 19:00:00,o&#39fallon,MO,38.8105556,-90.6997222,9yzsb14,2011,11,fall,19,1.667,6,60.0,52.8,33.0,0.0,5.6,
54303,2011-11-15 19:32:00,kent,WA,47.3811111,-122.2336111,c23jd92,2011,11,fall,20,1.667,6,38.6,35.7,69.0,0.0,3.0,
54304,2011-11-15 19:35:00,seattle,WA,47.6063889,-122.3308333,c23nb63,2011,11,fall,20,1.667,6,36.4,32.6,69.0,0.0,3.0,
54305,2011-11-15 19:42:00,washougal (nearest),WA,45.5827778,-122.3522222,c20grf1,2011,11,fall,20,1.667,6,42.2,37.9,85.0,0.0,3.4,
54306,2011-11-15 20:00:00,ferndale,WA,48.8466667,-122.5897222,c28vfkk,2011,11,fall,20,1.667,6,37.5,32.1,12.0,0.0,4.5,
54307,2011-11-15 20:45:00,oroville,CA,39.5138889,-121.5552778,9r18ccq,2011,11,fall,21,1.667,6,51.0,40.1,21.0,0.0,4.0,
54308,2011-11-15 21:00:00,maple valley,WA,47.4066667,-122.0375,c23jwyp,2011,11,fall,21,1.667,6,35.9,33.2,84.0,0.0,2.9,
54309,2011-11-15 21:00:00,st. petersburg,FL,27.7705556,-82.6794444,dhvjyx6,2011,11,fall,21,1.667,6,71.9,70.4,18.0,0.0,3.2,
54310,2011-11-15 21:30:00,appleton,WI,44.2619444,-88.4152778,dpc5u19,2011,11,fall,22,1.667,6,42.3,31.7,0.0,0.0,13.1,
54311,2011-11-15 21:30:00,watertown,NY,43.9747222,-75.9111111,drf40t7,2011,11,fall,22,1.667,6,46.0,43.6,5.0,0.0,7.4,
54312,2011-11-15 21:45:00,perth amboy,NJ,40.5066667,-74.2658333,dr5nqn1,2011,11,fall,22,1.667,6,57.0,49.4,100.0,0.01,3.9,
54313,2011-11-16 04:09:00,loxahatchee,FL,26.6833333,-80.28,dhwzv1t,2011,11,fall,04,1.0,4,73.3,71.7,13.0,0.0,7.5,
54314,2011-11-16 05:38:00,san bernardino,CA,34.1083333,-117.2888889,9qhd510,2011,11,fall,06,1.0,4,45.5,42.2,39.0,0.0,2.1,
54315,2011-11-16 08:00:00,irvington,AL,30.5066667,-88.2338889,dj3m81w,2011,11,fall,08,1.0,4,71.9,70.3,92.0,0.0,13.6,
54316,2011-11-16 16:00:00,springfield,OH,39.9241667,-83.8088889,dph7hgu,2011,11,fall,16,1.0,4,48.9,33.7,88.0,0.0,10.2,
54317,2011-11-16 17:20:00,mauston (in country),WI,43.7972222,-90.0772222,9zzcnjp,2011,11,fall,17,1.0,4,36.3,10.2,65.0,0.0,10.7,
54318,2011-11-16 17:40:00,kayenta,AZ,36.7277778,-110.2538889,9w98gn5,2011,11,fall,18,1.0,4,43.4,25.8,15.0,0.0,2.9,
54319,2011-11-16 17:50:00,coloma,WI,44.0355556,-89.5213889,dpb6dbk,2011,11,fall,18,1.0,4,33.9,10.3,61.0,0.0,9.7,
54320,2011-11-16 18:00:00,wisconsin dells,WI,43.6275,-89.7708333,dpb0jnn,2011,11,fall,18,1.0,4,35.2,10.9,57.0,0.0,9.1,
54321,2011-11-16 18:00:00,berlin,WI,43.9680556,-88.9433333,dpbf0h1,2011,11,fall,18,1.0,4,34.2,10.6,55.0,0.0,10.1,
54322,2011-11-16 18:28:00,cedar city,UT,37.6775,-113.0611111,9qxw74z,2011,11,fall,18,1.0,4,43.5,28.0,0.0,0.0,2.9,
54323,2011-11-16 18:30:00,cedar city,UT,37.6775,-113.0611111,9qxw74z,2011,11,fall,18,1.0,4,43.5,28.0,0.0,0.0,2.9,
54324,2011-11-16 19:00:00,norman,OK,35.2225,-97.4391667,9y68qsn,2011,11,fall,19,1.0,4,47.4,17.8,98.0,0.0,14.8,
54325,2011-11-16 19:30:00,madera,CA,36.9613889,-120.0597222,9qdd7bx,2011,11,fall,20,1.0,4,58.9,42.7,8.0,0.0,2.3,
54326,2011-11-16 19:45:00,freeport,IL,42.2966667,-89.6211111,dp828eg,2011,11,fall,20,1.0,4,32.1,13.9,1.0,0.0,7.0,
54327,2011-11-16 20:00:00,temecula,CA,33.4936111,-117.1475,9muww1r,2011,11,fall,20,1.0,4,59.3,53.5,1.0,0.0,2.6,
54328,2011-11-16 20:00:00,irvington,AL,30.5066667,-88.2338889,dj3m81w,2011,11,fall,20,1.0,4,70.1,68.1,17.0,0.0,8.9,
54329,2011-11-16 20:13:00,miami,FL,25.7738889,-80.1938889,dhwfx5u,2011,11,fall,20,1.0,4,76.9,70.3,14.0,0.0,3.4,
54330,2011-11-16 20:30:00,sacramento,CA,38.5816667,-121.4933333,9qce7re,2011,11,fall,20,1.0,4,55.4,44.2,94.0,0.0,3.1,
54331,2011-11-16 20:30:00,sisters,OR,44.2911111,-121.5480556,9rcefng,2011,11,fall,20,1.0,4,40.9,40.2,99.0,0.02,11.1,
54332,2011-11-16 21:00:00,haughton,LA,32.5325,-93.5038889,9vv9062,2011,11,fall,21,1.0,4,60.0,49.1,100.0,0.0,12.3,
54333,2011-11-16 21:00:00,morris,IL,41.3572222,-88.4211111,dp357bv,2011,11,fall,21,1.0,4,34.7,15.7,86.0,0.0,6.8,
54334,2011-11-16 23:00:00,pittsburg,CA,38.0280556,-121.8836111,9qc266z,2011,11,fall,23,1.0,4,49.9,48.8,1.0,0.0,4.0,
54335,2011-11-17 08:00:00,dallas,TX,32.7833333,-96.8,9vg4t20,2011,11,fall,08,0.667,3,42.1,29.9,0.0,0.0,7.6,
54336,2011-11-17 15:30:00,knoxville,TN,35.9605556,-83.9208333,dnkkd66,2011,11,fall,16,0.667,3,47.1,20.4,24.0,0.0,10.0,
54337,2011-11-17 16:30:00,phoenix,AZ,33.4483333,-112.0733333,9tbq39n,2011,11,fall,16,0.667,3,75.3,35.0,74.0,0.0,0.7,
54338,2011-11-17 17:23:00,kite,KY,37.3211111,-82.8030556,dnth7f0,2011,11,fall,17,0.667,3,42.7,19.0,35.0,0.0,11.4,
54339,2011-11-17 18:00:00,champion,OH,41.3,-80.85,dpqdbnq,2011,11,fall,18,0.667,3,35.7,15.3,41.0,0.0,10.4,
54340,2011-11-17 18:00:00,champion,OH,41.3,-80.85,dpqdbnq,2011,11,fall,18,0.667,3,35.7,15.3,41.0,0.0,10.4,
54341,2011-11-17 18:38:00,ekron,KY,37.9291667,-86.1794444,dndxyby,2011,11,fall,19,0.667,3,39.8,14.5,0.0,0.0,5.1,
54342,2011-11-17 18:45:00,pink,OK,35.2605556,-97.1194444,9y6btfz,2011,11,fall,19,0.667,3,47.0,24.0,0.0,0.0,9.0,
54343,2011-11-17 18:45:00,lake havasu city,AZ,34.4838889,-114.3216667,9qnsnt9,2011,11,fall,19,0.667,3,64.1,49.5,63.0,0.0,2.9,
54344,2011-11-17 19:30:00,bennington,IN,38.8588889,-85.1405556,dngmnd4,2011,11,fall,20,0.667,3,36.0,12.5,0.0,0.0,6.0,
54345,2011-11-17 20:10:00,falcon,CO,38.9330556,-104.6080556,9wvt7xd,2011,11,fall,20,0.667,3,30.4,16.4,0.0,0.0,7.4,
54346,2011-11-17 20:15:00,east stroudsburg,PA,40.9994444,-75.1816667,dr691pw,2011,11,fall,20,0.667,3,39.7,20.4,94.0,0.0,7.9,
54347,2011-11-17 21:00:00,ridgefield,WA,45.8152778,-122.7413889,c20swuq,2011,11,fall,21,0.667,3,38.1,37.8,96.0,0.02,9.1,
54348,2011-11-17 22:00:00,monee,IL,41.42,-87.7416667,dp3eekk,2011,11,fall,22,0.667,3,27.8,15.1,0.0,0.0,5.2,
54349,2011-11-17 23:00:00,houston,TX,29.7630556,-95.3630556,9vk1mfn,2011,11,fall,23,0.667,3,53.5,31.3,0.0,0.0,6.9,
54350,2011-11-18 00:30:00,brandon,FL,27.9375,-82.2861111,dhvqztc,2011,11,fall,00,0.0,0,67.6,54.4,3.0,0.0,12.0,
54351,2011-11-18 04:38:00,delaware,OH,40.2986111,-83.0680556,dphvm8p,2011,11,fall,05,0.0,0,25.3,14.8,0.0,0.0,3.9,
54352,2011-11-18 06:50:00,saint marys,WV,39.3916667,-81.2052778,dpn205h,2011,11,fall,07,0.0,0,29.0,20.3,0.0,0.0,3.1,
54353,2011-11-18 19:00:00,albuquerque,NM,35.0844444,-106.6505556,9whpt4g,2011,11,fall,19,0.0,0,56.1,17.3,56.0,0.0,7.6,
54354,2011-11-18 19:00:00,asheville,NC,35.6008333,-82.5541667,dnm692v,2011,11,fall,19,0.0,0,36.7,19.0,5.0,0.0,6.0,
54355,2011-11-18 20:00:00,woonsocket,RI,42.0027778,-71.5152778,drmnuwk,2011,11,fall,20,0.0,0,36.4,22.7,0.0,0.0,5.1,
54356,2011-11-18 20:18:00,fayetteville,GA,33.4486111,-84.455,djgyq1j,2011,11,fall,20,0.0,0,46.4,19.5,0.0,0.0,8.4,
54357,2011-11-18 21:00:00,oscoda,MI,44.4202778,-83.3308333,dpusxy2,2011,11,fall,21,0.0,0,43.1,26.9,100.0,0.0,17.9,
54358,2011-11-18 21:30:00,athens,OH,39.3291667,-82.1013889,dnvxexx,2011,11,fall,22,0.0,0,37.1,21.4,31.0,0.0,8.5,
54359,2011-11-18 21:36:00,mattawan,MI,42.2094444,-85.7844444,dpdbpgv,2011,11,fall,22,0.0,0,40.7,17.3,63.0,0.0,13.6,
54360,2011-11-18 22:30:00,zanesville,OH,39.9402778,-82.0133333,dpjejwz,2011,11,fall,22,0.0,0,36.4,19.8,56.0,0.0,9.5,
54361,2011-11-18 23:20:00,san antonio,TX,29.4238889,-98.4933333,9v1zqsr,2011,11,fall,23,0.0,0,66.4,59.0,24.0,0.0,10.0,
54362,2011-11-19 00:05:00,plainfield,IL,41.6269444,-88.2038889,dp3kbcg,2011,11,fall,00,0.0,0,43.2,18.9,91.0,0.0,13.4,
54363,2011-11-19 06:05:00,alma,WI,44.32,-91.9147222,9zyshkj,2011,11,fall,06,0.0,0,30.0,28.7,79.0,0.0,3.1,
54364,2011-11-19 10:00:00,spotsylvania,VA,38.2008333,-77.5894444,dqbc66j,2011,11,fall,10,0.0,0,38.9,23.3,3.0,0.0,7.9,
54365,2011-11-19 10:50:00,chester,CT,41.4030556,-72.4513889,drk7x34,2011,11,fall,11,0.0,0,45.6,30.5,69.0,0.0,11.5,
54366,2011-11-19 11:15:00,mckeesport,PA,40.3477778,-79.8644444,dppjw9h,2011,11,fall,11,0.0,0,43.8,23.2,93.0,0.0,7.8,
54367,2011-11-19 18:35:00,newnan,GA,33.3805556,-84.7997222,djgtykd,2011,11,fall,19,0.0,0,56.8,46.8,100.0,0.0,6.2,
54368,2011-11-19 21:30:00,gravette,AR,36.4219444,-94.4533333,9ykz4wm,2011,11,fall,22,0.0,0,61.6,60.6,94.0,0.0,7.1,
54369,2011-11-19 21:45:00,midland,TX,31.9972222,-102.0775,9txqj0v,2011,11,fall,22,0.0,0,62.7,23.9,62.0,0.0,7.0,
54370,2011-11-19 22:12:00,south charleston,WV,38.3683333,-81.6997222,dnvfkbs,2011,11,fall,22,0.0,0,51.7,40.8,96.0,0.0,11.6,
54371,2011-11-19 22:30:00,stafford,VA,38.4219444,-77.4086111,dqbfwd8,2011,11,fall,22,0.0,0,45.4,36.6,92.0,0.0,8.6,
54372,2011-11-19 23:00:00,nesmith,SC,33.6588889,-79.5136111,djzrqx7,2011,11,fall,23,0.0,0,55.9,54.0,25.0,0.0,4.7,
54373,2011-11-20 00:30:00,everett,WA,47.9791667,-122.2008333,c290gq2,2011,11,fall,00,0.333,2,28.1,24.5,18.0,0.0,4.8,
54374,2011-11-20 19:26:00,goldsboro,NC,35.3847222,-77.9930556,dq2931x,2011,11,fall,19,0.333,2,64.1,58.2,42.0,0.0,6.6,
54375,2011-11-20 20:05:00,snohomish,WA,47.9130556,-122.0969444,c290td7,2011,11,fall,20,0.333,2,33.8,24.8,100.0,0.0,5.6,
54376,2011-11-20 21:40:00,yakima,WA,46.6022222,-120.5047222,c2631ge,2011,11,fall,22,0.333,2,27.4,19.8,100.0,0.0,2.8,
54377,2011-11-20 22:00:00,wildomar,CA,33.5988889,-117.2791667,9mux5hr,2011,11,fall,22,0.333,2,49.8,48.6,98.0,0.06,1.8,
54378,2011-11-20 22:00:00,millbrook,AL,32.4797222,-86.3619444,djf8fbc,2011,11,fall,22,0.333,2,65.8,64.6,100.0,0.0,3.3,
54379,2011-11-21 02:19:00,woodland,CA,38.6786111,-121.7722222,9qckj10,2011,11,fall,02,1.0,4,44.9,41.4,43.0,0.0,3.8,
54380,2011-11-21 02:19:00,woodland,CA,38.6786111,-121.7722222,9qckj10,2011,11,fall,02,1.0,4,44.9,41.4,43.0,0.0,3.8,
54381,2011-11-21 13:00:00,visalia,CA,36.3302778,-119.2911111,9q7ntmw,2011,11,fall,13,1.0,4,56.1,42.0,4.0,0.0,2.5,
54382,2011-11-21 16:30:00,palm desert,CA,33.7222222,-116.3736111,9mvpzfg,2011,11,fall,16,1.0,4,65.1,39.8,5.0,0.0,2.5,
54383,2011-11-21 18:30:00,san bernardino,CA,34.1083333,-117.2888889,9qhd510,2011,11,fall,18,1.0,4,50.9,43.3,28.0,0.0,2.5,
54384,2011-11-21 19:30:00,easton,PA,40.6883333,-75.2211111,dr4x2r1,2011,11,fall,20,1.0,4,49.4,42.9,97.0,0.0,1.4,
54385,2011-11-22 03:45:00,sharpsburg,GA,33.3391667,-84.6486111,djgv9v0,2011,11,fall,04,2.667,12,61.9,60.1,84.0,0.0,5.8,
54386,2011-11-22 17:22:00,fresno,CA,36.7477778,-119.7713889,9qdc499,2011,11,fall,17,2.667,12,59.0,40.0,100.0,0.0,2.4,
54387,2011-11-22 18:00:00,lake havasu city,AZ,34.4838889,-114.3216667,9qnsnt9,2011,11,fall,18,2.667,12,66.1,40.4,7.0,0.0,2.9,
54388,2011-11-22 18:00:00,lomita,CA,33.7922222,-118.3141667,9q5b5xw,2011,11,fall,18,2.667,12,58.9,51.5,53.0,0.0,6.2,
54389,2011-11-22 18:00:00,novato,CA,38.1075,-122.5686111,9qbbfck,2011,11,fall,18,2.667,12,55.2,46.7,53.0,0.0,6.0,
54390,2011-11-22 19:00:00,east durham,NY,42.3725,-74.0961111,dre31cs,2011,11,fall,19,2.667,12,36.1,31.6,100.0,0.02,2.6,
54391,2011-11-23 00:00:00,northampton,MA,42.325,-72.6416667,drs2fcp,2011,11,fall,00,0.667,3,37.8,37.8,100.0,0.09,7.8,
54392,2011-11-23 01:45:00,independence,MO,39.0911111,-94.4152778,9yuy7s2,2011,11,fall,02,0.667,3,40.6,36.0,100.0,0.0,3.1,
54393,2011-11-23 11:00:00,anchorage,AK,61.2180556,-149.9002778,bdvkkbm,2011,11,fall,11,0.667,3,0.1,-3.4,26.0,0.0,2.8,
54394,2011-11-23 12:45:00,belton,MO,38.8119444,-94.5316667,9yuubck,2011,11,fall,13,0.667,3,50.7,39.0,0.0,0.0,6.5,
54395,2011-11-23 15:30:00,exeter,NH,42.9813889,-70.9483333,drts989,2011,11,fall,16,0.667,3,35.4,32.3,100.0,0.0,13.7,
54396,2011-11-23 20:05:00,newark,OH,40.0580556,-82.4013889,dpj7uum,2011,11,fall,20,0.667,3,43.2,34.6,0.0,0.0,4.8,
54397,2011-11-23 21:15:00,stratham,NH,43.0238889,-70.9141667,drtsf23,2011,11,fall,21,0.667,3,32.6,26.3,89.0,0.0,12.1,
54398,2011-11-23 21:35:00,goodyear,AZ,33.4352778,-112.3575,9tbn5nx,2011,11,fall,22,0.667,3,63.4,31.8,1.0,0.0,1.6,
54399,2011-11-23 22:45:00,charleston,WV,38.3497222,-81.6327778,dnvfnmk,2011,11,fall,23,0.667,3,43.9,37.5,0.0,0.0,5.9,
54400,2011-11-23 23:00:00,republic,WA,48.6483333,-118.7366667,c2esf04,2011,11,fall,23,0.667,3,35.1,34.8,19.0,0.0,4.4,
54401,2011-11-23 23:00:00,hialeah,FL,25.8572222,-80.2783333,dhwgj5p,2011,11,fall,23,0.667,3,71.7,66.1,16.0,0.0,5.3,
54402,2011-11-24 00:01:00,laguna hills,CA,33.6125,-117.7119444,9mur1qu,2011,11,fall,00,2.0,7,52.9,51.1,60.0,0.0,3.4,
54403,2011-11-24 01:00:00,boston (northwest of),MA,42.3583333,-71.0602778,drt2yzp,2011,11,fall,01,2.0,7,32.9,26.2,62.0,0.0,14.3,
54404,2011-11-24 05:55:00,broken arrow,OK,36.0525,-95.7905556,9y7vh5p,2011,11,fall,06,2.0,7,45.3,42.2,0.0,0.0,7.5,
54405,2011-11-24 05:55:00,eugene,OR,44.0522222,-123.0855556,9rb6x57,2011,11,fall,06,2.0,7,38.2,37.4,53.0,0.0,5.3,
54406,2011-11-24 08:01:00,shell lake,WI,45.7394444,-91.9252778,cbnshnw,2011,11,fall,08,2.0,7,34.8,33.1,7.0,0.0,11.2,
54407,2011-11-24 10:12:00,missoula,MT,46.8722222,-113.9930556,c2qfwhb,2011,11,fall,10,2.0,7,38.4,34.6,100.0,0.01,1.7,
54408,2011-11-24 16:45:00,waterbury,CT,41.5580556,-73.0519444,drkh3tm,2011,11,fall,17,2.0,7,47.2,36.6,3.0,0.0,4.3,
54409,2011-11-24 17:30:00,phoenix,AZ,33.4483333,-112.0733333,9tbq39n,2011,11,fall,18,2.0,7,67.9,43.8,99.0,0.0,3.4,
54410,2011-11-24 18:00:00,branson,MO,36.6436111,-93.2183333,9yt8qyb,2011,11,fall,18,2.0,7,54.8,45.6,41.0,0.0,7.5,
54411,2011-11-24 18:00:00,orlando,FL,28.5380556,-81.3794444,djn4k5j,2011,11,fall,18,2.0,7,69.3,53.6,31.0,0.0,12.1,
54412,2011-11-24 18:00:00,san jose,CA,37.3394444,-121.8938889,9q9k6jr,2011,11,fall,18,2.0,7,51.7,47.2,17.0,0.0,5.1,
54413,2011-11-24 18:25:00,roseburg,OR,43.2166667,-123.3405556,9r8mc76,2011,11,fall,18,2.0,7,44.5,39.1,99.0,0.04,10.3,
54414,2011-11-24 18:30:00,saratoga springs,NY,43.0830556,-73.785,dret0gp,2011,11,fall,18,2.0,7,38.1,34.8,99.0,0.0,2.7,
54415,2011-11-24 19:00:00,slingerlands,NY,42.6291667,-73.865,dre6x0m,2011,11,fall,19,2.0,7,38.6,35.3,96.0,0.0,2.5,
54416,2011-11-24 19:00:00,isle of palms,SC,32.7866667,-79.795,djz680x,2011,11,fall,19,2.0,7,59.5,38.1,0.0,0.0,5.1,
54417,2011-11-24 19:50:00,riverside,NJ,40.0322222,-74.9577778,dr4ewr9,2011,11,fall,20,2.0,7,47.1,38.2,0.0,0.0,6.4,
54418,2011-11-24 20:29:00,san diego,CA,32.7152778,-117.1563889,9mudn59,2011,11,fall,20,2.0,7,54.8,49.7,42.0,0.0,3.2,
54419,2011-11-24 20:30:00,raleigh,NC,35.7719444,-78.6388889,dq25d80,2011,11,fall,20,2.0,7,48.0,41.4,0.0,0.0,4.0,
54420,2011-11-24 20:45:00,lathrop,CA,37.8227778,-121.2755556,9q9z0m3,2011,11,fall,21,2.0,7,50.7,49.0,34.0,0.0,3.7,
54421,2011-11-24 20:45:00,reading,PA,40.3355556,-75.9272222,dr4j2nz,2011,11,fall,21,2.0,7,44.1,38.4,41.0,0.0,6.7,
54422,2011-11-24 21:00:00,madison,MS,32.4616667,-90.1152778,9vzbtmk,2011,11,fall,21,2.0,7,52.4,47.1,0.0,0.0,4.5,
54423,2011-11-24 21:00:00,pearl,IL,39.4597222,-90.6258333,9zp83z2,2011,11,fall,21,2.0,7,49.5,42.2,0.0,0.0,11.9,
54424,2011-11-24 21:33:00,addison,IL,41.9316667,-87.9888889,dp3qtc2,2011,11,fall,22,2.0,7,47.2,39.8,65.0,0.0,14.6,
54425,2011-11-24 21:50:00,visalia,CA,36.3302778,-119.2911111,9q7ntmw,2011,11,fall,22,2.0,7,51.3,46.1,15.0,0.0,2.7,
54426,2011-11-25 04:55:00,louisville,KY,38.2541667,-85.7594444,dng187z,2011,11,fall,05,0.0,0,40.2,38.2,0.0,0.0,6.8,
54427,2011-11-25 15:00:00,tualatin,OR,45.3841667,-122.7627778,c20dnmy,2011,11,fall,15,0.0,0,48.0,37.9,49.0,0.0,4.3,
54428,2011-11-25 18:04:00,loveland,OH,39.2688889,-84.2638889,dnup6s8,2011,11,fall,18,0.0,0,56.6,40.1,64.0,0.0,8.8,
54429,2011-11-25 18:20:00,green mountain,NC,35.9936111,-82.2591667,dnmsb0k,2011,11,fall,18,0.0,0,57.4,41.2,0.0,0.0,3.1,
54430,2011-11-25 19:00:00,trooper,PA,40.1497222,-75.4022222,dr4kkjj,2011,11,fall,19,0.0,0,50.8,41.2,32.0,0.0,7.0,
54431,2011-11-25 19:10:00,blue springs,MO,39.0169444,-94.2813889,9yuvywf,2011,11,fall,19,0.0,0,56.3,46.0,100.0,0.0,13.4,
54432,2011-11-25 19:30:00,chula vista,CA,32.64,-117.0833333,9mu9xty,2011,11,fall,20,0.0,0,55.4,52.8,0.0,0.0,4.2,
54433,2011-11-25 20:30:00,st. pete beach,FL,27.725,-82.7413889,dhvjtpj,2011,11,fall,20,0.0,0,71.5,54.9,35.0,0.0,9.1,
54434,2011-11-25 21:00:00,waterbury,CT,41.5580556,-73.0519444,drkh3tm,2011,11,fall,21,0.0,0,47.3,41.2,0.0,0.0,8.7,
54435,2011-11-25 21:30:00,hermitage,TN,36.1961111,-86.6225,dn6muv7,2011,11,fall,22,0.0,0,51.4,39.5,65.0,0.0,10.0,
54436,2011-11-25 21:30:00,st. louis park,MN,44.9483333,-93.3477778,9zvxeyd,2011,11,fall,22,0.0,0,50.2,44.9,100.0,0.0,6.7,
54437,2011-11-25 21:55:00,long beach,CA,33.7669444,-118.1883333,9q5bne1,2011,11,fall,22,0.0,0,55.2,52.4,0.0,0.0,1.3,
54438,2011-11-25 23:30:00,gainesville,FL,29.6513889,-82.325,djm2wtu,2011,11,fall,00,0.0,0,55.4,49.2,4.0,0.0,6.6,
54439,2011-11-26 05:15:00,lyndonville,NY,43.3266667,-78.3891667,dr8q2pq,2011,11,fall,05,1.667,6,49.9,39.0,79.0,0.0,12.4,
54440,2011-11-26 09:00:00,providence,RI,41.8238889,-71.4133333,drmjyvy,2011,11,fall,09,1.667,6,43.6,37.6,47.0,0.0,6.5,
54441,2011-11-26 11:45:00,auburn,WA,47.3075,-122.2272222,c23j4sh,2011,11,fall,12,1.667,6,44.9,39.9,100.0,0.0,3.2,
54442,2011-11-26 17:05:00,jerseyville,IL,39.12,-90.3283333,9yzy898,2011,11,fall,17,1.667,6,58.5,56.6,100.0,0.04,9.5,
54443,2011-11-26 18:30:00,missoula,MT,46.8722222,-113.9930556,c2qfwhb,2011,11,fall,18,1.667,6,35.5,15.7,93.0,0.0,4.6,
54444,2011-11-26 19:00:00,duryea,PA,41.3438889,-75.7388889,dr65hw2,2011,11,fall,19,1.667,6,50.3,40.2,100.0,0.0,6.0,
54445,2011-11-26 20:15:00,charlotte,NC,35.2269444,-80.8433333,dnq82kg,2011,11,fall,20,1.667,6,56.9,48.6,72.0,0.0,6.5,
54446,2011-11-26 20:30:00,vero beach,FL,27.6383333,-80.3975,dhyv4x2,2011,11,fall,20,1.667,6,72.0,58.8,62.0,0.0,8.8,
54447,2011-11-26 20:45:00,santa barbara,CA,34.4208333,-119.6972222,9q4gu4p,2011,11,fall,21,1.667,6,57.6,47.9,87.0,0.0,5.2,
54448,2011-11-26 20:45:00,san francisco,CA,37.775,-122.4183333,9q8yyk9,2011,11,fall,21,1.667,6,50.7,47.4,98.0,0.0,4.3,
54449,2011-11-26 21:00:00,layton,UT,41.0602778,-111.9702778,9x23s4c,2011,11,fall,21,1.667,6,27.7,19.6,0.0,0.0,3.1,
54450,2011-11-26 23:15:00,new york city (brooklyn),NY,40.7141667,-74.0063889,dr5regy,2011,11,fall,23,1.667,6,43.2,40.2,100.0,0.0,5.3,
54451,2011-11-27 05:15:00,holland,PA,40.1727778,-74.9930556,dr4st3p,2011,11,fall,05,0.0,0,43.0,40.2,2.0,0.0,4.3,
54452,2011-11-27 05:45:00,el monte,CA,34.0686111,-118.0266667,9qh1f4p,2011,11,fall,06,0.0,0,49.8,35.4,29.0,0.0,6.8,
54453,2011-11-27 08:00:00,ephrata,PA,40.1797222,-76.1791667,dr1udd2,2011,11,fall,08,0.0,0,41.7,39.9,98.0,0.0,4.9,
54454,2011-11-27 18:00:00,huntingtown,MD,38.6158333,-76.6133333,dqce8tg,2011,11,fall,18,0.0,0,58.4,51.6,89.0,0.0,12.5,
54455,2011-11-27 19:13:00,kayenta,AZ,36.7277778,-110.2538889,9w98gn5,2011,11,fall,19,0.0,0,45.8,8.3,0.0,0.0,1.9,
54456,2011-11-27 20:00:00,houston,TX,29.7630556,-95.3630556,9vk1mfn,2011,11,fall,20,0.0,0,47.4,20.0,0.0,0.0,10.8,
54457,2011-11-27 21:30:00,kansas city,MO,39.0997222,-94.5783333,9yuwrvf,2011,11,fall,22,0.0,0,33.6,22.6,30.0,0.0,5.3,
54458,2011-11-27 22:00:00,mayer,AZ,34.3977778,-112.2355556,9w05wjb,2011,11,fall,22,0.0,0,46.3,22.8,1.0,0.0,3.0,
54459,2011-11-27 22:43:00,madison,WI,43.0730556,-89.4011111,dp8mj9h,2011,11,fall,23,0.0,0,34.4,21.7,83.0,0.0,5.8,
54460,2011-11-28 03:05:00,santa monica,CA,34.0194444,-118.4902778,9q59x9n,2011,11,fall,03,3.333,18,49.1,41.2,63.0,0.0,8.1,
54461,2011-11-28 03:20:00,tyrone,OK,36.9541667,-101.065,9y84hpq,2011,11,fall,03,3.333,18,35.5,16.0,0.0,0.0,6.5,
54462,2011-11-28 05:45:00,helena,MT,46.5927778,-112.0352778,c82349f,2011,11,fall,06,3.333,18,27.0,23.3,98.0,0.0,5.8,
54463,2011-11-28 13:55:00,lansing,MI,42.7325,-84.5555556,dpeg5gh,2011,11,fall,14,3.333,18,40.3,28.1,77.0,0.0,4.9,
54464,2011-11-28 15:50:00,troy,NH,42.8238889,-72.1816667,drset7y,2011,11,fall,16,3.333,18,57.7,50.4,99.0,0.0,6.2,
54465,2011-11-28 17:30:00,methuen,MA,42.7261111,-71.1913889,drt7h40,2011,11,fall,18,3.333,18,57.6,50.7,99.0,0.0,7.4,
54466,2011-11-28 17:45:00,denver,CO,39.7391667,-104.9841667,9xj6542,2011,11,fall,18,3.333,18,49.9,15.4,68.0,0.0,7.2,
54467,2011-11-28 18:30:00,lake oswego,OR,45.4208333,-122.6694444,c20f2sd,2011,11,fall,18,3.333,18,42.7,36.5,42.0,0.0,5.3,
54468,2011-11-28 21:00:00,sturgeon bay,WI,44.8341667,-87.3769444,dpcz59y,2011,11,fall,21,3.333,18,34.4,27.3,0.0,0.0,6.4,
54469,2011-11-28 21:28:00,austin,TX,30.2669444,-97.7427778,9v6kpvc,2011,11,fall,21,3.333,18,48.7,36.0,0.0,0.0,5.9,
54470,2011-11-29 03:35:00,marquette,MI,46.5436111,-87.3952778,f03bg30,2011,11,fall,04,1.0,4,37.2,30.8,85.0,0.0,14.7,
54471,2011-11-29 06:50:00,bellingham,WA,48.7597222,-122.4869444,c28vksr,2011,11,fall,07,1.0,4,39.3,34.8,100.0,0.0,2.1,
54472,2011-11-29 09:30:00,canby,OR,45.2630556,-122.6913889,c20c2pf,2011,11,fall,10,1.0,4,37.9,34.8,86.0,0.0,1.7,
54473,2011-11-29 16:00:00,payson,AZ,34.2308333,-111.3244444,9w0fdz8,2011,11,fall,16,1.0,4,63.5,24.8,0.0,0.0,2.6,
54474,2011-11-29 17:00:00,alameda,CA,37.7652778,-122.2405556,9q9nf6g,2011,11,fall,17,1.0,4,59.6,49.2,0.0,0.0,3.8,
54475,2011-11-29 18:00:00,keithville,LA,32.3330556,-93.8361111,9vtrbwn,2011,11,fall,18,1.0,4,53.4,37.2,1.0,0.0,6.8,
54476,2011-11-29 18:30:00,glendora,CA,34.1361111,-117.8644444,9qh4jym,2011,11,fall,18,1.0,4,67.1,51.2,64.0,0.0,0.5,
54477,2011-11-29 18:30:00,socorro,NM,34.0583333,-106.8908333,9w5cz8h,2011,11,fall,18,1.0,4,54.1,34.2,0.0,0.0,1.6,
54478,2011-11-29 19:30:00,grass valley,CA,39.2191667,-121.06,9qczj5w,2011,11,fall,20,1.0,4,45.9,38.1,0.0,0.0,4.3,
54479,2011-11-29 20:00:00,chandler,AZ,33.3061111,-111.8405556,9tbmrp0,2011,11,fall,20,1.0,4,60.5,31.1,0.0,0.0,3.5,
54480,2011-11-29 22:42:00,st. louis,MO,38.6272222,-90.1977778,9yzgerz,2011,11,fall,23,1.0,4,35.6,19.9,35.0,0.0,8.4,
54481,2011-11-29 23:59:00,walterboro,SC,32.905,-80.6669444,djyehqh,2011,11,fall,00,1.0,4,49.0,48.6,100.0,0.08,8.2,
54482,2011-11-30 08:00:00,santa rosa,CA,38.4405556,-122.7133333,9qbdxtf,2011,11,fall,08,2.333,9,39.5,37.1,35.0,0.0,4.3,
54483,2011-11-30 09:30:00,elkton,MD,39.6066667,-75.8336111,dr41665,2011,11,fall,10,2.333,9,45.8,37.9,2.0,0.0,8.9,
54484,2011-11-30 13:45:00,miami (kendall),FL,25.7738889,-80.1938889,dhwfx5u,2011,11,fall,14,2.333,9,71.8,52.4,12.0,0.0,6.5,
54485,2011-11-30 18:45:00,raleigh,NC,35.7719444,-78.6388889,dq25d80,2011,11,fall,19,2.333,9,46.6,31.3,0.0,0.0,5.0,
54486,2011-11-30 19:00:00,eugene,OR,44.0522222,-123.0855556,9rb6x57,2011,11,fall,19,2.333,9,42.9,40.9,4.0,0.0,5.4,
54487,2011-11-30 20:30:00,monticello,IN,40.7452778,-86.7647222,dp4rc97,2011,11,fall,20,2.333,9,32.9,20.3,6.0,0.0,4.8,
54488,2011-11-30 21:20:00,koshkonong,MO,36.5958333,-91.6455556,9ywb4w1,2011,11,fall,21,2.333,9,34.3,22.7,2.0,0.0,6.5,
54489,2011-11-30 22:30:00,greensburg,IN,39.3372222,-85.4836111,dngpyc0,2011,11,fall,22,2.333,9,32.6,23.4,0.0,0.0,3.6,
54490,2011-12-01 00:05:00,farmingdale,NY,40.7325,-73.4458333,dr5z8xn,2011,12,winter,00,0.0,0,45.5,33.8,11.0,0.0,14.7,
54491,2011-12-01 00:10:00,blaine,WA,48.9938889,-122.7458333,c28wwz5,2011,12,winter,00,0.0,0,34.5,31.3,23.0,0.0,4.2,
54492,2011-12-01 01:30:00,kirkland,WA,47.6816667,-122.2075,c23p705,2011,12,winter,02,0.0,0,33.1,32.4,83.0,0.0,3.3,
54493,2011-12-01 02:00:00,natchitoches,LA,31.7605556,-93.0861111,9vtu9vb,2011,12,winter,02,0.0,0,39.5,34.6,0.0,0.0,5.6,
54494,2011-12-01 05:00:00,burton,MI,42.9994444,-83.6163889,dpss97b,2011,12,winter,05,0.0,0,23.1,19.8,98.0,0.0,5.4,
54495,2011-12-01 06:06:00,bishop,CA,37.3636111,-118.3941667,9qeu9cg,2011,12,winter,06,0.0,0,29.7,22.0,32.0,0.0,9.0,
54496,2011-12-01 07:30:00,bemidji,MN,47.4736111,-94.88,cbkw0fq,2011,12,winter,08,0.0,0,20.8,10.1,69.0,0.0,10.8,
54497,2011-12-01 15:30:00,durham,NC,35.9938889,-78.8988889,dnruu87,2011,12,winter,16,0.0,0,53.0,27.3,0.0,0.0,3.2,
54498,2011-12-01 17:10:00,gastonia,NC,35.2619444,-81.1875,dnq28e1,2011,12,winter,17,0.0,0,52.4,32.8,0.0,0.0,1.1,
54499,2011-12-01 18:00:00,davie,FL,26.0625,-80.2333333,dhwuq0x,2011,12,winter,18,0.0,0,70.3,58.1,46.0,0.01,10.6,
54500,2011-12-01 18:10:00,davie,FL,26.0625,-80.2333333,dhwuq0x,2011,12,winter,18,0.0,0,70.3,58.1,46.0,0.01,10.6,
54501,2011-12-01 19:00:00,holden beach,NC,33.9133333,-78.3041667,dq02fjs,2011,12,winter,19,0.0,0,50.8,33.2,0.0,0.0,8.9,
54502,2011-12-01 19:00:00,louisville,KY,38.2541667,-85.7594444,dng187z,2011,12,winter,19,0.0,0,40.0,32.1,19.0,0.0,4.1,
54503,2011-12-01 19:00:00,rogers,AR,36.3319444,-94.1183333,9ymndq1,2011,12,winter,19,0.0,0,47.6,38.0,6.0,0.0,5.8,
54504,2011-12-01 19:30:00,myrtle beach,SC,33.6888889,-78.8869444,djzzsuu,2011,12,winter,20,0.0,0,49.4,35.8,0.0,0.0,7.3,
54505,2011-12-01 19:45:00,manassas,VA,38.7508333,-77.4755556,dqbumn2,2011,12,winter,20,0.0,0,41.0,31.5,0.0,0.0,2.4,
54506,2011-12-01 22:00:00,palm springs,CA,33.8302778,-116.5444444,9qj07yw,2011,12,winter,22,0.0,0,51.6,37.0,98.0,0.0,1.9,
54507,2011-12-01 22:30:00,burke,VA,38.7933333,-77.2719444,dqch9wh,2011,12,winter,22,0.0,0,40.7,32.4,0.0,0.0,3.5,
54508,2011-12-01 23:15:00,new york city (brooklyn),NY,40.7141667,-74.0063889,dr5regy,2011,12,winter,23,0.0,0,36.4,32.4,0.0,0.0,4.9,
54509,2011-12-02 01:30:00,portland,OR,45.5236111,-122.675,c20fbrq,2011,12,winter,02,1.0,4,34.7,30.9,54.0,0.0,5.2,
54510,2011-12-02 02:00:00,charlotte,NC,35.2269444,-80.8433333,dnq82kg,2011,12,winter,02,1.0,4,37.7,31.7,0.0,0.0,5.1,
54511,2011-12-02 06:30:00,yakima,WA,46.6022222,-120.5047222,c2631ge,2011,12,winter,06,1.0,4,28.2,22.2,38.0,0.0,4.3,
54512,2011-12-02 07:00:00,mifflintown,PA,40.5697222,-77.3972222,dr0yyc3,2011,12,winter,07,1.0,4,29.2,26.9,87.0,0.0,2.2,
54513,2011-12-02 16:00:00,fishers,IN,39.9555556,-86.0138889,dp4g69w,2011,12,winter,16,1.0,4,38.4,32.9,100.0,0.0,4.9,
54514,2011-12-02 17:20:00,redding,CA,40.5866667,-122.3905556,9r0yyut,2011,12,winter,17,1.0,4,60.0,35.8,0.0,0.0,3.4,
54515,2011-12-02 18:10:00,concord,NC,35.4086111,-80.5797222,dnq9qmg,2011,12,winter,18,1.0,4,53.7,42.9,0.0,0.0,1.2,
54516,2011-12-02 19:00:00,lancaster,OH,39.7136111,-82.5994444,dpj3bms,2011,12,winter,19,1.0,4,39.3,33.0,12.0,0.0,3.8,
54517,2011-12-02 19:00:00,salisbury,NC,35.6708333,-80.4744444,dnqfbv8,2011,12,winter,19,1.0,4,51.8,41.4,0.0,0.0,2.9,
54518,2011-12-02 21:10:00,bel air,MD,39.5358333,-76.3486111,dr18ytk,2011,12,winter,21,1.0,4,42.1,31.0,0.0,0.0,9.6,
54519,2011-12-02 21:30:00,pompano beach,FL,26.2375,-80.125,dhxj28q,2011,12,winter,22,1.0,4,70.4,55.2,61.0,0.0,10.6,
54520,2011-12-02 22:00:00,milford,MI,42.5936111,-83.5994444,dpsd39u,2011,12,winter,22,1.0,4,23.9,21.3,32.0,0.0,6.8,
54521,2011-12-02 22:20:00,east dorset,VT,43.2397222,-73.0097222,drsjfxe,2011,12,winter,22,1.0,4,33.6,32.1,20.0,0.0,4.7,
54522,2011-12-02 23:00:00,muncie,IN,40.1933333,-85.3863889,dp5k8uz,2011,12,winter,23,1.0,4,32.3,29.6,0.0,0.0,8.0,
54523,2011-12-02 23:00:00,medford,OR,42.3266667,-122.8744444,9r88gcm,2011,12,winter,23,1.0,4,32.5,29.9,0.0,0.0,1.4,
54524,2011-12-02 23:20:00,duck key,FL,24.7705556,-80.9122222,dhqkyv3,2011,12,winter,23,1.0,4,74.2,58.6,85.0,0.0,21.7,
54525,2011-12-03 00:00:00,yakima,WA,46.6022222,-120.5047222,c2631ge,2011,12,winter,00,1.333,5,25.3,18.4,0.0,0.0,3.5,
54526,2011-12-03 02:30:00,mojave,CA,35.0525,-118.1730556,9q5zqvj,2011,12,winter,02,1.333,5,33.4,23.5,0.0,0.0,4.1,
54527,2011-12-03 04:25:00,st. louis (afton),MO,38.6272222,-90.1977778,9yzgerz,2011,12,winter,04,1.333,5,44.9,36.4,100.0,0.0,9.3,
54528,2011-12-03 17:00:00,temple hills,MD,38.8138889,-76.9458333,dqckc1c,2011,12,winter,17,1.333,5,45.6,32.3,34.0,0.0,3.9,
54529,2011-12-03 17:45:00,hays,NC,36.2497222,-81.1158333,dnqq4pj,2011,12,winter,18,1.333,5,45.2,33.7,100.0,0.0,3.0,
54530,2011-12-03 18:30:00,springboro,OH,39.5522222,-84.2333333,dph150r,2011,12,winter,18,1.333,5,50.6,37.5,67.0,0.0,6.8,
54531,2011-12-03 18:46:00,locust grove,GA,33.3458333,-84.1091667,djujwn3,2011,12,winter,19,1.333,5,51.8,35.5,87.0,0.0,6.8,
54532,2011-12-03 18:54:00,loganville,GA,33.8388889,-83.9008333,dnh2db1,2011,12,winter,19,1.333,5,50.9,36.4,67.0,0.0,7.2,
54533,2011-12-03 18:58:00,middletown,OH,39.515,-84.3983333,dp5bz3r,2011,12,winter,19,1.333,5,49.2,36.2,9.0,0.0,7.8,
54534,2011-12-03 18:59:00,springboro,OH,39.5522222,-84.2333333,dph150r,2011,12,winter,19,1.333,5,48.7,36.2,10.0,0.0,7.9,
54535,2011-12-03 19:00:00,dayton,OH,39.7588889,-84.1916667,dph4hjv,2011,12,winter,19,1.333,5,48.3,36.9,12.0,0.0,8.1,
54536,2011-12-03 19:15:00,weaverville,NC,35.6969444,-82.5608333,dnm7163,2011,12,winter,19,1.333,5,41.5,29.6,94.0,0.0,6.2,
54537,2011-12-03 19:30:00,vienna,OH,41.2377778,-80.6644444,dpqds7j,2011,12,winter,20,1.333,5,38.5,32.5,99.0,0.0,8.6,
54538,2011-12-03 21:35:00,jacksonville beach,FL,30.2944444,-81.3933333,djqh7fg,2011,12,winter,22,1.333,5,66.9,56.7,39.0,0.0,10.6,
54539,2011-12-03 22:13:00,new albany,IN,38.2855556,-85.8241667,dnfcz18,2011,12,winter,22,1.333,5,46.8,35.5,13.0,0.0,9.9,
54540,2011-12-03 22:15:00,sherwood,OR,45.3566667,-122.8388889,c20dh8z,2011,12,winter,22,1.333,5,31.8,28.7,56.0,0.0,1.3,
54541,2011-12-04 01:00:00,manchester,CT,41.7758333,-72.5219444,drkmttp,2011,12,winter,01,0.333,2,33.7,31.3,99.0,0.0,5.0,
54542,2011-12-04 01:35:00,torrance,CA,33.8358333,-118.3397222,9q5b7pe,2011,12,winter,02,0.333,2,43.4,24.6,0.0,0.0,6.7,
54543,2011-12-04 03:05:00,national city,CA,32.6780556,-117.0983333,9mu9zkg,2011,12,winter,03,0.333,2,43.6,40.8,0.0,0.0,4.8,
54544,2011-12-04 18:17:00,capitola,CA,36.9752778,-121.9522222,9q962gj,2011,12,winter,18,0.333,2,52.8,44.4,0.0,0.0,5.4,
54545,2011-12-04 19:30:00,alexandria,VA,38.8047222,-77.0472222,dqchy8p,2011,12,winter,20,0.333,2,46.7,43.8,66.0,0.0,6.0,
54546,2011-12-04 20:00:00,greenville,NC,35.6125,-77.3666667,dq2fx7p,2011,12,winter,20,0.333,2,54.5,51.0,46.0,0.0,4.5,
54547,2011-12-04 20:00:00,staunton,VA,38.1494444,-79.0719444,dnzc08v,2011,12,winter,20,0.333,2,42.7,39.3,22.0,0.0,5.6,
54548,2011-12-04 21:17:00,anchorage,AK,61.2180556,-149.9002778,bdvkkbm,2011,12,winter,21,0.333,2,34.3,24.9,98.0,0.0,11.3,
54549,2011-12-05 01:00:00,cuero,TX,29.0936111,-97.2888889,9v4vd0k,2011,12,winter,01,0.0,0,53.0,50.0,100.0,0.01,11.3,
54550,2011-12-05 05:45:00,laguna hills,CA,33.6125,-117.7119444,9mur1qu,2011,12,winter,06,0.0,0,41.6,40.0,0.0,0.0,4.5,
54551,2011-12-05 06:45:00,billings,MT,45.7833333,-108.5,c84u7n8,2011,12,winter,07,0.0,0,14.5,3.4,1.0,0.0,5.2,
54552,2011-12-05 07:05:00,orlando,FL,28.5380556,-81.3794444,djn4k5j,2011,12,winter,07,0.0,0,62.7,59.8,52.0,0.0,4.7,
54553,2011-12-05 17:35:00,king george,VA,38.2680556,-77.1847222,dqc1ew7,2011,12,winter,18,0.0,0,55.3,52.0,99.0,0.0,5.8,
54554,2011-12-05 20:20:00,bel air,MD,39.5358333,-76.3486111,dr18ytk,2011,12,winter,20,0.0,0,50.9,49.2,100.0,0.04,4.3,
54555,2011-12-05 21:00:00,renton,WA,47.4830556,-122.2158333,c23n4uj,2011,12,winter,21,0.0,0,34.1,30.5,18.0,0.0,2.2,
54556,2011-12-05 21:00:00,melbourne beach,FL,28.0680556,-80.5605556,dhyxwv9,2011,12,winter,21,0.0,0,70.3,61.1,47.0,0.0,4.0,
54557,2011-12-05 22:00:00,monterey,CA,36.6002778,-121.8936111,9q924nz,2011,12,winter,22,0.0,0,45.1,40.5,0.0,0.0,3.3,
54558,2011-12-06 00:00:00,flat lick,KY,36.8288889,-83.7702778,dns3tb2,2011,12,winter,00,0.0,0,54.8,54.7,100.0,0.04,7.3,
54559,2011-12-06 00:10:00,winnetka,CA,34.2133333,-118.5711111,9q5dtu7,2011,12,winter,00,0.0,0,42.0,21.4,0.0,0.0,4.9,
54560,2011-12-06 05:26:00,glendale,CA,34.1425,-118.2541667,9q5fjp3,2011,12,winter,05,0.0,0,34.7,14.4,0.0,0.0,5.9,
54561,2011-12-06 18:00:00,reseda,CA,34.2011111,-118.5355556,9q5dwdj,2011,12,winter,18,0.0,0,56.4,23.5,0.0,0.0,3.6,
54562,2011-12-06 18:02:00,eureka,CA,40.8022222,-124.1625,9pr8neg,2011,12,winter,18,0.0,0,47.8,44.0,16.0,0.0,2.8,
54563,2011-12-06 19:00:00,lansing,MI,42.7325,-84.5555556,dpeg5gh,2011,12,winter,19,0.0,0,31.0,22.9,91.0,0.0,3.1,
54564,2011-12-06 20:34:00,fresno,CA,36.7477778,-119.7713889,9qdc499,2011,12,winter,21,0.0,0,43.4,29.4,15.0,0.0,2.4,
54565,2011-12-07 06:00:00,brainerd,MN,46.3580556,-94.2005556,cbjp8rj,2011,12,winter,06,0.0,0,22.8,6.5,99.0,0.0,6.3,
54566,2011-12-07 06:20:00,canon city,CO,38.4,-105.2166667,9wv4mwx,2011,12,winter,06,0.0,0,9.5,1.2,0.0,0.0,7.4,
54567,2011-12-07 07:23:00,mount shasta,CA,41.31,-122.3094444,9r350b2,2011,12,winter,07,0.0,0,33.7,25.1,30.0,0.0,3.4,
54568,2011-12-07 11:19:00,st. louis,MO,38.6272222,-90.1977778,9yzgerz,2011,12,winter,11,0.0,0,32.2,22.0,4.0,0.0,7.2,
54569,2011-12-07 11:30:00,johnstown,PA,40.3266667,-78.9222222,dppvkj4,2011,12,winter,12,0.0,0,40.5,40.4,100.0,0.07,4.0,
54570,2011-12-07 13:35:00,lenzburg,IL,38.2872222,-89.8172222,dnb1u1v,2011,12,winter,14,0.0,0,38.6,22.1,19.0,0.0,8.1,
54571,2011-12-07 18:00:00,visalia,CA,36.3302778,-119.2911111,9q7ntmw,2011,12,winter,18,0.0,0,52.0,27.4,0.0,0.0,3.5,
54572,2011-12-07 20:00:00,sarona,WI,45.7111111,-91.8063889,cbnsnck,2011,12,winter,20,0.0,0,21.7,13.6,1.0,0.0,8.9,
54573,2011-12-07 20:30:00,doyleville,CO,38.4516667,-106.6088889,9wu4wpc,2011,12,winter,20,0.0,0,23.3,11.6,0.0,0.0,4.4,
54574,2011-12-07 23:25:00,whitehall,OH,39.9666667,-82.8855556,dpj53gs,2011,12,winter,23,0.0,0,30.3,18.6,0.0,0.0,9.4,
54575,2011-12-07 23:30:00,johnstown,PA,40.3266667,-78.9222222,dppvkj4,2011,12,winter,00,0.0,0,45.4,45.0,100.0,0.0,2.2,
54576,2011-12-08 00:00:00,metter,GA,32.3969444,-82.0602778,djv8k9t,2011,12,winter,00,0.333,2,43.7,31.9,0.0,0.0,13.3,
54577,2011-12-08 01:13:00,downingtown,PA,40.0063889,-75.7036111,dr45t6f,2011,12,winter,01,0.333,2,37.2,36.9,100.0,0.14,14.4,
54578,2011-12-08 02:15:00,boston,MA,42.3583333,-71.0602778,drt2yzp,2011,12,winter,02,0.333,2,42.9,42.7,100.0,0.08,13.9,
54579,2011-12-08 11:40:00,sacramento,CA,38.5816667,-121.4933333,9qce7re,2011,12,winter,12,0.333,2,49.7,31.6,8.0,0.0,0.9,
54580,2011-12-08 17:10:00,saranac lake,NY,44.3294444,-74.1316667,drgk1jf,2011,12,winter,17,0.333,2,30.0,15.8,22.0,0.0,11.2,
54581,2011-12-08 18:35:00,early branch,SC,32.7455556,-80.9280556,djy6q3j,2011,12,winter,19,0.333,2,50.6,26.5,25.0,0.0,3.4,
54582,2011-12-08 19:30:00,chester,IL,37.9136111,-89.8219444,dn8psjc,2011,12,winter,20,0.333,2,35.2,24.7,89.0,0.0,6.5,
54583,2011-12-08 21:00:00,spartanburg,SC,34.9494444,-81.9322222,dnjwzd6,2011,12,winter,21,0.333,2,39.6,32.7,83.0,0.0,3.6,
54584,2011-12-08 22:30:00,north myrtle beach,SC,33.8158333,-78.6802778,dq003ef,2011,12,winter,22,0.333,2,47.3,37.2,98.0,0.0,5.2,
54585,2011-12-08 23:00:00,pilot mountain,NC,36.3863889,-80.4697222,dnqybzg,2011,12,winter,23,0.333,2,38.4,30.1,92.0,0.0,3.6,
54586,2011-12-08 23:00:00,charlotte,NC,35.2269444,-80.8433333,dnq82kg,2011,12,winter,23,0.333,2,36.8,29.7,95.0,0.0,3.8,
54587,2011-12-08 23:50:00,cumming,GA,34.2072222,-84.1402778,dnh4t74,2011,12,winter,00,0.333,2,37.1,28.3,85.0,0.0,11.4,
54588,2011-12-09 01:00:00,longs,SC,33.9383333,-78.7333333,dq0106k,2011,12,winter,01,2.0,7,48.3,40.1,100.0,0.0,5.1,
54589,2011-12-09 05:00:00,brinnon,WA,47.6794444,-122.8969444,c22x5rv,2011,12,winter,05,2.0,7,37.1,33.9,15.0,0.0,2.6,
54590,2011-12-09 14:20:00,sarasota,FL,27.3361111,-82.5308333,dhv79bq,2011,12,winter,14,2.0,7,75.9,62.5,60.0,0.0,1.8,
54591,2011-12-09 17:50:00,decatur,IL,39.8402778,-88.9547222,dp0dxu9,2011,12,winter,18,2.0,7,28.8,12.7,0.0,0.0,4.8,
54592,2011-12-09 19:00:00,alice,TX,27.7519444,-98.0694444,9ufmbkh,2011,12,winter,19,2.0,7,67.2,57.2,100.0,0.0,8.2,
54593,2011-12-09 20:00:00,hardin,MT,45.7325,-107.6113889,c85kpjr,2011,12,winter,20,2.0,7,27.7,16.0,0.0,0.0,7.5,
54594,2011-12-09 21:00:00,boston,MA,42.3583333,-71.0602778,drt2yzp,2011,12,winter,21,2.0,7,41.0,36.9,8.0,0.0,7.9,
54595,2011-12-09 21:00:00,san antonio,TX,29.4238889,-98.4933333,9v1zqsr,2011,12,winter,21,2.0,7,58.0,51.9,97.0,0.0,9.2,
54596,2011-12-09 21:30:00,provincetown,MA,42.0583333,-70.1791667,drqp703,2011,12,winter,22,2.0,7,51.3,43.3,13.0,0.0,17.8,
54597,2011-12-09 23:30:00,sarasota,FL,27.3361111,-82.5308333,dhv79bq,2011,12,winter,00,2.0,7,61.8,54.3,96.0,0.0,8.9,
54598,2011-12-09 23:32:00,sarasota,FL,27.3361111,-82.5308333,dhv79bq,2011,12,winter,00,2.0,7,61.8,54.3,96.0,0.0,8.9,
54599,2011-12-10 13:00:00,perryville,MO,37.7241667,-89.8611111,dn8ne5m,2011,12,winter,13,0.667,3,35.2,15.3,0.0,0.0,1.1,
54600,2011-12-10 17:30:00,ocotillo wells (near),CA,33.1444444,-116.1333333,9mvkt3f,2011,12,winter,18,0.667,3,64.4,26.5,0.0,0.0,1.1,
54601,2011-12-10 17:50:00,florence,SC,34.1952778,-79.7627778,dnp68cn,2011,12,winter,18,0.667,3,51.1,27.6,81.0,0.0,5.2,
54602,2011-12-10 18:30:00,colorado springs,CO,38.8338889,-104.8208333,9wvkytr,2011,12,winter,18,0.667,3,33.5,14.1,0.0,0.0,4.4,
54603,2011-12-10 22:04:00,medford,NJ,39.9008333,-74.8238889,dr4fcrd,2011,12,winter,22,0.667,3,34.4,20.8,0.0,0.0,5.1,
54604,2011-12-11 00:00:00,hazard,KY,37.2494444,-83.1933333,dnsgfvh,2011,12,winter,00,1.333,5,27.3,19.8,0.0,0.0,3.4,
54605,2011-12-11 03:45:00,highland,IN,39.7944444,-87.3958333,dp1f7k2,2011,12,winter,04,1.333,5,23.9,12.7,0.0,0.0,5.6,
54606,2011-12-11 04:00:00,lathrop,CA,37.8227778,-121.2755556,9q9z0m3,2011,12,winter,04,1.333,5,35.8,32.3,98.0,0.0,1.6,
54607,2011-12-11 07:18:00,saco,ME,43.5008333,-70.4433333,drtzmp0,2011,12,winter,07,1.333,5,29.1,18.3,0.0,0.0,5.9,
54608,2011-12-11 08:42:00,yardville,NJ,40.1811111,-74.6647222,dr4usfw,2011,12,winter,09,1.333,5,29.3,17.9,0.0,0.0,3.2,
54609,2011-12-11 18:01:00,new paris,IN,41.5002778,-85.8280556,dp6unfv,2011,12,winter,18,1.333,5,32.7,21.9,0.0,0.0,6.9,
54610,2011-12-11 18:01:00,new paris,IN,41.5002778,-85.8280556,dp6unfv,2011,12,winter,18,1.333,5,32.7,21.9,0.0,0.0,6.9,
54611,2011-12-11 18:20:00,avalon,CA,33.3427778,-118.3269444,9mgvemu,2011,12,winter,18,1.333,5,55.4,46.3,92.0,0.0,2.2,
54612,2011-12-11 20:00:00,eureka springs,AR,36.4011111,-93.7377778,9ymr4fw,2011,12,winter,20,1.333,5,36.9,28.4,1.0,0.0,6.6,
54613,2011-12-11 20:01:00,belton,MO,38.8119444,-94.5316667,9yuubck,2011,12,winter,20,1.333,5,40.8,34.4,94.0,0.0,8.6,
54614,2011-12-11 20:08:00,washington,DC,38.895,-77.0366667,dqcjqbx,2011,12,winter,20,1.333,5,32.2,24.7,0.0,0.0,4.5,
54615,2011-12-11 20:30:00,hazard,KY,37.2494444,-83.1933333,dnsgfvh,2011,12,winter,20,1.333,5,32.9,22.8,11.0,0.0,4.8,
54616,2011-12-11 21:00:00,mazon,IL,41.2413889,-88.4194444,dp34egy,2011,12,winter,21,1.333,5,30.9,25.6,0.0,0.0,8.8,
54617,2011-12-12 00:00:00,yucaipa,CA,34.0336111,-117.0422222,9qhc8es,2011,12,winter,00,1.0,4,42.2,40.6,74.0,0.0,1.4,
54618,2011-12-12 01:00:00,lakewood,CO,39.7047222,-105.0808333,9xj3bu4,2011,12,winter,01,1.0,4,9.9,5.4,79.0,0.0,4.5,
54619,2011-12-12 04:30:00,tacoma,WA,47.2530556,-122.4430556,c22uvdp,2011,12,winter,04,1.0,4,33.0,31.4,32.0,0.0,4.1,
54620,2011-12-12 05:30:00,mount vernon,WA,48.4213889,-122.3327778,c2952nz,2011,12,winter,06,1.0,4,27.1,22.8,0.0,0.0,4.8,
54621,2011-12-12 18:00:00,rochester,NY,43.1547222,-77.6158333,dr8v9b1,2011,12,winter,18,1.0,4,35.9,25.4,0.0,0.0,2.9,
54622,2011-12-12 18:03:00,marathon,NY,42.4416667,-76.0325,dr9cmy6,2011,12,winter,18,1.0,4,31.1,19.8,7.0,0.0,4.9,
54623,2011-12-12 19:19:00,palo alto,CA,37.4419444,-122.1419444,9q9jh84,2011,12,winter,19,1.0,4,49.6,42.4,34.0,0.0,2.7,
54624,2011-12-12 20:11:00,lacey,WA,47.0344444,-122.8219444,c22et47,2011,12,winter,20,1.0,4,31.4,28.8,2.0,0.0,3.8,
54625,2011-12-12 23:00:00,summerville,SC,33.0183333,-80.1758333,djygzdc,2011,12,winter,23,1.0,4,47.9,41.3,92.0,0.0,7.4,
54626,2011-12-13 13:30:00,san juan capistrano,CA,33.5016667,-117.6616667,9muqddc,2011,12,winter,14,1.333,5,56.4,47.8,94.0,0.0,4.9,
54627,2011-12-13 16:00:00,canby,OR,45.2630556,-122.6913889,c20c2pf,2011,12,winter,16,1.333,5,40.9,30.6,2.0,0.0,4.2,
54628,2011-12-13 17:00:00,minneapolis,MN,44.98,-93.2636111,9zvxvsr,2011,12,winter,17,1.333,5,37.0,35.3,87.0,0.0,3.4,
54629,2011-12-13 17:00:00,newark,OH,40.0580556,-82.4013889,dpj7uum,2011,12,winter,17,1.333,5,39.7,33.0,100.0,0.0,3.3,
54630,2011-12-13 19:00:00,baxter springs,KS,37.0236111,-94.7352778,9ysds5z,2011,12,winter,19,1.333,5,49.9,45.3,100.0,0.0,9.6,
54631,2011-12-13 19:55:00,hinesville,GA,31.8466667,-81.5961111,djtvpjx,2011,12,winter,20,1.333,5,56.2,49.1,0.0,0.0,4.3,
54632,2011-12-13 22:15:00,carroll valley,PA,39.7491667,-77.3833333,dr0fph5,2011,12,winter,22,1.333,5,33.7,25.9,20.0,0.0,4.1,
54633,2011-12-13 23:30:00,tampa,FL,27.9472222,-82.4586111,dhvqgxe,2011,12,winter,00,1.333,5,66.8,61.3,6.0,0.0,10.9,
54634,2011-12-14 00:00:00,auburn,ME,44.0977778,-70.2316667,dry4cgf,2011,12,winter,00,0.667,3,32.6,29.1,96.0,0.0,6.6,
54635,2011-12-14 01:00:00,west sacramento,CA,38.5816667,-121.4933333,9qce7re,2011,12,winter,01,0.667,3,40.7,34.3,1.0,0.0,1.8,
54636,2011-12-14 12:30:00,spencer,IA,43.1413889,-95.1441667,9zsm6vw,2011,12,winter,12,0.667,3,37.8,37.7,100.0,0.0,5.0,
54637,2011-12-14 17:00:00,rocklin,CA,38.7908333,-121.2347222,9qcu9jx,2011,12,winter,17,0.667,3,51.6,35.6,91.0,0.0,2.9,
54638,2011-12-14 18:00:00,aiken county (rural),SC,33.5602778,-81.7197222,djvyumm,2011,12,winter,18,0.667,3,63.7,51.1,32.0,0.0,4.5,
54639,2011-12-14 18:16:00,leominster,MA,42.525,-71.7602778,drsczj3,2011,12,winter,18,0.667,3,38.4,32.7,100.0,0.0,3.5,
54640,2011-12-14 19:00:00,knoxville,TN,35.9605556,-83.9208333,dnkkd66,2011,12,winter,19,0.667,3,56.7,51.5,100.0,0.0,6.0,
54641,2011-12-14 20:00:00,phoenix,AZ,33.4483333,-112.0733333,9tbq39n,2011,12,winter,20,0.667,3,49.3,43.6,1.0,0.0,5.6,
54642,2011-12-14 21:00:00,saint petersburg,FL,27.7705556,-82.6794444,dhvjyx6,2011,12,winter,21,0.667,3,69.0,55.5,28.0,0.0,9.5,
54643,2011-12-14 23:00:00,berkeley,CA,37.8716667,-122.2716667,9q9p3wk,2011,12,winter,23,0.667,3,40.7,38.9,11.0,0.0,3.3,
54644,2011-12-14 23:58:00,charlotte,NC,35.2269444,-80.8433333,dnq82kg,2011,12,winter,00,0.667,3,50.0,42.7,3.0,0.0,4.7,
54645,2011-12-15 00:00:00,charlotte (s of&#44 on i-85),NC,35.2269444,-80.8433333,dnq82kg,2011,12,winter,00,0.0,0,48.8,46.0,93.0,0.0,7.1,
54646,2011-12-15 00:30:00,st. petersburg,FL,27.7705556,-82.6794444,dhvjyx6,2011,12,winter,00,0.0,0,66.3,56.9,32.0,0.0,6.1,
54647,2011-12-15 00:43:00,readfield,ME,44.3877778,-69.9672222,dryhxbe,2011,12,winter,01,0.0,0,32.9,27.8,100.0,0.0,6.4,
54648,2011-12-15 05:10:00,ashburn,VA,39.0436111,-77.4877778,dqbyhex,2011,12,winter,05,0.0,0,41.1,32.8,100.0,0.0,9.4,
54649,2011-12-15 17:30:00,laramie,WY,41.3113889,-105.5905556,9xkgj0x,2011,12,winter,18,0.0,0,15.8,9.6,0.0,0.0,5.3,
54650,2011-12-15 18:05:00,mitchell,SD,43.7094444,-98.0294444,9zf29m1,2011,12,winter,18,0.0,0,29.3,13.2,0.0,0.0,5.1,
54651,2011-12-15 19:30:00,bowling green,KY,36.9902778,-86.4436111,dndd2vv,2011,12,winter,20,0.0,0,55.3,50.8,100.0,0.0,10.2,
54652,2011-12-15 21:01:00,cochran,GA,32.3866667,-83.3547222,dju8ppy,2011,12,winter,21,0.0,0,60.3,55.1,30.0,0.0,5.2,
54653,2011-12-15 21:55:00,st. george,SC,33.1858333,-80.5758333,djysy3q,2011,12,winter,22,0.0,0,58.7,54.0,1.0,0.0,8.3,
54654,2011-12-15 22:09:00,melbourne,FL,28.0833333,-80.6083333,dhyxv8q,2011,12,winter,22,0.0,0,69.5,60.2,100.0,0.0,6.0,
54655,2011-12-15 23:30:00,perry,GA,32.4580556,-83.7316667,dju2wsu,2011,12,winter,00,0.0,0,53.7,49.0,86.0,0.0,6.5,
54656,2011-12-16 04:09:00,kansas city,MO,39.0997222,-94.5783333,9yuwrvf,2011,12,winter,04,0.0,0,25.2,19.1,0.0,0.0,3.6,
54657,2011-12-16 06:00:00,bloomington,CA,34.0702778,-117.395,9qh9bd7,2011,12,winter,06,0.0,0,34.9,29.1,0.0,0.0,4.0,
54658,2011-12-16 06:05:00,hopewell,VA,37.3041667,-77.2875,dq9h1r0,2011,12,winter,06,0.0,0,56.5,53.1,76.0,0.0,9.6,
54659,2011-12-16 12:50:00,pelham,GA,31.1275,-84.1519444,djs1j4d,2011,12,winter,13,0.0,0,69.8,58.0,26.0,0.0,6.4,
54660,2011-12-16 17:30:00,leominster,MA,42.525,-71.7602778,drsczj3,2011,12,winter,18,0.0,0,40.9,27.2,100.0,0.0,7.4,
54661,2011-12-16 18:13:00,lamartine,WI,43.7333333,-88.5686111,dpc0b96,2011,12,winter,18,0.0,0,26.4,15.0,2.0,0.0,3.1,
54662,2011-12-16 19:05:00,white bear lake,MN,45.0847222,-93.0097222,cbjb7x2,2011,12,winter,19,0.0,0,23.6,6.1,100.0,0.0,1.8,
54663,2011-12-16 19:50:00,manhattan,IL,41.4225,-87.9858333,dp37tud,2011,12,winter,20,0.0,0,26.2,19.7,93.0,0.0,4.0,
54664,2011-12-16 20:00:00,seattle,WA,47.6063889,-122.3308333,c23nb63,2011,12,winter,20,0.0,0,37.1,36.9,76.0,0.0,3.9,
54665,2011-12-16 21:00:00,manchester,CT,41.7758333,-72.5219444,drkmttp,2011,12,winter,21,0.0,0,38.1,27.7,99.0,0.0,6.0,
54666,2011-12-16 21:29:00,fresno,CA,36.7477778,-119.7713889,9qdc499,2011,12,winter,21,0.0,0,42.9,35.7,40.0,0.0,3.6,
54667,2011-12-16 21:40:00,deltona,FL,28.9002778,-81.2638889,djnhqv1,2011,12,winter,22,0.0,0,67.6,64.0,97.0,0.0,2.3,
54668,2011-12-16 22:00:00,lake havasu city,AZ,34.4838889,-114.3216667,9qnsnt9,2011,12,winter,22,0.0,0,47.5,37.6,5.0,0.0,7.2,
54669,2011-12-16 23:45:00,bellevue,WA,47.6105556,-122.1994444,c23ng71,2011,12,winter,00,0.0,0,40.3,39.8,100.0,0.0,6.2,
54670,2011-12-17 00:30:00,lame deer,MT,45.6230556,-106.6661111,c8h5sc2,2011,12,winter,00,0.0,0,31.7,15.8,13.0,0.0,6.7,
54671,2011-12-17 00:50:00,henderson,NV,36.0397222,-114.9811111,9qqjp8c,2011,12,winter,01,0.0,0,41.2,24.3,0.0,0.0,4.8,
54672,2011-12-17 06:30:00,partlow,VA,38.0386111,-77.6391667,dqbb3k8,2011,12,winter,06,0.0,0,36.2,32.7,17.0,0.0,1.8,
54673,2011-12-17 10:50:00,danby,NY,42.3522222,-76.4811111,dr98gtu,2011,12,winter,11,0.0,0,29.1,16.8,100.0,0.0,9.6,
54674,2011-12-17 17:00:00,beaufort,SC,32.4313889,-80.67,djy8krc,2011,12,winter,17,0.0,0,65.6,49.9,22.0,0.0,7.8,
54675,2011-12-17 17:50:00,new haven,MO,38.6083333,-91.2188889,9yz5sk2,2011,12,winter,18,0.0,0,37.8,30.3,16.0,0.0,6.7,
54676,2011-12-17 17:55:00,jacksonville,FL,30.3319444,-81.6558333,djmutcu,2011,12,winter,18,0.0,0,68.5,59.6,46.0,0.0,3.8,
54677,2011-12-17 18:10:00,titusville,FL,28.6119444,-80.8077778,djndc0t,2011,12,winter,18,0.0,0,72.8,59.6,4.0,0.0,2.9,
54678,2011-12-17 18:30:00,honolulu,HI,21.3069444,-157.8583333,87z9pyg,2011,12,winter,18,0.0,0,72.8,64.4,20.0,0.0,14.2,
54679,2011-12-17 18:30:00,honolulu,HI,21.3069444,-157.8583333,87z9pyg,2011,12,winter,18,0.0,0,72.8,64.4,20.0,0.0,14.2,
54680,2011-12-17 18:30:00,venice,FL,27.0994444,-82.4544444,dhv65tq,2011,12,winter,18,0.0,0,72.4,59.4,0.0,0.0,9.8,
54681,2011-12-17 18:35:00,austin,MN,43.6666667,-92.9744444,9zvbkm6,2011,12,winter,19,0.0,0,29.7,21.8,0.0,0.0,8.8,
54682,2011-12-17 18:35:00,latham,NY,42.7469444,-73.7594444,dree1tf,2011,12,winter,19,0.0,0,29.2,9.7,98.0,0.0,8.4,
54683,2011-12-17 18:45:00,tuscola,IL,39.7991667,-88.2830556,dp14rj4,2011,12,winter,19,0.0,0,35.2,27.6,63.0,0.0,6.7,
54684,2011-12-17 19:00:00,merritt island,FL,28.5388889,-80.6722222,djndk72,2011,12,winter,19,0.0,0,70.9,61.8,2.0,0.0,2.2,
54685,2011-12-17 19:00:00,hixson,TN,35.1405556,-85.2327778,dn5rump,2011,12,winter,19,0.0,0,43.6,27.1,0.0,0.0,4.1,
54686,2011-12-17 20:00:00,north scituate,RI,41.8316667,-71.5877778,drmjfzp,2011,12,winter,20,0.0,0,33.2,17.2,99.0,0.0,9.0,
54687,2011-12-17 20:00:00,oakland,CA,37.8044444,-122.2697222,9q9p1dj,2011,12,winter,20,0.0,0,51.6,38.0,0.0,0.0,3.6,
54688,2011-12-17 21:00:00,north attleboro,MA,41.9833333,-71.3333333,drmqbfb,2011,12,winter,21,0.0,0,30.9,11.1,100.0,0.0,9.6,
54689,2011-12-17 22:00:00,oak island,NC,33.9163889,-78.1613889,dq02vqk,2011,12,winter,22,0.0,0,50.1,37.1,6.0,0.0,8.4,
54690,2011-12-17 22:00:00,saint paul,MN,44.9444444,-93.0930556,9zvz9tg,2011,12,winter,22,0.0,0,26.8,20.4,1.0,0.0,4.7,
54691,2011-12-17 22:00:00,yakima,WA,46.6022222,-120.5047222,c2631ge,2011,12,winter,22,0.0,0,26.9,25.2,53.0,0.0,2.5,
54692,2011-12-18 00:00:00,redmond,WA,47.6741667,-122.1202778,c23pjnf,2011,12,winter,00,2.0,7,44.4,36.0,100.0,0.0,9.2,
54693,2011-12-18 01:00:00,el cajon,CA,32.7947222,-116.9616667,9mufd6p,2011,12,winter,01,2.0,7,42.6,41.3,62.0,0.0,2.8,
54694,2011-12-18 01:00:00,asheville,NC,35.6008333,-82.5541667,dnm692v,2011,12,winter,01,2.0,7,28.0,23.1,4.0,0.0,4.9,
54695,2011-12-18 05:30:00,lakewood,IL,41.9166667,-88.1975,dp3q3n8,2011,12,winter,06,2.0,7,23.5,20.2,40.0,0.0,5.1,
54696,2011-12-18 17:26:00,easton,MO,39.7222222,-94.6413889,9zh9yrh,2011,12,winter,17,2.0,7,52.8,40.3,82.0,0.0,12.7,
54697,2011-12-18 17:30:00,rochester,MN,44.0216667,-92.4697222,9zy4rvc,2011,12,winter,18,2.0,7,41.5,28.0,34.0,0.0,12.0,
54698,2011-12-18 18:00:00,newport news,VA,36.9786111,-76.4283333,dq9dkgf,2011,12,winter,18,2.0,7,40.8,24.0,0.0,0.0,4.3,
54699,2011-12-18 19:45:00,elk grove,IL,42.0072222,-87.9402778,dp3qyz5,2011,12,winter,20,2.0,7,38.3,31.8,0.0,0.0,14.0,
54700,2011-12-18 20:00:00,exeland,WI,45.6680556,-91.2438889,cbp5g9w,2011,12,winter,20,2.0,7,34.5,26.5,68.0,0.0,10.6,
54701,2011-12-18 20:30:00,snydersville,PA,40.9583333,-75.2919444,dr63n8n,2011,12,winter,20,2.0,7,26.5,15.1,5.0,0.0,2.5,
54702,2011-12-18 21:00:00,stella,NC,34.7741667,-77.1508333,dq1ju6k,2011,12,winter,21,2.0,7,41.4,31.5,0.0,0.0,4.7,
54703,2011-12-18 21:20:00,loxahatchee,FL,26.6833333,-80.28,dhwzv1t,2011,12,winter,21,2.0,7,66.5,56.1,1.0,0.0,6.8,
54704,2011-12-18 22:05:00,hicksville,NY,40.7683333,-73.5255556,dr5xyvs,2011,12,winter,22,2.0,7,28.6,11.5,49.0,0.0,6.7,
54705,2011-12-18 22:30:00,tucson,AZ,32.2216667,-110.9258333,9t9p7cf,2011,12,winter,22,2.0,7,41.4,40.2,64.0,0.0,1.5,
54706,2011-12-18 22:30:00,lapeer,MI,43.0513889,-83.3188889,dpsubj3,2011,12,winter,22,2.0,7,30.5,24.5,5.0,0.0,11.9,
54707,2011-12-18 23:00:00,myrtle beach,SC,33.6888889,-78.8869444,djzzsuu,2011,12,winter,23,2.0,7,45.9,32.4,0.0,0.0,5.6,
54708,2011-12-18 23:30:00,sacramento,CA,38.5816667,-121.4933333,9qce7re,2011,12,winter,00,2.0,7,39.4,33.7,0.0,0.0,5.0,
54709,2011-12-18 23:40:00,new york city (astoria; queens),NY,40.7141667,-74.0063889,dr5regy,2011,12,winter,00,2.0,7,33.2,17.6,99.0,0.0,6.4,
54710,2011-12-19 01:00:00,simpsonville,SC,34.7369444,-82.2544444,dnjt878,2011,12,winter,01,0.667,3,40.1,30.0,99.0,0.0,4.1,
54711,2011-12-19 01:30:00,pella,IA,41.4080556,-92.9161111,9zmgtdh,2011,12,winter,02,0.667,3,41.6,37.1,1.0,0.0,10.3,
54712,2011-12-19 04:45:00,freeport,FL,30.4980556,-86.1361111,dj6txbj,2011,12,winter,05,0.667,3,44.1,35.1,0.0,0.0,6.3,
54713,2011-12-19 13:15:00,wauchula,FL,27.5469444,-81.8116667,dhvudqf,2011,12,winter,13,0.667,3,72.3,50.8,3.0,0.0,10.6,
54714,2011-12-19 18:15:00,billings,MT,45.7833333,-108.5,c84u7n8,2011,12,winter,18,0.667,3,30.4,20.1,0.0,0.0,7.6,
54715,2011-12-19 20:00:00,burlington,VT,44.4758333,-73.2125,drgvn08,2011,12,winter,20,0.667,3,37.5,32.4,93.0,0.0,7.0,
54716,2011-12-19 22:15:00,shelton,CT,41.3163889,-73.0936111,drk509q,2011,12,winter,22,0.667,3,40.2,32.5,89.0,0.0,12.5,
54717,2011-12-19 22:36:00,wallingford,CT,41.4569444,-72.8236111,drk5yg5,2011,12,winter,23,0.667,3,38.0,31.5,97.0,0.0,11.1,
54718,2011-12-20 00:00:00,grand lake,CO,40.2522222,-105.8225,9xhszzw,2011,12,winter,00,1.0,4,11.4,8.5,99.0,0.0,2.1,
54719,2011-12-20 03:45:00,shorewood,IL,41.52,-88.2016667,dp3k0ym,2011,12,winter,04,1.0,4,36.9,28.3,100.0,0.0,7.2,
54720,2011-12-20 08:50:00,stanwood,WA,48.2413889,-122.3694444,c28frqj,2011,12,winter,09,1.0,4,40.8,37.3,100.0,0.0,6.5,
54721,2011-12-20 12:00:00,nashua,NH,42.7652778,-71.4680556,drt5m9n,2011,12,winter,12,1.0,4,33.3,10.9,22.0,0.0,8.2,
54722,2011-12-20 16:00:00,crooked river ranch,OR,44.4247222,-121.2372222,9rcu9pm,2011,12,winter,16,1.0,4,47.4,33.9,72.0,0.0,6.8,
54723,2011-12-20 17:30:00,friday harbor,WA,48.5344444,-123.0158333,c28s0eq,2011,12,winter,18,1.0,4,45.5,41.6,19.0,0.0,17.7,
54724,2011-12-20 18:45:00,mayville,ND,47.4980556,-97.3241667,cb6y1qf,2011,12,winter,19,1.0,4,32.4,17.8,70.0,0.0,7.5,
54725,2011-12-20 19:15:00,san francisco,CA,37.775,-122.4183333,9q8yyk9,2011,12,winter,19,1.0,4,50.8,39.3,15.0,0.0,2.6,
54726,2011-12-20 20:00:00,norfolk,VA,36.8466667,-76.2855556,dq9c85d,2011,12,winter,20,1.0,4,49.9,45.6,100.0,0.0,4.3,
54727,2011-12-20 20:32:00,gastonia,NC,35.2619444,-81.1875,dnq28e1,2011,12,winter,21,1.0,4,53.0,50.0,100.0,0.0,6.2,
54728,2011-12-20 21:10:00,moore,OK,35.3394444,-97.4863889,9y69j9k,2011,12,winter,21,1.0,4,36.3,27.6,85.0,0.0,9.2,
54729,2011-12-20 22:45:00,stagecoach,TX,30.1452778,-95.7133333,9v7gmzz,2011,12,winter,23,1.0,4,51.0,34.9,99.0,0.0,7.8,
54730,2011-12-20 23:00:00,san diego,CA,32.7152778,-117.1563889,9mudn59,2011,12,winter,23,1.0,4,53.1,49.1,0.0,0.0,2.5,
54731,2011-12-21 05:30:00,tampa,FL,27.9472222,-82.4586111,dhvqgxe,2011,12,winter,06,1.0,4,62.0,59.3,37.0,0.0,7.3,
54732,2011-12-21 15:00:00,anacortes,WA,48.5127778,-122.6113889,c28gczm,2011,12,winter,15,1.0,4,41.6,37.9,6.0,0.0,1.7,
54733,2011-12-21 18:00:00,bend,OR,44.0583333,-121.3141667,9rcdxkt,2011,12,winter,18,1.0,4,28.0,17.5,0.0,0.0,2.5,
54734,2011-12-21 18:15:00,trinidad,CA,41.0594444,-124.1419444,9pr9x4d,2011,12,winter,18,1.0,4,50.4,42.3,23.0,0.0,5.0,
54735,2011-12-21 20:30:00,terry,MT,46.7930556,-105.3116667,c8m45w6,2011,12,winter,20,1.0,4,22.7,17.2,2.0,0.0,7.8,
54736,2011-12-21 21:00:00,bellingham,WA,48.7597222,-122.4869444,c28vksr,2011,12,winter,21,1.0,4,36.3,35.6,86.0,0.0,2.4,
54737,2011-12-21 22:55:00,satellite beach,FL,28.1758333,-80.5902778,djn8q17,2011,12,winter,23,1.0,4,70.2,65.0,0.0,0.0,9.1,
54738,2011-12-22 00:57:00,sterling,VA,39.0061111,-77.4288889,dqbvyhf,2011,12,winter,01,0.667,3,52.9,51.9,100.0,0.0,5.2,
54739,2011-12-22 01:00:00,bayville,NJ,39.9091667,-74.1552778,dr57091,2011,12,winter,01,0.667,3,59.1,56.6,35.0,0.01,18.0,
54740,2011-12-22 08:37:00,boise (downtown area),ID,43.6136111,-116.2025,9rv25ex,2011,12,winter,09,0.667,3,17.9,4.6,0.0,0.0,4.8,
54741,2011-12-22 17:45:00,baltimore,MD,39.2902778,-76.6125,dqcx88s,2011,12,winter,18,0.667,3,53.1,47.4,100.0,0.0,5.6,
54742,2011-12-22 18:00:00,twisp,WA,48.3636111,-120.1211111,c2de4s6,2011,12,winter,18,0.667,3,25.4,15.0,0.0,0.0,3.0,
54743,2011-12-22 18:51:00,irvine,CA,33.6694444,-117.8222222,9mupwck,2011,12,winter,19,0.667,3,53.4,27.6,0.0,0.0,3.8,
54744,2011-12-22 18:57:00,monroe,OH,39.4402778,-84.3622222,dph027c,2011,12,winter,19,0.667,3,42.5,39.8,100.0,0.11,4.2,
54745,2011-12-22 19:00:00,ephrata,PA,40.1797222,-76.1791667,dr1udd2,2011,12,winter,19,0.667,3,49.4,42.8,100.0,0.0,4.4,
54746,2011-12-22 20:00:00,boise,ID,43.6136111,-116.2025,9rv25ex,2011,12,winter,20,0.667,3,26.4,10.3,0.0,0.0,4.8,
54747,2011-12-22 20:50:00,hermiston,OR,45.8405556,-119.2883333,c25hv90,2011,12,winter,21,0.667,3,28.9,24.4,0.0,0.0,2.3,
54748,2011-12-22 21:00:00,stafford springs,CT,41.9541667,-72.3027778,drkwdtw,2011,12,winter,21,0.667,3,44.2,39.0,26.0,0.0,3.4,
54749,2011-12-22 21:00:00,stafford springs,CT,41.9541667,-72.3027778,drkwdtw,2011,12,winter,21,0.667,3,44.2,39.0,26.0,0.0,3.4,
54750,2011-12-23 00:30:00,yakima,WA,46.6022222,-120.5047222,c2631ge,2011,12,winter,00,0.0,0,22.6,17.4,88.0,0.0,4.0,
54751,2011-12-23 03:00:00,conroe,TX,30.3116667,-95.4558333,9vkh7y5,2011,12,winter,03,0.0,0,49.8,44.0,91.0,0.0,8.3,
54752,2011-12-23 08:10:00,port saint lucie,FL,27.2936111,-80.3505556,dhyg78d,2011,12,winter,08,0.0,0,67.7,65.3,21.0,0.0,5.5,
54753,2011-12-23 16:30:00,spokane,WA,47.6588889,-117.425,c2krpuj,2011,12,winter,16,0.0,0,33.6,15.6,21.0,0.0,1.5,
54754,2011-12-23 16:30:00,lehighton,PA,40.8336111,-75.7141667,dr60m1d,2011,12,winter,16,0.0,0,43.3,30.0,91.0,0.0,10.1,
54755,2011-12-23 17:00:00,san diego,CA,32.7152778,-117.1563889,9mudn59,2011,12,winter,17,0.0,0,57.8,45.1,0.0,0.0,5.2,
54756,2011-12-23 17:00:00,spokane,WA,47.6588889,-117.425,c2krpuj,2011,12,winter,17,0.0,0,31.6,15.9,34.0,0.0,1.9,
54757,2011-12-23 17:14:00,spokane,WA,47.6588889,-117.425,c2krpuj,2011,12,winter,17,0.0,0,31.6,15.9,34.0,0.0,1.9,
54758,2011-12-23 18:00:00,syracuse,NY,43.0480556,-76.1477778,dr9ughw,2011,12,winter,18,0.0,0,30.7,22.0,94.0,0.0,9.0,
54759,2011-12-23 18:16:00,kalispell,MT,48.1958333,-114.3119444,c2wdnvb,2011,12,winter,18,0.0,0,29.3,15.7,56.0,0.0,5.3,
54760,2011-12-23 19:55:00,orlando,FL,28.5380556,-81.3794444,djn4k5j,2011,12,winter,20,0.0,0,73.4,59.9,17.0,0.0,3.3,
54761,2011-12-23 20:18:00,marietta,GA,33.9525,-84.55,dn5chhb,2011,12,winter,20,0.0,0,46.8,39.6,28.0,0.0,8.1,
54762,2011-12-23 20:45:00,naples,FL,26.1416667,-81.795,dhtudwy,2011,12,winter,21,0.0,0,71.2,68.2,75.0,0.0,6.2,
54763,2011-12-23 21:00:00,palmdale,CA,34.5794444,-118.1155556,9qhh8ny,2011,12,winter,21,0.0,0,43.6,2.5,85.0,0.0,4.1,
54764,2011-12-23 22:58:00,grass valley,CA,39.2191667,-121.06,9qczj5w,2011,12,winter,23,0.0,0,35.0,13.9,5.0,0.0,9.6,
54765,2011-12-24 00:00:00,hobe sound,FL,27.0591667,-80.1366667,dhz1bmy,2011,12,winter,00,1.667,6,71.3,69.3,57.0,0.0,4.4,
54766,2011-12-24 02:00:00,fairbanks,AK,64.8377778,-147.7163889,bewbyek,2011,12,winter,02,1.667,6,-9.7,-14.0,40.0,0.0,1.8,
54767,2011-12-24 04:40:00,san leandro,CA,37.725,-122.155,9q9ns79,2011,12,winter,05,1.667,6,37.8,29.3,17.0,0.0,3.9,
54768,2011-12-24 05:00:00,bradenton,FL,27.4986111,-82.575,dhvk2vy,2011,12,winter,05,1.667,6,65.3,64.8,93.0,0.0,7.5,
54769,2011-12-24 06:30:00,bradenton,FL,27.4986111,-82.575,dhvk2vy,2011,12,winter,06,1.667,6,65.2,64.5,85.0,0.0,6.7,
54770,2011-12-24 06:50:00,phoenix,AZ,33.4483333,-112.0733333,9tbq39n,2011,12,winter,07,1.667,6,32.3,25.9,0.0,0.0,6.3,
54771,2011-12-24 08:30:00,clearwater,FL,27.9655556,-82.8002778,dhvp5ff,2011,12,winter,08,1.667,6,65.5,65.1,100.0,0.0,9.0,
54772,2011-12-24 11:49:00,calistoga (2 miles outside),CA,38.5788889,-122.5786111,9qbg6xh,2011,12,winter,12,1.667,6,54.0,28.3,3.0,0.0,3.5,
54773,2011-12-24 13:30:00,tooele,UT,40.5308333,-112.2975,9x0nsd7,2011,12,winter,14,1.667,6,32.5,6.8,3.0,0.0,3.0,
54774,2011-12-24 17:45:00,olney,MD,39.1530556,-77.0672222,dqcnwr9,2011,12,winter,18,1.667,6,39.6,27.3,0.0,0.0,2.8,
54775,2011-12-24 18:00:00,bridgewater,MA,41.9902778,-70.9755556,drmwbuj,2011,12,winter,18,1.667,6,28.2,12.3,12.0,0.0,4.4,
54776,2011-12-24 18:20:00,henrico,VA,36.5925,-78.6163889,dq805j3,2011,12,winter,18,1.667,6,48.8,35.4,95.0,0.0,1.5,
54777,2011-12-24 18:30:00,sammamish,WA,47.6419444,-122.0791667,c23pn0b,2011,12,winter,18,1.667,6,42.5,40.9,53.0,0.0,6.0,
54778,2011-12-24 19:00:00,clarks green,PA,41.4927778,-75.7,dr6hj3s,2011,12,winter,19,1.667,6,25.5,14.2,0.0,0.0,2.5,
54779,2011-12-24 19:30:00,catonsville,MD,39.2719444,-76.7322222,dqcrmvj,2011,12,winter,20,1.667,6,37.7,24.5,10.0,0.0,1.4,
54780,2011-12-24 19:50:00,st. louis,MO,38.6272222,-90.1977778,9yzgerz,2011,12,winter,20,1.667,6,35.1,26.2,0.0,0.0,5.8,
54781,2011-12-24 20:00:00,grand junction,CO,39.0638889,-108.55,9wfy1zk,2011,12,winter,20,1.667,6,23.3,3.1,2.0,0.0,1.7,
54782,2011-12-24 20:00:00,hatboro,PA,40.1741667,-75.1072222,dr4sdck,2011,12,winter,20,1.667,6,34.4,17.8,0.0,0.0,1.8,
54783,2011-12-24 20:00:00,oldsmar,FL,28.0338889,-82.6652778,dhvpqzk,2011,12,winter,20,1.667,6,71.3,62.1,30.0,0.0,10.8,
54784,2011-12-24 20:00:00,spanaway,WA,47.1041667,-122.4333333,c22gvzn,2011,12,winter,20,1.667,6,37.9,36.4,95.0,0.0,4.4,
54785,2011-12-24 20:00:00,west jordan,UT,40.5,-111.95,9x0qksb,2011,12,winter,20,1.667,6,25.3,9.4,16.0,0.0,1.4,
54786,2011-12-24 20:05:00,irvine,CA,33.6694444,-117.8222222,9mupwck,2011,12,winter,20,1.667,6,58.4,40.4,0.0,0.0,3.2,
54787,2011-12-24 20:30:00,brickerville,PA,40.2258333,-76.3027778,dr1szdy,2011,12,winter,20,1.667,6,31.5,23.0,0.0,0.0,2.9,
54788,2011-12-24 20:30:00,pumpkin center,LA,30.4547222,-90.5419444,9vrt78j,2011,12,winter,20,1.667,6,54.2,45.8,54.0,0.0,6.1,
54789,2011-12-24 20:50:00,port charlotte,FL,26.9758333,-82.0908333,dhv97yz,2011,12,winter,21,1.667,6,75.4,63.7,21.0,0.0,10.3,
54790,2011-12-24 20:50:00,warminster,PA,40.2066667,-75.1,dr4sep3,2011,12,winter,21,1.667,6,33.2,19.0,0.0,0.0,2.7,
54791,2011-12-24 21:00:00,levittown,PA,40.155,-74.8291667,dr4u3jz,2011,12,winter,21,1.667,6,31.5,21.8,0.0,0.0,2.6,
54792,2011-12-24 21:10:00,gaithersburg,MD,39.1433333,-77.2016667,dqcnejz,2011,12,winter,21,1.667,6,33.2,25.2,24.0,0.0,4.4,
54793,2011-12-24 21:30:00,boise,ID,43.6136111,-116.2025,9rv25ex,2011,12,winter,22,1.667,6,26.9,11.9,0.0,0.0,6.0,
54794,2011-12-24 21:30:00,new york (long island),NY,40.7141667,-74.0063889,dr5regy,2011,12,winter,22,1.667,6,32.6,19.6,0.0,0.0,2.3,
54795,2011-12-24 21:45:00,rio rancho,NM,35.2333333,-106.6638889,9wk0ky1,2011,12,winter,22,1.667,6,20.2,10.1,0.0,0.0,2.7,
54796,2011-12-24 22:00:00,littleton,CO,39.6133333,-105.0161111,9xj3673,2011,12,winter,22,1.667,6,9.4,3.7,2.0,0.0,5.0,
54797,2011-12-24 22:00:00,pensacola,FL,30.4211111,-87.2169444,dj3vp3f,2011,12,winter,22,1.667,6,55.6,48.8,16.0,0.0,6.2,
54798,2011-12-24 22:00:00,boise,ID,43.6136111,-116.2025,9rv25ex,2011,12,winter,22,1.667,6,26.9,11.9,0.0,0.0,6.0,
54799,2011-12-24 22:15:00,boynton beach,FL,26.525,-80.0666667,dhxnfh9,2011,12,winter,22,1.667,6,71.9,66.9,36.0,0.0,5.7,
54800,2011-12-24 22:35:00,kirkland,WA,47.6816667,-122.2075,c23p705,2011,12,winter,23,1.667,6,37.5,36.1,99.0,0.0,7.4,
54801,2011-12-24 23:00:00,lenore,WV,37.7988889,-82.2869444,dntrp90,2011,12,winter,23,1.667,6,32.9,28.1,6.0,0.0,5.4,
54802,2011-12-24 23:00:00,phoenix,AZ,33.4483333,-112.0733333,9tbq39n,2011,12,winter,23,1.667,6,41.7,31.0,5.0,0.0,7.7,
54803,2011-12-24 23:50:00,fountain,CO,38.6822222,-104.7002778,9wvs13z,2011,12,winter,00,1.667,6,10.2,0.7,0.0,0.0,6.8,
54804,2011-12-25 00:00:00,medford,NY,40.8175,-73.0005556,drk04yd,2011,12,winter,00,0.0,0,32.2,21.0,10.0,0.0,1.4,
54805,2011-12-25 00:15:00,rogers,AR,36.3319444,-94.1183333,9ymndq1,2011,12,winter,00,0.0,0,30.9,26.2,16.0,0.0,4.5,
54806,2011-12-25 02:00:00,eden prairie,MN,44.8547222,-93.4705556,9zvx1j8,2011,12,winter,02,0.0,0,34.0,17.8,0.0,0.0,13.0,
54807,2011-12-25 07:22:00,west jordan,UT,40.5,-111.95,9x0qksb,2011,12,winter,07,0.0,0,16.7,3.3,4.0,0.0,1.6,
54808,2011-12-25 07:30:00,upper darby,PA,39.9283333,-75.2741667,dr47phe,2011,12,winter,08,0.0,0,29.0,24.8,12.0,0.0,4.4,
54809,2011-12-25 16:45:00,heathsville,VA,37.9175,-76.4725,dq9xeyd,2011,12,winter,17,0.0,0,48.8,35.0,97.0,0.0,8.5,
54810,2011-12-25 17:30:00,prior lake,MN,44.7133333,-93.4225,9zvw65g,2011,12,winter,18,0.0,0,34.1,24.2,2.0,0.0,4.7,
54811,2011-12-25 18:00:00,washougal,WA,45.5827778,-122.3522222,c20grf1,2011,12,winter,18,0.0,0,42.1,40.8,96.0,0.03,8.6,
54812,2011-12-25 18:15:00,defiance,MO,38.6635,-90.8184,9yz7vqk,2011,12,winter,18,0.0,0,41.8,29.8,0.0,0.0,4.8,
54813,2011-12-25 18:15:00,pompano beach,FL,26.2375,-80.125,dhxj28q,2011,12,winter,18,0.0,0,77.0,64.4,51.0,0.0,5.1,
54814,2011-12-25 18:45:00,west jordan,UT,40.5,-111.95,9x0qksb,2011,12,winter,19,0.0,0,33.7,16.7,0.0,0.0,2.6,
54815,2011-12-25 19:00:00,knoxville,TN,35.9605556,-83.9208333,dnkkd66,2011,12,winter,19,0.0,0,43.2,37.4,48.0,0.0,7.0,
54816,2011-12-25 19:30:00,bradenton,FL,27.4986111,-82.575,dhvk2vy,2011,12,winter,20,0.0,0,71.1,65.3,96.0,0.0,5.2,
54817,2011-12-25 19:30:00,holbrook,NY,40.8122222,-73.0788889,drk01j9,2011,12,winter,20,0.0,0,42.9,35.9,96.0,0.0,10.7,
54818,2011-12-25 19:55:00,burlington,WA,48.4758333,-122.3241667,c295b2y,2011,12,winter,20,0.0,0,40.3,37.5,44.0,0.02,5.2,
54819,2011-12-25 20:00:00,hanover,MA,42.1130556,-70.8125,drmxsd7,2011,12,winter,20,0.0,0,37.0,30.5,84.0,0.0,11.5,
54820,2011-12-25 20:00:00,charleston,WV,38.3497222,-81.6327778,dnvfnmk,2011,12,winter,20,0.0,0,41.3,25.6,2.0,0.0,10.9,
54821,2011-12-25 20:30:00,delray beach,FL,26.4611111,-80.0730556,dhxn9ch,2011,12,winter,20,0.0,0,73.2,65.9,25.0,0.0,3.5,
54822,2011-12-25 20:30:00,winter garden,FL,28.565,-81.5863889,djjfx2n,2011,12,winter,20,0.0,0,76.3,61.2,100.0,0.0,2.4,
54823,2011-12-25 21:00:00,cedar rapids,IA,42.0083333,-91.6438889,9zqyfx6,2011,12,winter,21,0.0,0,29.8,24.3,0.0,0.0,4.8,
54824,2011-12-25 21:00:00,helena,MT,46.5927778,-112.0352778,c82349f,2011,12,winter,21,0.0,0,22.8,17.1,21.0,0.0,6.7,
54825,2011-12-25 21:05:00,sierra vista,AZ,31.5544444,-110.3030556,9t9e9br,2011,12,winter,21,0.0,0,31.5,18.2,0.0,0.0,7.2,
54826,2011-12-25 21:15:00,sarasota,FL,27.3361111,-82.5308333,dhv79bq,2011,12,winter,21,0.0,0,69.7,66.1,98.0,0.0,6.3,
54827,2011-12-25 21:58:00,hometown,IL,41.7344444,-87.7313889,dp3t7te,2011,12,winter,22,0.0,0,33.5,25.8,0.0,0.0,5.9,
54828,2011-12-25 22:00:00,new london,NH,43.4138889,-71.9855556,drsyczm,2011,12,winter,22,0.0,0,28.1,24.4,99.0,0.0,4.1,
54829,2011-12-25 22:00:00,hickory,NC,35.7330556,-81.3413889,dnq5m11,2011,12,winter,22,0.0,0,41.0,39.3,91.0,0.0,5.4,
54830,2011-12-25 22:00:00,littleton,CO,39.6133333,-105.0161111,9xj3673,2011,12,winter,22,0.0,0,13.3,8.8,0.0,0.0,7.1,
54831,2011-12-25 23:00:00,wantagh,NY,40.6836111,-73.5105556,dr5xrnp,2011,12,winter,23,0.0,0,41.1,36.8,100.0,0.0,11.4,
54832,2011-12-25 23:50:00,the villages,FL,28.9333333,-81.9486111,djjsx5n,2011,12,winter,00,0.0,0,65.0,62.4,27.0,0.0,6.3,
54833,2011-12-26 00:00:00,junction city,KS,39.0286111,-96.8311111,9ygnh8c,2011,12,winter,00,0.0,0,31.1,26.4,0.0,0.0,3.4,
54834,2011-12-26 01:06:00,brooksville,FL,28.555,-82.3880556,djj6mnq,2011,12,winter,01,0.0,0,66.5,63.2,100.0,0.0,4.3,
54835,2011-12-26 02:17:00,seattle,WA,47.6063889,-122.3308333,c23nb63,2011,12,winter,02,0.0,0,37.8,35.8,15.0,0.0,7.5,
54836,2011-12-26 03:31:00,albany,NY,42.6525,-73.7566667,dred9ss,2011,12,winter,04,0.0,0,34.1,29.7,50.0,0.0,7.7,
54837,2011-12-26 06:30:00,phoenix,AZ,33.4483333,-112.0733333,9tbq39n,2011,12,winter,06,0.0,0,34.7,31.2,0.0,0.0,4.8,
54838,2011-12-26 07:30:00,houston,TX,29.7630556,-95.3630556,9vk1mfn,2011,12,winter,08,0.0,0,47.8,42.6,99.0,0.0,7.1,
54839,2011-12-26 19:35:00,north hollywood,CA,34.1722222,-118.3780556,9q5f6hz,2011,12,winter,20,0.0,0,60.7,22.0,0.0,0.0,2.3,
54840,2011-12-26 19:35:00,naples (about 70 miles east of),FL,26.1416667,-81.795,dhtudwy,2011,12,winter,20,0.0,0,74.9,65.2,58.0,0.0,1.9,
54841,2011-12-26 19:45:00,maugansville,MD,39.6927778,-77.745,dr09ycg,2011,12,winter,20,0.0,0,37.8,26.4,4.0,0.0,3.0,
54842,2011-12-26 19:45:00,emmett,ID,43.8736111,-116.4983333,9rv1t4b,2011,12,winter,20,0.0,0,34.7,24.0,100.0,0.0,1.4,
54843,2011-12-26 20:25:00,queensbury,NY,43.3772222,-73.6136111,drewubs,2011,12,winter,20,0.0,0,30.1,21.6,10.0,0.0,6.6,
54844,2011-12-26 21:15:00,buffalo,NY,42.8863889,-78.8786111,dpxgvp4,2011,12,winter,21,0.0,0,35.0,27.2,4.0,0.0,9.5,
54845,2011-12-26 21:30:00,morganton,NC,35.7452778,-81.685,dnmgm5n,2011,12,winter,22,0.0,0,40.5,32.9,100.0,0.0,3.4,
54846,2011-12-26 23:50:00,novi,MI,42.4805556,-83.4755556,dps9smq,2011,12,winter,00,0.0,0,31.9,25.7,16.0,0.0,10.8,
54847,2011-12-26 23:54:00,south lyon,MI,42.4605556,-83.6516667,dps983w,2011,12,winter,00,0.0,0,31.8,25.6,6.0,0.0,10.8,
54848,2011-12-27 12:53:00,santa rosa,CA,38.4405556,-122.7133333,9qbdxtf,2011,12,winter,13,0.333,2,53.5,31.7,100.0,0.0,3.5,
54849,2011-12-27 15:50:00,imperial,MO,38.3697222,-90.3783333,9yzdr2u,2011,12,winter,16,0.333,2,42.4,32.0,90.0,0.0,13.0,
54850,2011-12-27 18:30:00,redondo beach,CA,33.8491667,-118.3875,9q5bd40,2011,12,winter,18,0.333,2,60.3,42.2,0.0,0.0,6.2,
54851,2011-12-27 19:00:00,media,PA,39.9166667,-75.3880556,dr47hd8,2011,12,winter,19,0.333,2,53.2,52.5,100.0,0.15,16.6,
54852,2011-12-27 19:15:00,auburn,CA,38.8966667,-121.0758333,9qcvkbg,2011,12,winter,19,0.333,2,39.3,30.2,90.0,0.0,2.3,
54853,2011-12-27 21:45:00,security,CO,38.7583333,-104.7425,9wvs2x8,2011,12,winter,22,0.333,2,16.5,9.4,22.0,0.0,9.1,
54854,2011-12-27 22:00:00,puyallup,WA,47.1855556,-122.2916667,c23h3jv,2011,12,winter,22,0.333,2,47.2,46.3,100.0,0.13,19.1,
54855,2011-12-27 22:10:00,edwards,CO,39.645,-106.5936111,9xh1w3h,2011,12,winter,22,0.333,2,23.6,11.8,0.0,0.0,4.3,
54856,2011-12-28 12:31:00,santa barbara,CA,34.4208333,-119.6972222,9q4gu4p,2011,12,winter,13,2.0,7,70.7,36.6,0.0,0.0,1.8,
54857,2011-12-28 15:00:00,beacon,NY,41.5047222,-73.97,dr7khg8,2011,12,winter,15,2.0,7,39.0,23.3,73.0,0.0,14.9,
54858,2011-12-28 16:00:00,herculaneum,MO,38.2683333,-90.38,9yz9xqe,2011,12,winter,16,2.0,7,48.0,30.5,0.0,0.0,5.4,
54859,2011-12-28 17:50:00,chattanooga,TN,35.0455556,-85.3097222,dn5r6ez,2011,12,winter,18,2.0,7,47.4,32.6,92.0,0.0,2.5,
54860,2011-12-28 20:00:00,corpus christi,TX,27.8002778,-97.3961111,9ufwpsy,2011,12,winter,20,2.0,7,60.0,54.0,16.0,0.0,6.8,
54861,2011-12-28 21:00:00,chattanooga,TN,35.0455556,-85.3097222,dn5r6ez,2011,12,winter,21,2.0,7,40.3,32.8,3.0,0.0,3.4,
54862,2011-12-28 21:05:00,lahaina,HI,20.8783333,-156.6825,8e8wf8g,2011,12,winter,21,2.0,7,73.2,67.4,12.0,0.0,19.2,
54863,2011-12-28 21:30:00,maricopa,AZ,33.0580556,-112.0469444,9tbk461,2011,12,winter,22,2.0,7,53.7,33.1,0.0,0.0,1.8,
54864,2011-12-28 22:30:00,rocky mount,NC,35.9380556,-77.7908333,dq2smy6,2011,12,winter,22,2.0,7,42.4,27.2,85.0,0.0,6.1,
54865,2011-12-28 22:30:00,topeka,KS,39.0483333,-95.6777778,9ygynu9,2011,12,winter,22,2.0,7,38.0,31.9,26.0,0.0,8.7,
54866,2011-12-29 06:30:00,midlothian,VA,37.5058333,-77.6494444,dq8v359,2011,12,winter,06,2.0,7,31.2,23.2,50.0,0.0,5.9,
54867,2011-12-29 16:30:00,austin,TX,30.2669444,-97.7427778,9v6kpvc,2011,12,winter,16,2.0,7,66.0,43.7,0.0,0.0,6.1,
54868,2011-12-29 18:00:00,austin,TX,30.2669444,-97.7427778,9v6kpvc,2011,12,winter,18,2.0,7,63.0,46.3,0.0,0.0,5.9,
54869,2011-12-29 18:25:00,studio city,CA,34.1486111,-118.3955556,9q5f3bd,2011,12,winter,18,2.0,7,70.5,38.0,96.0,0.0,0.6,
54870,2011-12-29 18:30:00,jacksonville,FL,30.3319444,-81.6558333,djmutcu,2011,12,winter,18,2.0,7,60.2,37.2,0.0,0.0,2.1,
54871,2011-12-29 19:30:00,portsmouth,NH,43.0716667,-70.7630556,drttj8z,2011,12,winter,20,2.0,7,26.9,-0.0,71.0,0.0,12.2,
54872,2011-12-29 20:00:00,cedar falls,IA,42.5277778,-92.4452778,9zw3bmg,2011,12,winter,20,2.0,7,34.0,31.3,100.0,0.0,3.2,
54873,2011-12-29 20:10:00,new cumberland,WV,40.4966667,-80.6069444,dpnwmsp,2011,12,winter,20,2.0,7,34.8,32.0,86.0,0.0,10.3,
54874,2011-12-29 21:06:00,douglas,MA,42.0541667,-71.74,drkzpx8,2011,12,winter,21,2.0,7,26.2,8.5,94.0,0.0,6.2,
54875,2011-12-29 21:15:00,arcadia,CA,34.1397222,-118.0344444,9qh44nc,2011,12,winter,21,2.0,7,59.0,43.5,36.0,0.0,1.5,
54876,2011-12-29 21:30:00,los angeles,CA,34.0522222,-118.2427778,9q5ctr4,2011,12,winter,22,2.0,7,54.8,41.4,14.0,0.0,2.1,
54877,2011-12-29 22:00:00,anderson,CA,40.4483333,-122.2966667,9r1n156,2011,12,winter,22,2.0,7,49.7,43.8,100.0,0.0,5.7,
54878,2011-12-29 22:58:00,moncks corner,SC,33.1958333,-80.0133333,djzhg70,2011,12,winter,23,2.0,7,46.1,38.9,0.0,0.0,7.1,
54879,2011-12-29 23:00:00,morrisville,NC,35.8233333,-78.8258333,dnrgy32,2011,12,winter,23,2.0,7,42.0,32.1,13.0,0.0,7.3,
54880,2011-12-29 23:00:00,leland,NC,34.2561111,-78.045,dq0dbh1,2011,12,winter,23,2.0,7,47.0,37.3,58.0,0.0,7.5,
54881,2011-12-30 00:20:00,corydon,IN,38.2119444,-86.1219444,dnfc2hr,2011,12,winter,00,1.333,5,44.4,35.4,99.0,0.0,9.9,
54882,2011-12-30 04:47:00,north pole,AK,64.7511111,-147.3494444,bex0qgx,2011,12,winter,05,1.333,5,-37.3,-43.8,47.0,0.0,0.6,
54883,2011-12-30 18:18:00,zachary,LA,30.6483333,-91.1563889,9vrnmem,2011,12,winter,18,1.333,5,67.1,57.9,0.0,0.0,5.1,
54884,2011-12-30 19:00:00,augusta,NJ,41.1288889,-74.7286111,dr6cgx2,2011,12,winter,19,1.333,5,37.3,33.1,75.0,0.0,3.6,
54885,2011-12-30 19:00:00,orlando,FL,28.5380556,-81.3794444,djn4k5j,2011,12,winter,19,1.333,5,69.5,43.0,77.0,0.0,4.0,
54886,2011-12-30 20:00:00,morongo valley,CA,34.0469444,-116.58,9qj1enj,2011,12,winter,20,1.333,5,63.9,28.8,59.0,0.0,3.8,
54887,2011-12-30 21:15:00,yankton,SD,42.8711111,-97.3969444,9zdezsm,2011,12,winter,21,1.333,5,31.4,27.5,96.0,0.0,4.3,
54888,2011-12-30 21:50:00,fayetteville,NC,35.0525,-78.8786111,dnpzmj4,2011,12,winter,22,1.333,5,55.5,42.4,87.0,0.0,12.7,
54889,2011-12-30 22:30:00,san francisco,CA,37.775,-122.4183333,9q8yyk9,2011,12,winter,22,1.333,5,48.1,44.0,82.0,0.0,3.6,
54890,2011-12-30 23:00:00,richmond,KY,37.7477778,-84.2947222,dnsn9zf,2011,12,winter,23,1.333,5,49.2,42.1,38.0,0.0,11.1,
54891,2011-12-31 01:10:00,marysville,WA,48.0519444,-122.1758333,c2917gd,2011,12,winter,01,1.0,4,33.3,30.3,28.0,0.02,6.1,
54892,2011-12-31 17:05:00,spokane,WA,47.6588889,-117.425,c2krpuj,2011,12,winter,17,1.0,4,32.8,22.4,93.0,0.0,3.4,
54893,2011-12-31 17:15:00,shrewsbury,NJ,40.3294444,-74.0619444,dr5m6tv,2011,12,winter,17,1.0,4,52.0,47.2,13.0,0.0,5.9,
54894,2011-12-31 17:30:00,el cerrito,CA,37.9158333,-122.3105556,9q9p8y2,2011,12,winter,18,1.0,4,58.4,33.6,93.0,0.0,4.9,
54895,2011-12-31 18:30:00,acme,MI,44.7719444,-85.5013889,dpgnwq7,2011,12,winter,18,1.0,4,35.7,28.8,95.0,0.0,5.7,
54896,2011-12-31 18:30:00,arvada,CO,39.8027778,-105.0869444,9xj62ty,2011,12,winter,18,1.0,4,26.3,11.4,0.0,0.0,6.8,
54897,2011-12-31 18:30:00,bishopville,SC,34.2180556,-80.2486111,dnnftvh,2011,12,winter,18,1.0,4,61.3,39.0,0.0,0.0,5.1,
54898,2011-12-31 18:30:00,el cerrito,CA,37.9158333,-122.3105556,9q9p8y2,2011,12,winter,18,1.0,4,58.4,33.6,93.0,0.0,4.9,
54899,2011-12-31 18:30:00,marysville,WA,48.0519444,-122.1758333,c2917gd,2011,12,winter,18,1.0,4,36.8,28.9,94.0,0.0,5.1,
54900,2011-12-31 18:45:00,moore,SC,34.8333333,-81.9922222,dnjwnjp,2011,12,winter,19,1.0,4,53.1,42.7,0.0,0.0,5.6,
54901,2011-12-31 19:10:00,auburn,CA,38.8966667,-121.0758333,9qcvkbg,2011,12,winter,19,1.0,4,51.3,39.3,84.0,0.0,3.2,
54902,2011-12-31 19:25:00,kenosha,WI,42.5847222,-87.8211111,dp9d386,2011,12,winter,19,1.0,4,39.7,35.0,98.0,0.0,17.0,
54903,2011-12-31 19:30:00,elgin,SC,34.1708333,-80.7944444,dnnd3kx,2011,12,winter,20,1.0,4,53.1,41.2,0.0,0.0,4.2,
54904,2011-12-31 19:30:00,medford,OR,42.3266667,-122.8744444,9r88gcm,2011,12,winter,20,1.0,4,39.9,31.2,100.0,0.0,6.5,
54905,2011-12-31 19:31:00,st. charles,MO,38.7838889,-90.4811111,9yzsth3,2011,12,winter,20,1.0,4,51.4,31.9,3.0,0.0,13.9,
54906,2011-12-31 20:00:00,scottsdale,AZ,33.5091667,-111.8983333,9tbqtsn,2011,12,winter,20,1.0,4,58.4,44.5,0.0,0.0,3.5,
54907,2011-12-31 20:13:00,alton bay,NH,43.4686111,-71.2325,drtr714,2011,12,winter,20,1.0,4,33.8,33.2,89.0,0.0,6.0,
54908,2011-12-31 20:15:00,cedaredge,CO,38.9016667,-107.9258333,9wgm21f,2011,12,winter,20,1.0,4,14.3,4.4,0.0,0.0,1.4,
54909,2011-12-31 20:15:00,el cajon,CA,32.7947222,-116.9616667,9mufd6p,2011,12,winter,20,1.0,4,56.7,47.0,0.0,0.0,1.6,
54910,2011-12-31 20:15:00,wellton,AZ,32.6727778,-114.1461111,9mycfec,2011,12,winter,20,1.0,4,65.8,36.6,0.0,0.0,6.6,
54911,2011-12-31 20:16:00,cottonwood,AZ,34.7391667,-112.0091667,9w0mehj,2011,12,winter,20,1.0,4,47.7,31.6,76.0,0.0,5.7,
54912,2011-12-31 20:20:00,albuquerque,NM,35.0844444,-106.6505556,9whpt4g,2011,12,winter,20,1.0,4,38.9,18.9,2.0,0.0,6.3,
54913,2011-12-31 20:23:00,sedona,AZ,34.8697222,-111.7602778,9w0w2gf,2011,12,winter,20,1.0,4,43.6,31.0,36.0,0.0,7.9,
54914,2011-12-31 20:30:00,dallas,TX,32.7833333,-96.8,9vg4t20,2011,12,winter,20,1.0,4,61.7,51.9,0.0,0.0,12.1,
54915,2011-12-31 20:30:00,flagstaff (south of),AZ,35.1980556,-111.6505556,9w285rd,2011,12,winter,20,1.0,4,37.3,25.6,84.0,0.0,6.3,
54916,2011-12-31 20:30:00,lyman,UT,38.3969444,-111.5888889,9wbdktz,2011,12,winter,20,1.0,4,26.0,7.4,6.0,0.0,4.5,
54917,2011-12-31 21:00:00,birmingham,AL,33.5205556,-86.8025,djfq8y0,2011,12,winter,21,1.0,4,49.5,42.4,0.0,0.0,6.7,
54918,2011-12-31 21:00:00,cowpens,SC,35.0166667,-81.8041667,dnjz4w8,2011,12,winter,21,1.0,4,48.7,41.0,0.0,0.0,5.4,
54919,2011-12-31 21:30:00,avinger,TX,32.8997222,-94.5561111,9vug0m4,2011,12,winter,22,1.0,4,59.0,54.8,0.0,0.0,10.4,
54920,2011-12-31 21:30:00,queen creek,AZ,33.2486111,-111.6336111,9tbt5sw,2011,12,winter,22,1.0,4,53.4,41.6,0.0,0.0,2.1,
54921,2011-12-31 21:44:00,san francisco,CA,37.775,-122.4183333,9q8yyk9,2011,12,winter,22,1.0,4,46.8,37.9,63.0,0.0,4.6,
54922,2011-12-31 21:55:00,roseburg,OR,43.2166667,-123.3405556,9r8mc76,2011,12,winter,22,1.0,4,37.0,34.1,100.0,0.0,4.9,
54923,2011-12-31 22:00:00,brusly,LA,30.3941667,-91.2536111,9vrhgmp,2011,12,winter,22,1.0,4,63.7,62.5,57.0,0.0,9.0,
54924,2011-12-31 22:00:00,jensen beach,FL,27.2541667,-80.23,dhygn36,2011,12,winter,22,1.0,4,68.4,60.6,11.0,0.0,6.8,
54925,2011-12-31 22:30:00,orlando,FL,28.5380556,-81.3794444,djn4k5j,2011,12,winter,22,1.0,4,63.8,51.8,0.0,0.0,4.3,
54926,2011-12-31 22:50:00,eugene,OR,44.0522222,-123.0855556,9rb6x57,2011,12,winter,23,1.0,4,36.3,34.0,100.0,0.0,4.7,
54927,2011-12-31 23:15:00,port richey,FL,28.2713889,-82.7197222,djj0vdt,2011,12,winter,23,1.0,4,64.8,60.2,0.0,0.0,4.3,
54928,2011-12-31 23:15:00,scarborough,ME,43.5780556,-70.3222222,drtzzv0,2011,12,winter,23,1.0,4,34.8,33.8,45.0,0.0,7.5,
54929,2011-12-31 23:30:00,port saint lucie,FL,27.2936111,-80.3505556,dhyg78d,2011,12,winter,00,1.0,4,65.1,60.4,1.0,0.0,4.7,
54930,2011-12-31 23:30:00,wellington,FL,26.6583333,-80.2416667,dhwzwj1,2011,12,winter,00,1.0,4,65.7,57.8,0.0,0.0,4.5,
54931,2011-12-31 23:35:00,norwich,VT,43.7152778,-72.3083333,dru8dw4,2011,12,winter,00,1.0,4,25.5,23.3,100.0,0.0,4.8,
54932,2011-12-31 23:40:00,kennebunk,ME,43.3838889,-70.5452778,drtyf9y,2011,12,winter,00,1.0,4,34.3,31.6,100.0,0.0,6.5,
54933,2011-12-31 23:40:00,mooresville,NC,35.5847222,-80.8102778,dnqd3n5,2011,12,winter,00,1.0,4,51.5,47.7,97.0,0.0,10.4,
54934,2011-12-31 23:45:00,duck,NC,36.1694444,-75.7555556,dq6ju0k,2011,12,winter,00,1.0,4,52.4,46.8,37.0,0.0,16.1,
54935,2011-12-31 23:45:00,sarasota,FL,27.3361111,-82.5308333,dhv79bq,2011,12,winter,00,1.0,4,64.1,60.0,12.0,0.0,6.3,
54936,2011-12-31 23:45:00,gainesville,FL,29.6513889,-82.325,djm2wtu,2011,12,winter,00,1.0,4,61.0,52.4,77.0,0.0,6.7,
54937,2011-12-31 23:52:00,seattle,WA,47.6063889,-122.3308333,c23nb63,2011,12,winter,00,1.0,4,34.7,31.0,21.0,0.01,9.1,
54938,2011-12-31 23:53:00,pasadena,CA,34.1477778,-118.1436111,9q5fr86,2011,12,winter,00,1.0,4,48.1,34.7,87.0,0.0,4.5,
54939,2011-12-31 23:55:00,venice,FL,27.0994444,-82.4544444,dhv65tq,2011,12,winter,00,1.0,4,65.5,60.3,12.0,0.0,6.3,
54940,2011-12-31 23:57:00,imperial,MO,38.3697222,-90.3783333,9yzdr2u,2011,12,winter,00,1.0,4,46.2,32.5,50.0,0.0,8.7,
54941,2011-12-31 23:58:00,mesa,AZ,33.4222222,-111.8219444,9tbqpkm,2011,12,winter,00,1.0,4,48.5,39.4,0.0,0.0,3.2,
54942,2011-12-31 23:59:00,anderson,CA,40.4483333,-122.2966667,9r1n156,2011,12,winter,00,1.0,4,34.6,33.2,27.0,0.0,3.9,
54943,2011-12-31 23:59:00,anderson,CA,40.4483333,-122.2966667,9r1n156,2011,12,winter,00,1.0,4,34.6,33.2,27.0,0.0,3.9,
